time,stage,epoch,lr,train_loss,best_key,val_best,psnr_sr_rgb_sh0,psnr_sr_y_sh0,psnr_bi_rgb_sh0,psnr_bi_y_sh0,ssim_sr_rgb_sh0,ssim_bi_rgb_sh0,note
2026-03-12 00:16:28,s1_fp32,0,3.3333333333333335e-05,0.45190629720687864,psnr_sr_rgb_sh0,7.321335550071992,7.321335550071992,6.890911813481076,28.411482217395942,28.491558444822328,0.06096361957490444,0.8190449512004853,val
2026-03-12 00:17:11,s1_fp32,1,5e-05,0.3666318500041962,psnr_sr_rgb_sh0,7.179275378417242,7.179275378417242,6.850561655017653,28.411482217395942,28.491558444822328,0.06302520036697387,0.8190449512004853,val
2026-03-12 00:17:57,s1_fp32,2,6.666666666666667e-05,0.23581181436777116,psnr_sr_rgb_sh0,7.231544247609651,7.231544247609651,6.942711190791705,28.411482217395942,28.491558444822328,0.06763053957372904,0.8190449512004853,val
2026-03-12 00:18:41,s1_fp32,3,8.333333333333333e-05,0.11764403238892555,psnr_sr_rgb_sh0,7.323273572374675,7.323273572374675,7.063568437073549,28.411482217395942,28.491558444822328,0.07116177320480346,0.8190449512004853,val
2026-03-12 00:19:24,s1_fp32,4,0.0001,0.09180267944931984,psnr_sr_rgb_sh0,7.435486927473177,7.435486927473177,7.18657090728915,28.411482217395942,28.491558444822328,0.07490562060847879,0.8190449512004853,val
2026-03-12 00:20:08,s1_fp32,5,0.00011666666666666667,0.08250895515084267,psnr_sr_rgb_sh0,7.57639747698833,7.57639747698833,7.325618305721744,28.411482217395942,28.491558444822328,0.07961160156875849,0.8190449512004853,val
2026-03-12 00:20:52,s1_fp32,6,0.00013333333333333334,0.0737379938364029,psnr_sr_rgb_sh0,7.758350253368297,7.758350253368297,7.505166442404872,28.411482217395942,28.491558444822328,0.08574300324544311,0.8190449512004853,val
2026-03-12 00:21:36,s1_fp32,7,0.00015,0.062221448197960855,psnr_sr_rgb_sh0,7.984079874449082,7.984079874449082,7.728732832630239,28.411482217395942,28.491558444822328,0.09317679328843952,0.8190449512004853,val
2026-03-12 00:22:19,s1_fp32,8,0.00016666666666666666,0.056703319549560545,psnr_sr_rgb_sh0,8.227165983506033,8.227165983506033,8.019088691736133,28.411482217395942,28.491558444822328,0.1011738482862711,0.8190449512004853,val
2026-03-12 00:23:01,s1_fp32,9,0.00018333333333333334,0.053701882734894756,psnr_sr_rgb_sh0,8.485563798400218,8.485563798400218,8.354269489962817,28.411482217395942,28.491558444822328,0.10977362412959338,0.8190449512004853,val
2026-03-12 00:23:42,s1_fp32,10,0.0002,0.049475285559892654,psnr_sr_rgb_sh0,8.761493649924606,8.761493649924606,8.709837856850443,28.411482217395942,28.491558444822328,0.11943389769643545,0.8190449512004853,val
2026-03-12 00:24:23,s1_fp32,11,0.00021666666666666668,0.04486840572208166,psnr_sr_rgb_sh0,9.065266459501643,9.065266459501643,9.07415572292676,28.411482217395942,28.491558444822328,0.13029553208500147,0.8190449512004853,val
2026-03-12 00:25:04,s1_fp32,12,0.00023333333333333333,0.04213699519634247,psnr_sr_rgb_sh0,9.385750793156918,9.385750793156918,9.444308809576551,28.411482217395942,28.491558444822328,0.1420413586869836,0.8190449512004853,val
2026-03-12 00:25:46,s1_fp32,13,0.00025,0.04048831384629011,psnr_sr_rgb_sh0,9.721655629313945,9.721655629313945,9.819313738247168,28.411482217395942,28.491558444822328,0.15471807975322008,0.8190449512004853,val
2026-03-12 00:26:28,s1_fp32,14,0.0002666666666666667,0.03828157965093851,psnr_sr_rgb_sh0,10.082872835051917,10.082872835051917,10.198308066710082,28.411482217395942,28.491558444822328,0.16865513749420644,0.8190449512004853,val
2026-03-12 00:27:10,s1_fp32,15,0.00028333333333333335,0.037669857032597065,psnr_sr_rgb_sh0,10.45948718589573,10.45948718589573,10.579763067229123,28.411482217395942,28.491558444822328,0.18358540572226048,0.8190449512004853,val
2026-03-12 00:27:54,s1_fp32,16,0.0003,0.03569638077169657,psnr_sr_rgb_sh0,10.840513428021447,10.840513428021447,10.959854825951073,28.411482217395942,28.491558444822328,0.19925133839249612,0.8190449512004853,val
2026-03-12 00:28:35,s1_fp32,17,0.00031666666666666665,0.03509400479495525,psnr_sr_rgb_sh0,11.22263560867221,11.22263560867221,11.338339791208991,28.411482217395942,28.491558444822328,0.2154482189565897,0.8190449512004853,val
2026-03-12 00:29:16,s1_fp32,18,0.0003333333333333333,0.03395834699273109,psnr_sr_rgb_sh0,11.603397004541696,11.603397004541696,11.714803458625058,28.411482217395942,28.491558444822328,0.23205121085047722,0.8190449512004853,val
2026-03-12 00:29:58,s1_fp32,19,0.00035,0.033386132903397085,psnr_sr_rgb_sh0,11.98421459478749,11.98421459478749,12.090412033808233,28.411482217395942,28.491558444822328,0.2490523984283209,0.8190449512004853,val
2026-03-12 00:30:40,s1_fp32,20,0.00036666666666666667,0.03223479725420475,psnr_sr_rgb_sh0,12.3646474434537,12.3646474434537,12.46571718472629,28.411482217395942,28.491558444822328,0.2663513966649771,0.8190449512004853,val
2026-03-12 00:31:20,s1_fp32,21,0.00038333333333333334,0.0314401276782155,psnr_sr_rgb_sh0,12.745109143135794,12.745109143135794,12.841391500719288,28.411482217395942,28.491558444822328,0.28390343829989434,0.8190449512004853,val
2026-03-12 00:32:02,s1_fp32,22,0.0004,0.03089011412113905,psnr_sr_rgb_sh0,13.124156249422594,13.124156249422594,13.215873295005737,28.411482217395942,28.491558444822328,0.30153320729732513,0.8190449512004853,val
2026-03-12 00:32:43,s1_fp32,23,0.0004166666666666667,0.030984453968703748,psnr_sr_rgb_sh0,13.502921143514492,13.502921143514492,13.590528005688679,28.411482217395942,28.491558444822328,0.3192488919198513,0.8190449512004853,val
2026-03-12 00:33:24,s1_fp32,24,0.00043333333333333337,0.029662330523133277,psnr_sr_rgb_sh0,13.88216055492447,13.88216055492447,13.965735683802881,28.411482217395942,28.491558444822328,0.33709058359265326,0.8190449512004853,val
2026-03-12 00:34:06,s1_fp32,25,0.00045000000000000004,0.030203240178525447,psnr_sr_rgb_sh0,14.258066366496857,14.258066366496857,14.336833698591649,28.411482217395942,28.491558444822328,0.3548911219835281,0.8190449512004853,val
2026-03-12 00:34:47,s1_fp32,26,0.00046666666666666666,0.028953575752675532,psnr_sr_rgb_sh0,14.633815814767642,14.633815814767642,14.7081624507491,28.411482217395942,28.491558444822328,0.3725702340900898,0.8190449512004853,val
2026-03-12 00:35:28,s1_fp32,27,0.00048333333333333334,0.02912430975586176,psnr_sr_rgb_sh0,15.006312121947895,15.006312121947895,15.077469036303196,28.411482217395942,28.491558444822328,0.39022803902626035,0.8190449512004853,val
2026-03-12 00:36:09,s1_fp32,28,0.0005,0.02865454029291868,psnr_sr_rgb_sh0,15.37822224554104,15.37822224554104,15.446472539727658,28.411482217395942,28.491558444822328,0.4076561078429222,0.8190449512004853,val
2026-03-12 00:36:50,s1_fp32,29,0.0005166666666666667,0.02837823413312435,psnr_sr_rgb_sh0,15.74450283575908,15.74450283575908,15.81034426104295,28.411482217395942,28.491558444822328,0.4249478608369827,0.8190449512004853,val
2026-03-12 00:37:31,s1_fp32,30,0.0005333333333333334,0.02889660719782114,psnr_sr_rgb_sh0,16.111198727040808,16.111198727040808,16.174145664548902,28.411482217395942,28.491558444822328,0.4421181806921959,0.8190449512004853,val
2026-03-12 00:38:12,s1_fp32,31,0.00055,0.02890429802238941,psnr_sr_rgb_sh0,16.475894198230083,16.475894198230083,16.536751784021156,28.411482217395942,28.491558444822328,0.45904622599482536,0.8190449512004853,val
2026-03-12 00:38:54,s1_fp32,32,0.0005666666666666667,0.02704620696604252,psnr_sr_rgb_sh0,16.838749432533863,16.838749432533863,16.898959631454318,28.411482217395942,28.491558444822328,0.47566323190927506,0.8190449512004853,val
2026-03-12 00:39:35,s1_fp32,33,0.0005833333333333334,0.02844233237206936,psnr_sr_rgb_sh0,17.19887125032731,17.19887125032731,17.258467228818937,28.411482217395942,28.491558444822328,0.4920723500847817,0.8190449512004853,val
2026-03-12 00:40:15,s1_fp32,34,0.0006,0.027490535899996758,psnr_sr_rgb_sh0,17.560536384130035,17.560536384130035,17.62002592509374,28.411482217395942,28.491558444822328,0.5082172825932503,0.8190449512004853,val
2026-03-12 00:40:57,s1_fp32,35,0.0006166666666666667,0.02728978008031845,psnr_sr_rgb_sh0,17.91734979784342,17.91734979784342,17.977617316816474,28.411482217395942,28.491558444822328,0.5240337300300598,0.8190449512004853,val
2026-03-12 00:41:38,s1_fp32,36,0.0006333333333333333,0.02698713943362236,psnr_sr_rgb_sh0,18.274138580946552,18.274138580946552,18.33659464107538,28.411482217395942,28.491558444822328,0.5392193600535393,0.8190449512004853,val
2026-03-12 00:42:18,s1_fp32,37,0.0006500000000000001,0.027020959816873073,psnr_sr_rgb_sh0,18.62830409350383,18.62830409350383,18.692307620506888,28.411482217395942,28.491558444822328,0.5544101375341416,0.8190449512004853,val
2026-03-12 00:42:59,s1_fp32,38,0.0006666666666666666,0.02682373993098736,psnr_sr_rgb_sh0,18.97634214329178,18.97634214329178,19.042455235989888,28.411482217395942,28.491558444822328,0.5689305904507637,0.8190449512004853,val
2026-03-12 00:43:40,s1_fp32,39,0.0006833333333333333,0.02762803539633751,psnr_sr_rgb_sh0,19.32371179478646,19.32371179478646,19.391520715932792,28.411482217395942,28.491558444822328,0.5830493980646133,0.8190449512004853,val
2026-03-12 00:44:21,s1_fp32,40,0.0007,0.026412981487810613,psnr_sr_rgb_sh0,19.66841450750945,19.66841450750945,19.737069327841226,28.411482217395942,28.491558444822328,0.5969905868172646,0.8190449512004853,val
2026-03-12 00:45:03,s1_fp32,41,0.0007166666666666667,0.027077851481735707,psnr_sr_rgb_sh0,20.01198124091716,20.01198124091716,20.083284427210227,28.411482217395942,28.491558444822328,0.6103499230742454,0.8190449512004853,val
2026-03-12 00:45:44,s1_fp32,42,0.0007333333333333333,0.02644072124734521,psnr_sr_rgb_sh0,20.352785107049204,20.352785107049204,20.427215016960186,28.411482217395942,28.491558444822328,0.623302944302559,0.8190449512004853,val
2026-03-12 00:46:25,s1_fp32,43,0.00075,0.026335749998688696,psnr_sr_rgb_sh0,20.695566622622415,20.695566622622415,20.77262227778776,28.411482217395942,28.491558444822328,0.6357554376125336,0.8190449512004853,val
2026-03-12 00:47:06,s1_fp32,44,0.0007666666666666667,0.026645317636430264,psnr_sr_rgb_sh0,21.035919799371598,21.035919799371598,21.115907458227394,28.411482217395942,28.491558444822328,0.6478154119849205,0.8190449512004853,val
2026-03-12 00:47:48,s1_fp32,45,0.0007833333333333334,0.02687912106513977,psnr_sr_rgb_sh0,21.36928197964686,21.36928197964686,21.451991005259504,28.411482217395942,28.491558444822328,0.6592935600876808,0.8190449512004853,val
2026-03-12 00:48:29,s1_fp32,46,0.0008,0.025758912563323976,psnr_sr_rgb_sh0,21.69559701100011,21.69559701100011,21.781447812113488,28.411482217395942,28.491558444822328,0.67038529753685,0.8190449512004853,val
2026-03-12 00:49:10,s1_fp32,47,0.0008166666666666667,0.02543978899717331,psnr_sr_rgb_sh0,22.023298746023237,22.023298746023237,22.11469223464535,28.411482217395942,28.491558444822328,0.6808052399754524,0.8190449512004853,val
2026-03-12 00:49:52,s1_fp32,48,0.0008333333333333334,0.02630011599510908,psnr_sr_rgb_sh0,22.345768437620418,22.345768437620418,22.442568647729576,28.411482217395942,28.491558444822328,0.6907260951399803,0.8190449512004853,val
2026-03-12 00:50:33,s1_fp32,49,0.00085,0.024641586132347584,psnr_sr_rgb_sh0,22.66032595091079,22.66032595091079,22.762599104290256,28.411482217395942,28.491558444822328,0.700311367213726,0.8190449512004853,val
2026-03-12 00:51:14,s1_fp32,50,0.0008666666666666667,0.025774517618119715,psnr_sr_rgb_sh0,22.977416453967408,22.977416453967408,23.08645443100178,28.411482217395942,28.491558444822328,0.7092740204930306,0.8190449512004853,val
2026-03-12 00:51:55,s1_fp32,51,0.0008833333333333333,0.025026345290243626,psnr_sr_rgb_sh0,23.285750441458926,23.285750441458926,23.399660516298077,28.411482217395942,28.491558444822328,0.7178068661689758,0.8190449512004853,val
2026-03-12 00:52:36,s1_fp32,52,0.0009000000000000001,0.02599369052797556,psnr_sr_rgb_sh0,23.59021567289327,23.59021567289327,23.710205682596126,28.411482217395942,28.491558444822328,0.7258556118607521,0.8190449512004853,val
2026-03-12 00:53:16,s1_fp32,53,0.0009166666666666666,0.025643974021077157,psnr_sr_rgb_sh0,23.881294527700987,23.881294527700987,24.008332381893137,28.411482217395942,28.491558444822328,0.733265143930912,0.8190449512004853,val
2026-03-12 00:53:57,s1_fp32,54,0.0009333333333333333,0.024694794453680516,psnr_sr_rgb_sh0,24.173433010283635,24.173433010283635,24.307741582753533,28.411482217395942,28.491558444822328,0.7402766734361649,0.8190449512004853,val
2026-03-12 00:54:39,s1_fp32,55,0.00095,0.02599465545266867,psnr_sr_rgb_sh0,24.455373939316996,24.455373939316996,24.596894155123632,28.411482217395942,28.491558444822328,0.7468409290909768,0.8190449512004853,val
2026-03-12 00:55:21,s1_fp32,56,0.0009666666666666667,0.025935419388115406,psnr_sr_rgb_sh0,24.74451260140245,24.74451260140245,24.894469890626205,28.411482217395942,28.491558444822328,0.7530717450380325,0.8190449512004853,val
2026-03-12 00:56:03,s1_fp32,57,0.0009833333333333332,0.02507989527657628,psnr_sr_rgb_sh0,25.018026519118713,25.018026519118713,25.177862463171955,28.411482217395942,28.491558444822328,0.7587852281332016,0.8190449512004853,val
2026-03-12 00:56:44,s1_fp32,58,0.001,0.02530162986367941,psnr_sr_rgb_sh0,25.282306292772155,25.282306292772155,25.447996261163212,28.411482217395942,28.491558444822328,0.7643398970365525,0.8190449512004853,val
2026-03-12 00:57:25,s1_fp32,59,0.001,0.026118288934230804,psnr_sr_rgb_sh0,25.53541161816557,25.53541161816557,25.709249430926242,28.411482217395942,28.491558444822328,0.769351396560669,0.8190449512004853,val
2026-03-12 00:58:07,s1_fp32,60,0.0009999915384288722,0.025511537231504917,psnr_sr_rgb_sh0,25.785317410258912,25.785317410258912,25.970119004189687,28.411482217395942,28.491558444822328,0.7739515721797943,0.8190449512004853,val
2026-03-12 00:58:49,s1_fp32,61,0.0009999661540018813,0.02505977638065815,psnr_sr_rgb_sh0,26.026286277336695,26.026286277336695,26.218380177157325,28.411482217395942,28.491558444822328,0.7782365620136261,0.8190449512004853,val
2026-03-12 00:59:30,s1_fp32,62,0.0009999238475781956,0.024575896039605142,psnr_sr_rgb_sh0,26.26274265392114,26.26274265392114,26.466150712036278,28.411482217395942,28.491558444822328,0.7821783542633056,0.8190449512004853,val
2026-03-12 01:00:12,s1_fp32,63,0.000999864620589731,0.024601147770881654,psnr_sr_rgb_sh0,26.482258161746998,26.482258161746998,26.69498547666773,28.411482217395942,28.491558444822328,0.7860231721401214,0.8190449512004853,val
2026-03-12 01:00:53,s1_fp32,64,0.0009997884750411004,0.02538037795573473,psnr_sr_rgb_sh0,26.682712213530944,26.682712213530944,26.904710444167407,28.411482217395942,28.491558444822328,0.7896947312355042,0.8190449512004853,val
2026-03-12 01:01:33,s1_fp32,65,0.0009996954135095479,0.02532578095793724,psnr_sr_rgb_sh0,26.880198388113158,26.880198388113158,27.108010718313967,28.411482217395942,28.491558444822328,0.7930940526723862,0.8190449512004853,val
2026-03-12 01:02:14,s1_fp32,66,0.0009995854391448608,0.025579821467399597,psnr_sr_rgb_sh0,27.0722196350044,27.0722196350044,27.31017716915721,28.411482217395942,28.491558444822328,0.7964174687862396,0.8190449512004853,val
2026-03-12 01:02:55,s1_fp32,67,0.0009994585556692623,0.02521749597042799,psnr_sr_rgb_sh0,27.236996495045364,27.236996495045364,27.479181541284515,28.411482217395942,28.491558444822328,0.7992416882514953,0.8190449512004853,val
2026-03-12 01:03:35,s1_fp32,68,0.0009993147673772868,0.02395031347870827,psnr_sr_rgb_sh0,27.40474352704695,27.40474352704695,27.655317184839237,28.411482217395942,28.491558444822328,0.8020445072650909,0.8190449512004853,val
2026-03-12 01:04:17,s1_fp32,69,0.0009991540791356342,0.025507986582815646,psnr_sr_rgb_sh0,27.56197965092132,27.56197965092132,27.81698902009829,28.411482217395942,28.491558444822328,0.8047242188453674,0.8190449512004853,val
2026-03-12 01:04:59,s1_fp32,70,0.0009989764963830037,0.02480988811701536,psnr_sr_rgb_sh0,27.707540065935053,27.707540065935053,27.967425156801237,28.411482217395942,28.491558444822328,0.8073218804597855,0.8190449512004853,val
2026-03-12 01:05:40,s1_fp32,71,0.0009987820251299122,0.024573709238320588,psnr_sr_rgb_sh0,27.845072946159803,27.845072946159803,28.11020846647244,28.411482217395942,28.491558444822328,0.8096026080846787,0.8190449512004853,val
2026-03-12 01:06:22,s1_fp32,72,0.0009985706719584887,0.025145875960588454,psnr_sr_rgb_sh0,27.97477349695876,27.97477349695876,28.244860333114598,28.411482217395942,28.491558444822328,0.8118258786201477,0.8190449512004853,val
2026-03-12 01:07:04,s1_fp32,73,0.0009983424440222531,0.024289247505366804,psnr_sr_rgb_sh0,28.09853812109408,28.09853812109408,28.371764796266596,28.411482217395942,28.491558444822328,0.8139941954612732,0.8190449512004853,val
2026-03-12 01:07:45,s1_fp32,74,0.0009980973490458728,0.023859468940645456,psnr_sr_rgb_sh0,28.20881621557675,28.20881621557675,28.484440916893192,28.411482217395942,28.491558444822328,0.8159538638591767,0.8190449512004853,val
2026-03-12 01:08:26,s1_fp32,75,0.0009978353953249022,0.024638112615793944,psnr_sr_rgb_sh0,28.314979043853512,28.314979043853512,28.593019506501783,28.411482217395942,28.491558444822328,0.8179811823368073,0.8190449512004853,val
2026-03-12 01:09:08,s1_fp32,76,0.0009975565917255016,0.024518845602869987,psnr_sr_rgb_sh0,28.413994400418918,28.413994400418918,28.692635352729937,28.411482217395942,28.491558444822328,0.8199012488126755,0.8190449512004853,val
2026-03-12 01:09:48,s1_fp32,77,0.0009972609476841367,0.02451897505670786,psnr_sr_rgb_sh0,28.508890574120258,28.508890574120258,28.78844639171169,28.411482217395942,28.491558444822328,0.8215630233287812,0.8190449512004853,val
2026-03-12 01:10:29,s1_fp32,78,0.00099694847320726,0.024103604536503554,psnr_sr_rgb_sh0,28.593466946568668,28.593466946568668,28.87317258600615,28.411482217395942,28.491558444822328,0.8233081740140915,0.8190449512004853,val
2026-03-12 01:11:10,s1_fp32,79,0.0009966191788709714,0.024423234052956103,psnr_sr_rgb_sh0,28.671577521138694,28.671577521138694,28.9504999530894,28.411482217395942,28.491558444822328,0.8248332446813583,0.8190449512004853,val
2026-03-12 01:11:51,s1_fp32,80,0.0009962730758206612,0.024752072505652905,psnr_sr_rgb_sh0,28.75153688702284,28.75153688702284,29.03084113990014,28.411482217395942,28.491558444822328,0.8263526540994645,0.8190449512004853,val
2026-03-12 01:12:32,s1_fp32,81,0.0009959101757706307,0.023758183531463146,psnr_sr_rgb_sh0,28.82267944846109,28.82267944846109,29.10116569326673,28.411482217395942,28.491558444822328,0.8277270829677582,0.8190449512004853,val
2026-03-12 01:13:13,s1_fp32,82,0.0009955304910036994,0.024112739041447638,psnr_sr_rgb_sh0,28.891295307277,28.891295307277,29.168768028033718,28.411482217395942,28.491558444822328,0.8291537320613861,0.8190449512004853,val
2026-03-12 01:13:53,s1_fp32,83,0.0009951340343707852,0.024032442718744277,psnr_sr_rgb_sh0,28.955689915022184,28.955689915022184,29.2334335953543,28.411482217395942,28.491558444822328,0.830434740781784,0.8190449512004853,val
2026-03-12 01:14:34,s1_fp32,84,0.0009947208192904722,0.02393489072099328,psnr_sr_rgb_sh0,29.012539570548924,29.012539570548924,29.287870880690708,28.411482217395942,28.491558444822328,0.8317071288824082,0.8190449512004853,val
2026-03-12 01:15:15,s1_fp32,85,0.0009942908597485559,0.02486920766532421,psnr_sr_rgb_sh0,29.06443519547825,29.06443519547825,29.337996486749894,28.411482217395942,28.491558444822328,0.8328261715173721,0.8190449512004853,val
2026-03-12 01:15:57,s1_fp32,86,0.0009938441702975688,0.02474646968767047,psnr_sr_rgb_sh0,29.11258336320227,29.11258336320227,29.382089365613595,28.411482217395942,28.491558444822328,0.8340020900964737,0.8190449512004853,val
2026-03-12 01:16:39,s1_fp32,87,0.0009933807660562897,0.02538994751870632,psnr_sr_rgb_sh0,29.151719327387596,29.151719327387596,29.41678777559545,28.411482217395942,28.491558444822328,0.8349585253000259,0.8190449512004853,val
2026-03-12 01:17:20,s1_fp32,88,0.0009929006627092298,0.024963139556348324,psnr_sr_rgb_sh0,29.194254815257164,29.194254815257164,29.456067423724605,28.411482217395942,28.491558444822328,0.836003367304802,0.8190449512004853,val
2026-03-12 01:18:01,s1_fp32,89,0.000992403876506104,0.02469795547425747,psnr_sr_rgb_sh0,29.23154650395471,29.23154650395471,29.489355577631613,28.411482217395942,28.491558444822328,0.836936229467392,0.8190449512004853,val
2026-03-12 01:18:42,s1_fp32,90,0.0009918904242612794,0.023753809221088888,psnr_sr_rgb_sh0,29.265137734163968,29.265137734163968,29.51793525809342,28.411482217395942,28.491558444822328,0.8377362900972366,0.8190449512004853,val
2026-03-12 01:19:24,s1_fp32,91,0.0009913603233532068,0.025867161862552165,psnr_sr_rgb_sh0,29.298883980136956,29.298883980136956,29.54728694032012,28.411482217395942,28.491558444822328,0.8386691677570343,0.8190449512004853,val
2026-03-12 01:20:05,s1_fp32,92,0.000990813591723832,0.024090017098933457,psnr_sr_rgb_sh0,29.3283325649631,29.3283325649631,29.571700363551983,28.411482217395942,28.491558444822328,0.8394712918996811,0.8190449512004853,val
2026-03-12 01:20:45,s1_fp32,93,0.0009902502478779896,0.0242608892172575,psnr_sr_rgb_sh0,29.3575958007097,29.3575958007097,29.597011207291548,28.411482217395942,28.491558444822328,0.8402103197574615,0.8190449512004853,val
2026-03-12 01:21:27,s1_fp32,94,0.000989670310882776,0.024968789219856263,psnr_sr_rgb_sh0,29.38451250250471,29.38451250250471,29.619235926079355,28.411482217395942,28.491558444822328,0.8409739553928375,0.8190449512004853,val
2026-03-12 01:22:08,s1_fp32,95,0.0009890738003669028,0.02373841229826212,psnr_sr_rgb_sh0,29.41172159369216,29.41172159369216,29.642023841007386,28.411482217395942,28.491558444822328,0.8417002809047699,0.8190449512004853,val
2026-03-12 01:22:50,s1_fp32,96,0.0009884607365200355,0.024176297932863234,psnr_sr_rgb_sh0,29.436248557226516,29.436248557226516,29.66380981797845,28.411482217395942,28.491558444822328,0.8423246741294861,0.8190449512004853,val
2026-03-12 01:23:31,s1_fp32,97,0.0009878311400921072,0.024889326840639114,psnr_sr_rgb_sh0,29.46155035136186,29.46155035136186,29.68481484916711,28.411482217395942,28.491558444822328,0.8430069720745087,0.8190449512004853,val
2026-03-12 01:24:12,s1_fp32,98,0.0009871850323926177,0.026866153348237276,psnr_sr_rgb_sh0,29.483359400756363,29.483359400756363,29.70229740843273,28.411482217395942,28.491558444822328,0.8435838240385055,0.8190449512004853,val
2026-03-12 01:24:53,s1_fp32,99,0.0009865224352899118,0.024456205293536187,psnr_sr_rgb_sh0,29.504507359694635,29.504507359694635,29.720542568956976,28.411482217395942,28.491558444822328,0.8441266191005706,0.8190449512004853,val
2026-03-12 01:25:34,s1_fp32,100,0.0009858433712104401,0.024130779858678578,psnr_sr_rgb_sh0,29.525156601693602,29.525156601693602,29.73661747789785,28.411482217395942,28.491558444822328,0.8447427815198898,0.8190449512004853,val
2026-03-12 01:26:15,s1_fp32,101,0.0009851478631379982,0.02416222367435694,psnr_sr_rgb_sh0,29.54509925915256,29.54509925915256,29.753487497537062,28.411482217395942,28.491558444822328,0.8452467370033264,0.8190449512004853,val
2026-03-12 01:26:56,s1_fp32,102,0.0009844359346129503,0.02374999411404133,psnr_sr_rgb_sh0,29.56474459761801,29.56474459761801,29.76903202456425,28.411482217395942,28.491558444822328,0.8457863420248032,0.8190449512004853,val
2026-03-12 01:27:37,s1_fp32,103,0.000983707609731432,0.02398869700729847,psnr_sr_rgb_sh0,29.58172748946578,29.58172748946578,29.783650885110802,28.411482217395942,28.491558444822328,0.846240889430046,0.8190449512004853,val
2026-03-12 01:28:19,s1_fp32,104,0.0009829629131445341,0.023934314399957655,psnr_sr_rgb_sh0,29.600717105650606,29.600717105650606,29.80033649026237,28.411482217395942,28.491558444822328,0.8467289608716965,0.8190449512004853,val
2026-03-12 01:29:00,s1_fp32,105,0.0009822018700574695,0.024834256190806626,psnr_sr_rgb_sh0,29.617142616813993,29.617142616813993,29.81365176162236,28.411482217395942,28.491558444822328,0.8471382558345795,0.8190449512004853,val
2026-03-12 01:29:41,s1_fp32,106,0.0009814245062287187,0.024054915606975556,psnr_sr_rgb_sh0,29.632374749971035,29.632374749971035,29.82678467336156,28.411482217395942,28.491558444822328,0.8474916023015976,0.8190449512004853,val
2026-03-12 01:30:23,s1_fp32,107,0.0009806308479691594,0.023806565366685392,psnr_sr_rgb_sh0,29.647884273828968,29.647884273828968,29.84029477360859,28.411482217395942,28.491558444822328,0.847892005443573,0.8190449512004853,val
2026-03-12 01:31:04,s1_fp32,108,0.0009798209221411748,0.02346959203481674,psnr_sr_rgb_sh0,29.66216483197601,29.66216483197601,29.85245088852379,28.411482217395942,28.491558444822328,0.8482359701395035,0.8190449512004853,val
2026-03-12 01:31:45,s1_fp32,109,0.0009789947561577445,0.025155793130397796,psnr_sr_rgb_sh0,29.676791795354326,29.676791795354326,29.864754139087907,28.411482217395942,28.491558444822328,0.8486127948760986,0.8190449512004853,val
2026-03-12 01:32:26,s1_fp32,110,0.0009781523779815178,0.02434452250599861,psnr_sr_rgb_sh0,29.69108975122936,29.69108975122936,29.878030237107104,28.411482217395942,28.491558444822328,0.8489794987440109,0.8190449512004853,val
2026-03-12 01:33:07,s1_fp32,111,0.000977293816123866,0.023727384824305774,psnr_sr_rgb_sh0,29.70501617537104,29.70501617537104,29.889976873718425,28.411482217395942,28.491558444822328,0.8493789488077164,0.8190449512004853,val
2026-03-12 01:33:48,s1_fp32,112,0.0009764190996439181,0.02396231833845377,psnr_sr_rgb_sh0,29.718652309915104,29.718652309915104,29.901631188463497,28.411482217395942,28.491558444822328,0.8497300165891647,0.8190449512004853,val
2026-03-12 01:34:30,s1_fp32,113,0.0009755282581475768,0.023990826439112423,psnr_sr_rgb_sh0,29.730815178309076,29.730815178309076,29.912202876753522,28.411482217395942,28.491558444822328,0.8500423586368561,0.8190449512004853,val
2026-03-12 01:35:11,s1_fp32,114,0.000974621321786517,0.02395774282515049,psnr_sr_rgb_sh0,29.742668751488736,29.742668751488736,29.92179505405652,28.411482217395942,28.491558444822328,0.8503629380464554,0.8190449512004853,val
2026-03-12 01:35:52,s1_fp32,115,0.0009736983212571646,0.02456844735890627,psnr_sr_rgb_sh0,29.754067955582883,29.754067955582883,29.93238249052423,28.411482217395942,28.491558444822328,0.8506403106451035,0.8190449512004853,val
2026-03-12 01:36:33,s1_fp32,116,0.0009727592877996585,0.024282377138733865,psnr_sr_rgb_sh0,29.76531802147143,29.76531802147143,29.94206228999103,28.411482217395942,28.491558444822328,0.8509428948163986,0.8190449512004853,val
2026-03-12 01:37:14,s1_fp32,117,0.0009718042531967918,0.023872799500823022,psnr_sr_rgb_sh0,29.775874660465625,29.775874660465625,29.951274018017052,28.411482217395942,28.491558444822328,0.8512107050418853,0.8190449512004853,val
2026-03-12 01:37:55,s1_fp32,118,0.0009708332497729377,0.02398476978763938,psnr_sr_rgb_sh0,29.786548231938973,29.786548231938973,29.960826888736374,28.411482217395942,28.491558444822328,0.8515043032169342,0.8190449512004853,val
2026-03-12 01:38:36,s1_fp32,119,0.0009698463103929542,0.024287558048963546,psnr_sr_rgb_sh0,29.794746958740266,29.794746958740266,29.967467127075203,28.411482217395942,28.491558444822328,0.851761679649353,0.8190449512004853,val
2026-03-12 01:39:17,s1_fp32,120,0.0009688434684610725,0.02347650470212102,psnr_sr_rgb_sh0,29.803061617782348,29.803061617782348,29.97444363955987,28.411482217395942,28.491558444822328,0.851948212981224,0.8190449512004853,val
2026-03-12 01:39:59,s1_fp32,121,0.0009678247579197657,0.023789135068655015,psnr_sr_rgb_sh0,29.81335380914249,29.81335380914249,29.983657875619397,28.411482217395942,28.491558444822328,0.8522232216596604,0.8190449512004853,val
2026-03-12 01:40:41,s1_fp32,122,0.0009667902132486009,0.023714299872517587,psnr_sr_rgb_sh0,29.821088151290805,29.821088151290805,29.990124789581383,28.411482217395942,28.491558444822328,0.8524553513526917,0.8190449512004853,val
2026-03-12 01:41:22,s1_fp32,123,0.0009657398694630713,0.024464332722127436,psnr_sr_rgb_sh0,29.82942442492702,29.82942442492702,29.997553919227553,28.411482217395942,28.491558444822328,0.8527026045322418,0.8190449512004853,val
2026-03-12 01:42:02,s1_fp32,124,0.0009646737621134112,0.024015034660696984,psnr_sr_rgb_sh0,29.83629527862075,29.83629527862075,30.003625374772238,28.411482217395942,28.491558444822328,0.8528981518745422,0.8190449512004853,val
2026-03-12 01:42:44,s1_fp32,125,0.0009635919272833937,0.023928845133632422,psnr_sr_rgb_sh0,29.84330295637152,29.84330295637152,30.009127639534974,28.411482217395942,28.491558444822328,0.8531201589107513,0.8190449512004853,val
2026-03-12 01:43:24,s1_fp32,126,0.000962494401589108,0.0239552890509367,psnr_sr_rgb_sh0,29.850700724424513,29.850700724424513,30.015588217941396,28.411482217395942,28.491558444822328,0.8533057850599289,0.8190449512004853,val
2026-03-12 01:44:05,s1_fp32,127,0.0009613812221777212,0.023267563506960867,psnr_sr_rgb_sh0,29.858203952941416,29.858203952941416,30.022496406484997,28.411482217395942,28.491558444822328,0.853506566286087,0.8190449512004853,val
2026-03-12 01:44:46,s1_fp32,128,0.0009602524267262203,0.024392557814717292,psnr_sr_rgb_sh0,29.86495017431633,29.86495017431633,30.028401667459576,28.411482217395942,28.491558444822328,0.8536702120304107,0.8190449512004853,val
2026-03-12 01:45:27,s1_fp32,129,0.000959108053440137,0.023458623699843882,psnr_sr_rgb_sh0,29.8708848483103,29.8708848483103,30.033296401699186,28.411482217395942,28.491558444822328,0.8538558495044708,0.8190449512004853,val
2026-03-12 01:46:08,s1_fp32,130,0.0009579481410522556,0.024626944772899152,psnr_sr_rgb_sh0,29.878579550558882,29.878579550558882,30.039819238988756,28.411482217395942,28.491558444822328,0.8540612858533859,0.8190449512004853,val
2026-03-12 01:46:49,s1_fp32,131,0.0009567727288213005,0.023792465031147004,psnr_sr_rgb_sh0,29.885960442410088,29.885960442410088,30.04688676966063,28.411482217395942,28.491558444822328,0.8542342042922973,0.8190449512004853,val
2026-03-12 01:47:30,s1_fp32,132,0.0009555818565306084,0.023374962508678435,psnr_sr_rgb_sh0,29.891591948905003,29.891591948905003,30.05217656222718,28.411482217395942,28.491558444822328,0.8543811684846878,0.8190449512004853,val
2026-03-12 01:48:11,s1_fp32,133,0.0009543755644867822,0.026096795164048673,psnr_sr_rgb_sh0,29.898483974795504,29.898483974795504,30.05813191196125,28.411482217395942,28.491558444822328,0.8545305395126342,0.8190449512004853,val
2026-03-12 01:48:52,s1_fp32,134,0.0009531538935183251,0.024356426391750573,psnr_sr_rgb_sh0,29.904350058997878,29.904350058997878,30.062697554994287,28.411482217395942,28.491558444822328,0.8547306138277054,0.8190449512004853,val
2026-03-12 01:49:33,s1_fp32,135,0.0009519168849742603,0.024180306028574704,psnr_sr_rgb_sh0,29.907275716399123,29.907275716399123,30.06453168722931,28.411482217395942,28.491558444822328,0.8548637986183166,0.8190449512004853,val
2026-03-12 01:50:15,s1_fp32,136,0.0009506645807227311,0.02452424144372344,psnr_sr_rgb_sh0,29.911510129469065,29.911510129469065,30.068536290876832,28.411482217395942,28.491558444822328,0.8549895662069321,0.8190449512004853,val
2026-03-12 01:50:57,s1_fp32,137,0.0009493970231495835,0.02405264262109995,psnr_sr_rgb_sh0,29.91496240393925,29.91496240393925,30.070949790139387,28.411482217395942,28.491558444822328,0.8551093560457229,0.8190449512004853,val
2026-03-12 01:51:37,s1_fp32,138,0.0009481142551569317,0.02462075088173151,psnr_sr_rgb_sh0,29.91859339340902,29.91859339340902,30.072804767677,28.411482217395942,28.491558444822328,0.8552850526571274,0.8190449512004853,val
2026-03-12 01:52:18,s1_fp32,139,0.0009468163201617061,0.02305091582238674,psnr_sr_rgb_sh0,29.92065537989489,29.92065537989489,30.07463401644364,28.411482217395942,28.491558444822328,0.8553854805231095,0.8190449512004853,val
2026-03-12 01:52:59,s1_fp32,140,0.0009455032620941839,0.023703042324632405,psnr_sr_rgb_sh0,29.925197278441598,29.925197278441598,30.078140675563603,28.411482217395942,28.491558444822328,0.8554864746332168,0.8190449512004853,val
2026-03-12 01:53:39,s1_fp32,141,0.0009441751253965021,0.023999104090034962,psnr_sr_rgb_sh0,29.92796664235545,29.92796664235545,30.079808632945937,28.411482217395942,28.491558444822328,0.8555629396438599,0.8190449512004853,val
2026-03-12 01:54:20,s1_fp32,142,0.0009428319550211531,0.024114578142762185,psnr_sr_rgb_sh0,29.933320480826673,29.933320480826673,30.084261614041594,28.411482217395942,28.491558444822328,0.8557096481323242,0.8190449512004853,val
2026-03-12 01:55:00,s1_fp32,143,0.0009414737964294635,0.023247210048139094,psnr_sr_rgb_sh0,29.938227872064047,29.938227872064047,30.088004487659944,28.411482217395942,28.491558444822328,0.8558452260494233,0.8190449512004853,val
2026-03-12 01:55:42,s1_fp32,144,0.0009401006955900555,0.02375558063387871,psnr_sr_rgb_sh0,29.941459089519125,29.941459089519125,30.091222847047394,28.411482217395942,28.491558444822328,0.8559306669235229,0.8190449512004853,val
2026-03-12 01:56:24,s1_fp32,145,0.0009387126989772909,0.024078205078840256,psnr_sr_rgb_sh0,29.94583422911785,29.94583422911785,30.09509594750784,28.411482217395942,28.491558444822328,0.8560528492927552,0.8190449512004853,val
2026-03-12 01:57:04,s1_fp32,146,0.0009373098535696979,0.02346031252294779,psnr_sr_rgb_sh0,29.949527498648976,29.949527498648976,30.09874551309679,28.411482217395942,28.491558444822328,0.8561456096172333,0.8190449512004853,val
2026-03-12 01:57:46,s1_fp32,147,0.0009358922068483812,0.02341320101171732,psnr_sr_rgb_sh0,29.95685073334679,29.95685073334679,30.105451769352808,28.411482217395942,28.491558444822328,0.8562639611959457,0.8190449512004853,val
2026-03-12 01:58:27,s1_fp32,148,0.0009344598067954151,0.024416588749736547,psnr_sr_rgb_sh0,29.959015455935496,29.959015455935496,30.10812986177803,28.411482217395942,28.491558444822328,0.8563461196422577,0.8190449512004853,val
2026-03-12 01:59:07,s1_fp32,149,0.0009330127018922195,0.02450213361531496,psnr_sr_rgb_sh0,29.962722049410928,29.962722049410928,30.11114754793606,28.411482217395942,28.491558444822328,0.8564240604639053,0.8190449512004853,val
2026-03-12 01:59:48,s1_fp32,150,0.0009315509411179181,0.024620416201651098,psnr_sr_rgb_sh0,29.9673070283206,29.9673070283206,30.114853792186718,28.411482217395942,28.491558444822328,0.8565160000324249,0.8190449512004853,val
2026-03-12 02:00:29,s1_fp32,151,0.0009300745739476828,0.022586455196142198,psnr_sr_rgb_sh0,29.96824266423443,29.96824266423443,30.115143324683718,28.411482217395942,28.491558444822328,0.85660031914711,0.8190449512004853,val
2026-03-12 02:01:10,s1_fp32,152,0.0009285836503510562,0.02330010674893856,psnr_sr_rgb_sh0,29.966114646763582,29.966114646763582,30.111094432158758,28.411482217395942,28.491558444822328,0.8566669219732285,0.8190449512004853,val
2026-03-12 02:01:51,s1_fp32,153,0.0009270782207902628,0.023693779669702052,psnr_sr_rgb_sh0,29.970536854620587,29.970536854620587,30.11455353045575,28.411482217395942,28.491558444822328,0.8567578542232513,0.8190449512004853,val
2026-03-12 02:02:32,s1_fp32,154,0.0009255583362184998,0.023892162814736367,psnr_sr_rgb_sh0,29.974607513125513,29.974607513125513,30.119760084411382,28.411482217395942,28.491558444822328,0.8568492698669433,0.8190449512004853,val
2026-03-12 02:03:13,s1_fp32,155,0.0009240240480782129,0.023191353902220727,psnr_sr_rgb_sh0,29.974582020412342,29.974582020412342,30.117652008464987,28.411482217395942,28.491558444822328,0.8569183933734894,0.8190449512004853,val
2026-03-12 02:03:54,s1_fp32,156,0.0009224754082993551,0.023208141215145587,psnr_sr_rgb_sh0,29.97702745505871,29.97702745505871,30.12010061814121,28.411482217395942,28.491558444822328,0.8569818705320358,0.8190449512004853,val
2026-03-12 02:04:36,s1_fp32,157,0.0009209124692976287,0.02324064487591386,psnr_sr_rgb_sh0,29.98100855463874,29.98100855463874,30.123704309851124,28.411482217395942,28.491558444822328,0.8570526295900345,0.8190449512004853,val
2026-03-12 02:05:18,s1_fp32,158,0.0009193352839727121,0.023387497384101154,psnr_sr_rgb_sh0,29.983801197112804,29.983801197112804,30.126691784800446,28.411482217395942,28.491558444822328,0.8571180021762848,0.8190449512004853,val
2026-03-12 02:05:59,s1_fp32,159,0.0009177439057064682,0.023596624657511712,psnr_sr_rgb_sh0,29.984813606209013,29.984813606209013,30.127075122595055,28.411482217395942,28.491558444822328,0.8572121679782867,0.8190449512004853,val
2026-03-12 02:06:39,s1_fp32,160,0.000916138388361139,0.024035410284996034,psnr_sr_rgb_sh0,29.98936174368332,29.98936174368332,30.13179931224709,28.411482217395942,28.491558444822328,0.857289189696312,0.8190449512004853,val
2026-03-12 02:07:20,s1_fp32,161,0.0009145187862775209,0.023303512129932643,psnr_sr_rgb_sh0,29.992111242515627,29.992111242515627,30.13373037945895,28.411482217395942,28.491558444822328,0.8573770779371261,0.8190449512004853,val
2026-03-12 02:08:01,s1_fp32,162,0.0009128851542731271,0.023331816662102937,psnr_sr_rgb_sh0,29.990534896520007,29.990534896520007,30.130743559411584,28.411482217395942,28.491558444822328,0.8574291944503785,0.8190449512004853,val
2026-03-12 02:08:42,s1_fp32,163,0.0009112375476403312,0.023618750497698782,psnr_sr_rgb_sh0,29.9939005878648,29.9939005878648,30.134541507398332,28.411482217395942,28.491558444822328,0.8574841326475143,0.8190449512004853,val
2026-03-12 02:09:23,s1_fp32,164,0.0009095760221444959,0.023091125451028347,psnr_sr_rgb_sh0,29.995501819091622,29.995501819091622,30.134899846437776,28.411482217395942,28.491558444822328,0.857567753791809,0.8190449512004853,val
2026-03-12 02:10:05,s1_fp32,165,0.0009079006340220861,0.023952069263905286,psnr_sr_rgb_sh0,29.99817144921352,29.99817144921352,30.137922003384162,28.411482217395942,28.491558444822328,0.8576380676031112,0.8190449512004853,val
2026-03-12 02:10:46,s1_fp32,166,0.0009062114399787647,0.023847273420542478,psnr_sr_rgb_sh0,29.998692556806503,29.998692556806503,30.13625881051777,28.411482217395942,28.491558444822328,0.8576966726779938,0.8190449512004853,val
2026-03-12 02:11:27,s1_fp32,167,0.0009045084971874737,0.023254960104823114,psnr_sr_rgb_sh0,30.000421293769076,30.000421293769076,30.138565426536456,28.411482217395942,28.491558444822328,0.8577702641487122,0.8190449512004853,val
2026-03-12 02:12:09,s1_fp32,168,0.0009027918632864998,0.02417519960552454,psnr_sr_rgb_sh0,30.003804596598364,30.003804596598364,30.142361991508725,28.411482217395942,28.491558444822328,0.8578519886732101,0.8190449512004853,val
2026-03-12 02:12:49,s1_fp32,169,0.0009010615963775219,0.023346365615725517,psnr_sr_rgb_sh0,30.001005411967167,30.001005411967167,30.138697709449893,28.411482217395942,28.491558444822328,0.8579057604074478,0.8190449512004853,val
2026-03-12 02:13:31,s1_fp32,170,0.0008993177550236464,0.023361645117402078,psnr_sr_rgb_sh0,30.00579990908251,30.00579990908251,30.143787643302616,28.411482217395942,28.491558444822328,0.8579517102241516,0.8190449512004853,val
2026-03-12 02:14:12,s1_fp32,171,0.0008975603982474239,0.02395651062950492,psnr_sr_rgb_sh0,30.007549810777206,30.007549810777206,30.145025101352935,28.411482217395942,28.491558444822328,0.8580095571279526,0.8190449512004853,val
2026-03-12 02:14:53,s1_fp32,172,0.0008957895855288517,0.024675149880349637,psnr_sr_rgb_sh0,30.008871967188266,30.008871967188266,30.14599638210051,28.411482217395942,28.491558444822328,0.8580860042572022,0.8190449512004853,val
2026-03-12 02:15:34,s1_fp32,173,0.0008940053768033609,0.023005472235381602,psnr_sr_rgb_sh0,30.00800106673158,30.00800106673158,30.145284449652245,28.411482217395942,28.491558444822328,0.8581319999694824,0.8190449512004853,val
2026-03-12 02:16:15,s1_fp32,174,0.0008922078324597878,0.022761036660522222,psnr_sr_rgb_sh0,30.00902861274285,30.00902861274285,30.14502060439907,28.411482217395942,28.491558444822328,0.858191043138504,0.8190449512004853,val
2026-03-12 02:16:57,s1_fp32,175,0.0008903970133383297,0.02329332586377859,psnr_sr_rgb_sh0,30.009120764638595,30.009120764638595,30.144813811460207,28.411482217395942,28.491558444822328,0.8582201361656189,0.8190449512004853,val
2026-03-12 02:17:37,s1_fp32,176,0.0008885729807284854,0.023387262858450414,psnr_sr_rgb_sh0,30.006500500988146,30.006500500988146,30.14119354200312,28.411482217395942,28.491558444822328,0.8582751363515854,0.8190449512004853,val
2026-03-12 02:18:18,s1_fp32,177,0.000886735796366982,0.02544359993189573,psnr_sr_rgb_sh0,30.008619302663398,30.008619302663398,30.143828954091518,28.411482217395942,28.491558444822328,0.8583253175020218,0.8190449512004853,val
2026-03-12 02:18:59,s1_fp32,178,0.0008848855224356839,0.02430044049397111,psnr_sr_rgb_sh0,30.005419817011735,30.005419817011735,30.14008433668732,28.411482217395942,28.491558444822328,0.8583728891611099,0.8190449512004853,val
2026-03-12 02:19:39,s1_fp32,179,0.000883022221559489,0.023747938610613348,psnr_sr_rgb_sh0,30.00669618412834,30.00669618412834,30.141901551814872,28.411482217395942,28.491558444822328,0.8584173119068146,0.8190449512004853,val
2026-03-12 02:20:21,s1_fp32,180,0.0008811459568042091,0.022981698252260686,psnr_sr_rgb_sh0,30.00429490901397,30.00429490901397,30.137780096942798,28.411482217395942,28.491558444822328,0.8584618234634399,0.8190449512004853,val
2026-03-12 02:21:01,s1_fp32,181,0.0008792567916744345,0.023948138281702995,psnr_sr_rgb_sh0,30.00455184535857,30.00455184535857,30.137943041272464,28.411482217395942,28.491558444822328,0.8585116577148437,0.8190449512004853,val
2026-03-12 02:21:42,s1_fp32,182,0.000877354790111386,0.023617230653762818,psnr_sr_rgb_sh0,30.00351538700464,30.00351538700464,30.13728977154512,28.411482217395942,28.491558444822328,0.85855897128582,0.8190449512004853,val
2026-03-12 02:22:24,s1_fp32,183,0.0008754400164907496,0.02354019684717059,psnr_sr_rgb_sh0,30.002707271386917,30.002707271386917,30.135334982455106,28.411482217395942,28.491558444822328,0.8585840618610382,0.8190449512004853,val
2026-03-12 02:23:06,s1_fp32,184,0.000873512535620498,0.023351879399269818,psnr_sr_rgb_sh0,30.002007606702936,30.002007606702936,30.13462254840694,28.411482217395942,28.491558444822328,0.8586306184530258,0.8190449512004853,val
2026-03-12 02:23:47,s1_fp32,185,0.0008715724127386971,0.022912782486528158,psnr_sr_rgb_sh0,30.00571665168496,30.00571665168496,30.138530681309813,28.411482217395942,28.491558444822328,0.8586839681863785,0.8190449512004853,val
2026-03-12 02:24:28,s1_fp32,186,0.000869619713511298,0.02314795561134815,psnr_sr_rgb_sh0,30.011441063962035,30.011441063962035,30.14415789616534,28.411482217395942,28.491558444822328,0.8587366938591003,0.8190449512004853,val
2026-03-12 02:25:08,s1_fp32,187,0.0008676545040299144,0.02424147618934512,psnr_sr_rgb_sh0,30.01151234683938,30.01151234683938,30.145375252137807,28.411482217395942,28.491558444822328,0.8587790095806122,0.8190449512004853,val
2026-03-12 02:25:50,s1_fp32,188,0.0008656768508095852,0.02416989017277956,psnr_sr_rgb_sh0,30.013425019196813,30.013425019196813,30.14660802506588,28.411482217395942,28.491558444822328,0.8588137650489807,0.8190449512004853,val
2026-03-12 02:26:31,s1_fp32,189,0.0008636868207865244,0.022648679092526436,psnr_sr_rgb_sh0,30.016720332882205,30.016720332882205,30.14920272591097,28.411482217395942,28.491558444822328,0.8588643991947174,0.8190449512004853,val
2026-03-12 02:27:12,s1_fp32,190,0.000861684481315854,0.022927438281476496,psnr_sr_rgb_sh0,30.015069689070078,30.015069689070078,30.14862244720868,28.411482217395942,28.491558444822328,0.8589132255315781,0.8190449512004853,val
2026-03-12 02:27:54,s1_fp32,191,0.0008596699001693256,0.023013467602431774,psnr_sr_rgb_sh0,30.020483213541844,30.020483213541844,30.153131638302078,28.411482217395942,28.491558444822328,0.8589498966932296,0.8190449512004853,val
2026-03-12 02:28:35,s1_fp32,192,0.0008576431455330258,0.02270280584692955,psnr_sr_rgb_sh0,30.02126157967923,30.02126157967923,30.15371012574021,28.411482217395942,28.491558444822328,0.8589923632144928,0.8190449512004853,val
2026-03-12 02:29:16,s1_fp32,193,0.0008556042860050685,0.023696530293673277,psnr_sr_rgb_sh0,30.02534481677588,30.02534481677588,30.159130539187945,28.411482217395942,28.491558444822328,0.8590225583314895,0.8190449512004853,val
2026-03-12 02:29:56,s1_fp32,194,0.0008535533905932737,0.02422931220382452,psnr_sr_rgb_sh0,30.02872408478353,30.02872408478353,30.16212156989554,28.411482217395942,28.491558444822328,0.8590777283906936,0.8190449512004853,val
2026-03-12 02:30:38,s1_fp32,195,0.000851490528712831,0.023846337236464024,psnr_sr_rgb_sh0,30.033354034468886,30.033354034468886,30.16796113880176,28.411482217395942,28.491558444822328,0.8591228914260864,0.8190449512004853,val
2026-03-12 02:31:19,s1_fp32,196,0.00084941577018395,0.022133249305188656,psnr_sr_rgb_sh0,30.033100727059487,30.033100727059487,30.16618055835354,28.411482217395942,28.491558444822328,0.8591508203744889,0.8190449512004853,val
2026-03-12 02:32:00,s1_fp32,197,0.0008473291852294987,0.023061000742018223,psnr_sr_rgb_sh0,30.03570585175838,30.03570585175838,30.168722019352277,28.411482217395942,28.491558444822328,0.8592142397165299,0.8190449512004853,val
2026-03-12 02:32:41,s1_fp32,198,0.0008452308444726248,0.022985166776925324,psnr_sr_rgb_sh0,30.035777447195628,30.035777447195628,30.16930548363997,28.411482217395942,28.491558444822328,0.8592341238260269,0.8190449512004853,val
2026-03-12 02:33:23,s1_fp32,199,0.0008431208189343669,0.022967610955238343,psnr_sr_rgb_sh0,30.04220567853788,30.04220567853788,30.17642788832006,28.411482217395942,28.491558444822328,0.8592822474241256,0.8190449512004853,val
2026-03-12 02:34:04,s1_fp32,200,0.0008409991800312493,0.0237070619314909,psnr_sr_rgb_sh0,30.04446616595429,30.04446616595429,30.178585870813734,28.411482217395942,28.491558444822328,0.8593177390098572,0.8190449512004853,val
2026-03-12 02:34:46,s1_fp32,201,0.0008388659995728663,0.02302801951766014,psnr_sr_rgb_sh0,30.04942734250271,30.04942734250271,30.185218239200026,28.411482217395942,28.491558444822328,0.8593432104587555,0.8190449512004853,val
2026-03-12 02:35:27,s1_fp32,202,0.0008367213497594501,0.022480217460542917,psnr_sr_rgb_sh0,30.050243582639123,30.050243582639123,30.18523884584405,28.411482217395942,28.491558444822328,0.8593765068054199,0.8190449512004853,val
2026-03-12 02:36:08,s1_fp32,203,0.0008345653031794292,0.023448145538568495,psnr_sr_rgb_sh0,30.056005230778148,30.056005230778148,30.19121364700608,28.411482217395942,28.491558444822328,0.8594160324335098,0.8190449512004853,val
2026-03-12 02:36:48,s1_fp32,204,0.0008323979328069688,0.02271692458540201,psnr_sr_rgb_sh0,30.06138051796132,30.06138051796132,30.196884232809293,28.411482217395942,28.491558444822328,0.8594593042135239,0.8190449512004853,val
2026-03-12 02:37:29,s1_fp32,205,0.0008302193119995038,0.022558915503323076,psnr_sr_rgb_sh0,30.06364030527646,30.06364030527646,30.199369166154284,28.411482217395942,28.491558444822328,0.8594854128360748,0.8190449512004853,val
2026-03-12 02:38:10,s1_fp32,206,0.0008280295144952537,0.023941217102110387,psnr_sr_rgb_sh0,30.071238745274517,30.071238745274517,30.20801515549726,28.411482217395942,28.491558444822328,0.8595223909616471,0.8190449512004853,val
2026-03-12 02:38:51,s1_fp32,207,0.0008258286144107276,0.022862012926489116,psnr_sr_rgb_sh0,30.071946108402962,30.071946108402962,30.20913062852191,28.411482217395942,28.491558444822328,0.8595545983314514,0.8190449512004853,val
2026-03-12 02:39:32,s1_fp32,208,0.0008236166862382162,0.02283853754401207,psnr_sr_rgb_sh0,30.075102283702126,30.075102283702126,30.212536104021414,28.411482217395942,28.491558444822328,0.8595770138502121,0.8190449512004853,val
2026-03-12 02:40:13,s1_fp32,209,0.0008213938048432696,0.02385493654757738,psnr_sr_rgb_sh0,30.080689700365465,30.080689700365465,30.21923157226631,28.411482217395942,28.491558444822328,0.8596028590202331,0.8190449512004853,val
2026-03-12 02:40:54,s1_fp32,210,0.0008191600454621642,0.023099841233342886,psnr_sr_rgb_sh0,30.08699834979494,30.08699834979494,30.225992535180353,28.411482217395942,28.491558444822328,0.859642653465271,0.8190449512004853,val
2026-03-12 02:41:34,s1_fp32,211,0.0008169154836993551,0.023102508559823036,psnr_sr_rgb_sh0,30.0884883378844,30.0884883378844,30.22724546935485,28.411482217395942,28.491558444822328,0.8596620136499404,0.8190449512004853,val
2026-03-12 02:42:15,s1_fp32,212,0.0008146601955249188,0.02405521918088198,psnr_sr_rgb_sh0,30.09258875150315,30.09258875150315,30.231759172722242,28.411482217395942,28.491558444822328,0.8596975827217102,0.8190449512004853,val
2026-03-12 02:42:56,s1_fp32,213,0.00081239425727198,0.023883483242243528,psnr_sr_rgb_sh0,30.09451948945463,30.09451948945463,30.234374962675982,28.411482217395942,28.491558444822328,0.859721554517746,0.8190449512004853,val
2026-03-12 02:43:38,s1_fp32,214,0.00081011774563413,0.023293462637811898,psnr_sr_rgb_sh0,30.093120587567864,30.093120587567864,30.23238038690163,28.411482217395942,28.491558444822328,0.8597417318820954,0.8190449512004853,val
2026-03-12 02:44:19,s1_fp32,215,0.0008078307376628291,0.023868539221584797,psnr_sr_rgb_sh0,30.097868788923485,30.097868788923485,30.237334862245753,28.411482217395942,28.491558444822328,0.8597707825899125,0.8190449512004853,val
2026-03-12 02:45:00,s1_fp32,216,0.0008055333107648,0.024645210616290568,psnr_sr_rgb_sh0,30.09715244556836,30.09715244556836,30.237919796174065,28.411482217395942,28.491558444822328,0.8597986108064651,0.8190449512004853,val
2026-03-12 02:45:42,s1_fp32,217,0.0008032255426994069,0.02389675172045827,psnr_sr_rgb_sh0,30.1028832829187,30.1028832829187,30.24342893553158,28.411482217395942,28.491558444822328,0.859826654791832,0.8190449512004853,val
2026-03-12 02:46:24,s1_fp32,218,0.0008009075115760243,0.023623596616089343,psnr_sr_rgb_sh0,30.103074245506956,30.103074245506956,30.243235340512246,28.411482217395942,28.491558444822328,0.85984654545784,0.8190449512004853,val
2026-03-12 02:47:05,s1_fp32,219,0.0007985792958513931,0.02342944875359535,psnr_sr_rgb_sh0,30.106280387970354,30.106280387970354,30.247323182551842,28.411482217395942,28.491558444822328,0.8598693698644638,0.8190449512004853,val
2026-03-12 02:47:46,s1_fp32,220,0.0007962409743269654,0.022891016900539397,psnr_sr_rgb_sh0,30.107767856896743,30.107767856896743,30.24809910694962,28.411482217395942,28.491558444822328,0.8598904377222061,0.8190449512004853,val
2026-03-12 02:48:27,s1_fp32,221,0.0007938926261462366,0.02412024635821581,psnr_sr_rgb_sh0,30.109201458065062,30.109201458065062,30.25035355433802,28.411482217395942,28.491558444822328,0.8599206233024597,0.8190449512004853,val
2026-03-12 02:49:08,s1_fp32,222,0.0007915343307920673,0.0244807992875576,psnr_sr_rgb_sh0,30.11048941812949,30.11048941812949,30.251117932585814,28.411482217395942,28.491558444822328,0.8599369502067566,0.8190449512004853,val
2026-03-12 02:49:49,s1_fp32,223,0.0007891661680839932,0.02332538042217493,psnr_sr_rgb_sh0,30.112041357092075,30.112041357092075,30.253776792290328,28.411482217395942,28.491558444822328,0.8599620866775513,0.8190449512004853,val
2026-03-12 02:50:30,s1_fp32,224,0.0007867882181755231,0.02334214832633734,psnr_sr_rgb_sh0,30.11460588166783,30.11460588166783,30.257787115455717,28.411482217395942,28.491558444822328,0.8599828964471817,0.8190449512004853,val
2026-03-12 02:51:11,s1_fp32,225,0.0007844005615514259,0.023475175090134144,psnr_sr_rgb_sh0,30.11538913605919,30.11538913605919,30.258269060010388,28.411482217395942,28.491558444822328,0.8600200992822647,0.8190449512004853,val
2026-03-12 02:51:52,s1_fp32,226,0.0007820032790250074,0.02339555200189352,psnr_sr_rgb_sh0,30.11807787624523,30.11807787624523,30.262372614678142,28.411482217395942,28.491558444822328,0.8600317543745041,0.8190449512004853,val
2026-03-12 02:52:34,s1_fp32,227,0.0007795964517353734,0.02332113854587078,psnr_sr_rgb_sh0,30.12212069864352,30.12212069864352,30.26659218217658,28.411482217395942,28.491558444822328,0.8600562644004822,0.8190449512004853,val
2026-03-12 02:53:15,s1_fp32,228,0.0007771801611446858,0.022548693250864744,psnr_sr_rgb_sh0,30.123444867883492,30.123444867883492,30.268394307597934,28.411482217395942,28.491558444822328,0.8600750994682312,0.8190449512004853,val
2026-03-12 02:53:56,s1_fp32,229,0.000774754489035403,0.023085015211254358,psnr_sr_rgb_sh0,30.12250484246561,30.12250484246561,30.266371297155064,28.411482217395942,28.491558444822328,0.8600938785076141,0.8190449512004853,val
2026-03-12 02:54:36,s1_fp32,230,0.0007723195175075137,0.02294584520161152,psnr_sr_rgb_sh0,30.126921351778837,30.126921351778837,30.272661672294632,28.411482217395942,28.491558444822328,0.8601074141263961,0.8190449512004853,val
2026-03-12 02:55:17,s1_fp32,231,0.0007698753289757565,0.02307846024632454,psnr_sr_rgb_sh0,30.12705220702639,30.12705220702639,30.272117883675943,28.411482217395942,28.491558444822328,0.8601245921850205,0.8190449512004853,val
2026-03-12 02:55:59,s1_fp32,232,0.0007674220061668323,0.02405848667025566,psnr_sr_rgb_sh0,30.124762090680697,30.124762090680697,30.269848472704346,28.411482217395942,28.491558444822328,0.8601409757137298,0.8190449512004853,val
2026-03-12 02:56:39,s1_fp32,233,0.0007649596321166025,0.022913337759673594,psnr_sr_rgb_sh0,30.13218406875116,30.13218406875116,30.277782246020767,28.411482217395942,28.491558444822328,0.860162183046341,0.8190449512004853,val
2026-03-12 02:57:20,s1_fp32,234,0.00076248829016728,0.023412604946643115,psnr_sr_rgb_sh0,30.133933717966364,30.133933717966364,30.279987742642774,28.411482217395942,28.491558444822328,0.8601835906505585,0.8190449512004853,val
2026-03-12 02:58:00,s1_fp32,235,0.0007600080639646077,0.023320212103426455,psnr_sr_rgb_sh0,30.135231921045015,30.135231921045015,30.280171129918063,28.411482217395942,28.491558444822328,0.860200572013855,0.8190449512004853,val
2026-03-12 02:58:42,s1_fp32,236,0.0007575190374550272,0.022658219784498213,psnr_sr_rgb_sh0,30.137721925672118,30.137721925672118,30.283244800184203,28.411482217395942,28.491558444822328,0.860235989689827,0.8190449512004853,val
2026-03-12 02:59:23,s1_fp32,237,0.0007550212948828377,0.023735667057335378,psnr_sr_rgb_sh0,30.13954230462627,30.13954230462627,30.28490985477573,28.411482217395942,28.491558444822328,0.86025350689888,0.8190449512004853,val
2026-03-12 03:00:04,s1_fp32,238,0.000752514920787345,0.022987154424190522,psnr_sr_rgb_sh0,30.13902845704685,30.13902845704685,30.28411646802946,28.411482217395942,28.491558444822328,0.8602792513370514,0.8190449512004853,val
2026-03-12 03:00:46,s1_fp32,239,0.00075,0.023046072237193585,psnr_sr_rgb_sh0,30.14428597287265,30.14428597287265,30.290040958876084,28.411482217395942,28.491558444822328,0.8603050649166107,0.8190449512004853,val
2026-03-12 03:01:27,s1_fp32,240,0.0007474766176415271,0.02326732374727726,psnr_sr_rgb_sh0,30.145187713173442,30.145187713173442,30.290332982206582,28.411482217395942,28.491558444822328,0.8603244668245316,0.8190449512004853,val
2026-03-12 03:02:08,s1_fp32,241,0.0007449448591190436,0.02287627203390002,psnr_sr_rgb_sh0,30.145857465063415,30.145857465063415,30.290960327557915,28.411482217395942,28.491558444822328,0.860346469283104,0.8190449512004853,val
2026-03-12 03:02:49,s1_fp32,242,0.0007424048101231686,0.022823415212333203,psnr_sr_rgb_sh0,30.14711138971049,30.14711138971049,30.292205713914303,28.411482217395942,28.491558444822328,0.8603744894266129,0.8190449512004853,val
2026-03-12 03:03:29,s1_fp32,243,0.0007398565566251232,0.02262134538963437,psnr_sr_rgb_sh0,30.152436118341157,30.152436118341157,30.29792951317997,28.411482217395942,28.491558444822328,0.8604039925336838,0.8190449512004853,val
2026-03-12 03:04:11,s1_fp32,244,0.0007373001848738202,0.023339238818734884,psnr_sr_rgb_sh0,30.152469641838515,30.152469641838515,30.29712570953219,28.411482217395942,28.491558444822328,0.8604141974449158,0.8190449512004853,val
2026-03-12 03:04:52,s1_fp32,245,0.0007347357813929454,0.023142799474298953,psnr_sr_rgb_sh0,30.15232806014626,30.15232806014626,30.29752705684452,28.411482217395942,28.491558444822328,0.860433960556984,0.8190449512004853,val
2026-03-12 03:05:33,s1_fp32,246,0.0007321634329780285,0.022678391169756652,psnr_sr_rgb_sh0,30.157020906534864,30.157020906534864,30.301704912081437,28.411482217395942,28.491558444822328,0.8604537606239319,0.8190449512004853,val
2026-03-12 03:06:15,s1_fp32,247,0.0007295832266935059,0.02405192842707038,psnr_sr_rgb_sh0,30.15820601350077,30.15820601350077,30.30270468839538,28.411482217395942,28.491558444822328,0.8604757928848267,0.8190449512004853,val
2026-03-12 03:06:56,s1_fp32,248,0.0007269952498697733,0.022999768853187563,psnr_sr_rgb_sh0,30.158618067858377,30.158618067858377,30.303143188255262,28.411482217395942,28.491558444822328,0.8604890275001525,0.8190449512004853,val
2026-03-12 03:07:37,s1_fp32,249,0.0007243995901002312,0.022710036896169187,psnr_sr_rgb_sh0,30.1595857565051,30.1595857565051,30.30378638564787,28.411482217395942,28.491558444822328,0.8605058574676514,0.8190449512004853,val
2026-03-12 03:08:19,s1_fp32,250,0.0007217963352383181,0.022803654056042434,psnr_sr_rgb_sh0,30.160605939502776,30.160605939502776,30.304998030898837,28.411482217395942,28.491558444822328,0.8605183756351471,0.8190449512004853,val
2026-03-12 03:09:00,s1_fp32,251,0.0007191855733945387,0.023931626938283445,psnr_sr_rgb_sh0,30.161076165209227,30.161076165209227,30.304767163922453,28.411482217395942,28.491558444822328,0.8605435520410538,0.8190449512004853,val
2026-03-12 03:09:41,s1_fp32,252,0.0007165673929334815,0.022967525571584702,psnr_sr_rgb_sh0,30.163582280921272,30.163582280921272,30.307440047565088,28.411482217395942,28.491558444822328,0.8605549049377441,0.8190449512004853,val
2026-03-12 03:10:21,s1_fp32,253,0.0007139418824708272,0.024342936892062426,psnr_sr_rgb_sh0,30.165570172176036,30.165570172176036,30.309239452080288,28.411482217395942,28.491558444822328,0.860583176612854,0.8190449512004853,val
2026-03-12 03:11:03,s1_fp32,254,0.0007113091308703497,0.02288347950205207,psnr_sr_rgb_sh0,30.165796217211646,30.165796217211646,30.30978569645506,28.411482217395942,28.491558444822328,0.8605916941165924,0.8190449512004853,val
2026-03-12 03:11:45,s1_fp32,255,0.000708669227240909,0.02267764648422599,psnr_sr_rgb_sh0,30.16640615842483,30.16640615842483,30.309933679301288,28.411482217395942,28.491558444822328,0.8606186747550965,0.8190449512004853,val
2026-03-12 03:12:26,s1_fp32,256,0.0007060222609334342,0.022839649952948092,psnr_sr_rgb_sh0,30.167359362063767,30.167359362063767,30.31067511608725,28.411482217395942,28.491558444822328,0.8606338274478912,0.8190449512004853,val
2026-03-12 03:13:07,s1_fp32,257,0.0007033683215379002,0.023288851790130138,psnr_sr_rgb_sh0,30.167882688332547,30.167882688332547,30.311308779258606,28.411482217395942,28.491558444822328,0.8606446856260299,0.8190449512004853,val
2026-03-12 03:13:48,s1_fp32,258,0.0007007074988802946,0.022865494210273028,psnr_sr_rgb_sh0,30.170910174938335,30.170910174938335,30.31422307683278,28.411482217395942,28.491558444822328,0.8606646078824997,0.8190449512004853,val
2026-03-12 03:14:29,s1_fp32,259,0.0006980398830195785,0.022438221052289008,psnr_sr_rgb_sh0,30.171236816485177,30.171236816485177,30.314575258135818,28.411482217395942,28.491558444822328,0.860684996843338,0.8190449512004853,val
2026-03-12 03:15:10,s1_fp32,260,0.0006953655642446368,0.02256595592945814,psnr_sr_rgb_sh0,30.172240303394563,30.172240303394563,30.315557277734673,28.411482217395942,28.491558444822328,0.8607003861665725,0.8190449512004853,val
2026-03-12 03:15:51,s1_fp32,261,0.0006926846330712242,0.022730004489421845,psnr_sr_rgb_sh0,30.17287323606005,30.17287323606005,30.315921618046733,28.411482217395942,28.491558444822328,0.8607190650701523,0.8190449512004853,val
2026-03-12 03:16:32,s1_fp32,262,0.0006899971802388996,0.023315641079097987,psnr_sr_rgb_sh0,30.174961407428015,30.174961407428015,30.317464967879797,28.411482217395942,28.491558444822328,0.8607333415746689,0.8190449512004853,val
2026-03-12 03:17:12,s1_fp32,263,0.0006873032967079561,0.02419094439595938,psnr_sr_rgb_sh0,30.1761273686614,30.1761273686614,30.31941330304531,28.411482217395942,28.491558444822328,0.8607541346549987,0.8190449512004853,val
2026-03-12 03:17:53,s1_fp32,264,0.0006846030736563422,0.023596018627285956,psnr_sr_rgb_sh0,30.176672917745265,30.176672917745265,30.319723042543586,28.411482217395942,28.491558444822328,0.8607746195793152,0.8190449512004853,val
2026-03-12 03:18:34,s1_fp32,265,0.0006818966024765758,0.022996191475540398,psnr_sr_rgb_sh0,30.177031784153886,30.177031784153886,30.319715961275406,28.411482217395942,28.491558444822328,0.8607862085103989,0.8190449512004853,val
2026-03-12 03:19:15,s1_fp32,266,0.0006791839747726501,0.023363678697496653,psnr_sr_rgb_sh0,30.17815163984562,30.17815163984562,30.320513611199534,28.411482217395942,28.491558444822328,0.8607980126142502,0.8190449512004853,val
2026-03-12 03:19:55,s1_fp32,267,0.0006764652823569344,0.02324610162526369,psnr_sr_rgb_sh0,30.179229999620542,30.179229999620542,30.32204312982814,28.411482217395942,28.491558444822328,0.8608125609159469,0.8190449512004853,val
2026-03-12 03:20:37,s1_fp32,268,0.0006737406172470657,0.022369418665766715,psnr_sr_rgb_sh0,30.180286561884945,30.180286561884945,30.323009473687698,28.411482217395942,28.491558444822328,0.8608296072483063,0.8190449512004853,val
2026-03-12 03:21:17,s1_fp32,269,0.0006710100716628344,0.023010928928852082,psnr_sr_rgb_sh0,30.182011110456735,30.182011110456735,30.32446191524183,28.411482217395942,28.491558444822328,0.8608394151926041,0.8190449512004853,val
2026-03-12 03:21:59,s1_fp32,270,0.0006682737380230633,0.02277723593637347,psnr_sr_rgb_sh0,30.182780996950395,30.182780996950395,30.32533377822904,28.411482217395942,28.491558444822328,0.8608529609441757,0.8190449512004853,val
2026-03-12 03:22:40,s1_fp32,271,0.0006655317089424791,0.022239163536578416,psnr_sr_rgb_sh0,30.182045524229444,30.182045524229444,30.32457542651983,28.411482217395942,28.491558444822328,0.8608657622337341,0.8190449512004853,val
2026-03-12 03:23:21,s1_fp32,272,0.0006627840772285784,0.023724709898233415,psnr_sr_rgb_sh0,30.183166239956016,30.183166239956016,30.325004051191378,28.411482217395942,28.491558444822328,0.8608787935972214,0.8190449512004853,val
2026-03-12 03:24:03,s1_fp32,273,0.0006600309358784857,0.023188416045159102,psnr_sr_rgb_sh0,30.18512065432899,30.18512065432899,30.32730518670029,28.411482217395942,28.491558444822328,0.8608963459730148,0.8190449512004853,val
2026-03-12 03:24:43,s1_fp32,274,0.0006572723780758069,0.02297408986836672,psnr_sr_rgb_sh0,30.185119417299184,30.185119417299184,30.32684636786504,28.411482217395942,28.491558444822328,0.8609101265668869,0.8190449512004853,val
2026-03-12 03:25:25,s1_fp32,275,0.0006545084971874737,0.023132198937237263,psnr_sr_rgb_sh0,30.186490446585182,30.186490446585182,30.328107835781374,28.411482217395942,28.491558444822328,0.860922845005989,0.8190449512004853,val
2026-03-12 03:26:06,s1_fp32,276,0.0006517393867605854,0.023480111546814442,psnr_sr_rgb_sh0,30.186619956778035,30.186619956778035,30.32833318882816,28.411482217395942,28.491558444822328,0.8609318000078201,0.8190449512004853,val
2026-03-12 03:26:47,s1_fp32,277,0.0006489651405192409,0.023658000137656926,psnr_sr_rgb_sh0,30.187313516712976,30.187313516712976,30.329065209452622,28.411482217395942,28.491558444822328,0.8609481239318848,0.8190449512004853,val
2026-03-12 03:27:29,s1_fp32,278,0.0006461858523613684,0.02346276180818677,psnr_sr_rgb_sh0,30.188480477165808,30.188480477165808,30.33025685950549,28.411482217395942,28.491558444822328,0.8609619319438935,0.8190449512004853,val
2026-03-12 03:28:10,s1_fp32,279,0.0006434016163555452,0.02376846205443144,psnr_sr_rgb_sh0,30.188992137347505,30.188992137347505,30.330514009027457,28.411482217395942,28.491558444822328,0.8609694045782089,0.8190449512004853,val
2026-03-12 03:28:52,s1_fp32,280,0.0006406125267378153,0.022667796537280082,psnr_sr_rgb_sh0,30.19013699366298,30.19013699366298,30.331678999406893,28.411482217395942,28.491558444822328,0.8609835523366928,0.8190449512004853,val
2026-03-12 03:29:33,s1_fp32,281,0.0006378186779084996,0.023720108307898044,psnr_sr_rgb_sh0,30.190271732182065,30.190271732182065,30.331759556367967,28.411482217395942,28.491558444822328,0.8609960824251175,0.8190449512004853,val
2026-03-12 03:30:14,s1_fp32,282,0.0006350201644290005,0.023485606759786604,psnr_sr_rgb_sh0,30.190575281929508,30.190575281929508,30.33214137234836,28.411482217395942,28.491558444822328,0.8610008227825164,0.8190449512004853,val
2026-03-12 03:30:54,s1_fp32,283,0.0006322170810186012,0.022910029608756304,psnr_sr_rgb_sh0,30.190873384521474,30.190873384521474,30.332376726203897,28.411482217395942,28.491558444822328,0.8610123926401139,0.8190449512004853,val
2026-03-12 03:31:35,s1_fp32,284,0.0006294095225512603,0.023986643217504024,psnr_sr_rgb_sh0,30.191425004739912,30.191425004739912,30.3328029041475,28.411482217395942,28.491558444822328,0.861022311449051,0.8190449512004853,val
2026-03-12 03:32:16,s1_fp32,285,0.000626597584052401,0.022811033856123687,psnr_sr_rgb_sh0,30.191546198617058,30.191546198617058,30.33251860603892,28.411482217395942,28.491558444822328,0.861028659939766,0.8190449512004853,val
2026-03-12 03:32:57,s1_fp32,286,0.000623781360695693,0.022589199151843785,psnr_sr_rgb_sh0,30.19264330314818,30.19264330314818,30.33364959992909,28.411482217395942,28.491558444822328,0.8610379868745803,0.8190449512004853,val
2026-03-12 03:33:38,s1_fp32,287,0.0006209609477998338,0.02312745925039053,psnr_sr_rgb_sh0,30.19247341372475,30.19247341372475,30.33364601991882,28.411482217395942,28.491558444822328,0.861052240729332,0.8190449512004853,val
2026-03-12 03:34:19,s1_fp32,288,0.0006181364408253208,0.02280890565365553,psnr_sr_rgb_sh0,30.193789767348605,30.193789767348605,30.334461635248957,28.411482217395942,28.491558444822328,0.8610702204704285,0.8190449512004853,val
2026-03-12 03:35:01,s1_fp32,289,0.0006153079353712201,0.02324695646762848,psnr_sr_rgb_sh0,30.19443750394625,30.19443750394625,30.335499269707014,28.411482217395942,28.491558444822328,0.8610775226354599,0.8190449512004853,val
2026-03-12 03:35:41,s1_fp32,290,0.0006124755271719325,0.022767174914479257,psnr_sr_rgb_sh0,30.19481201884105,30.19481201884105,30.33575660811891,28.411482217395942,28.491558444822328,0.8610898739099503,0.8190449512004853,val
2026-03-12 03:36:22,s1_fp32,291,0.0006096393120939516,0.022834675926715134,psnr_sr_rgb_sh0,30.196226236588817,30.196226236588817,30.337036331786226,28.411482217395942,28.491558444822328,0.8611035531759262,0.8190449512004853,val
2026-03-12 03:37:02,s1_fp32,292,0.0006067993861326201,0.02322999170050025,psnr_sr_rgb_sh0,30.197201676423802,30.197201676423802,30.33813499695308,28.411482217395942,28.491558444822328,0.8611140602827072,0.8190449512004853,val
2026-03-12 03:37:43,s1_fp32,293,0.0006039558454088796,0.022593620233237743,psnr_sr_rgb_sh0,30.19833039307314,30.19833039307314,30.338977099045152,28.411482217395942,28.491558444822328,0.8611247664690018,0.8190449512004853,val
2026-03-12 03:38:24,s1_fp32,294,0.000601108786166019,0.0230110901594162,psnr_sr_rgb_sh0,30.19816992713137,30.19816992713137,30.338838439335465,28.411482217395942,28.491558444822328,0.8611339509487153,0.8190449512004853,val
2026-03-12 03:39:04,s1_fp32,295,0.0005982583047664151,0.02318199072033167,psnr_sr_rgb_sh0,30.199134684544138,30.199134684544138,30.34014004010438,28.411482217395942,28.491558444822328,0.8611447417736053,0.8190449512004853,val
2026-03-12 03:39:45,s1_fp32,296,0.0005954044976882724,0.02298309911042452,psnr_sr_rgb_sh0,30.199195494976163,30.199195494976163,30.339845956442414,28.411482217395942,28.491558444822328,0.8611575853824616,0.8190449512004853,val
2026-03-12 03:40:26,s1_fp32,297,0.0005925474615223572,0.023038490656763316,psnr_sr_rgb_sh0,30.20110635228956,30.20110635228956,30.341693942109618,28.411482217395942,28.491558444822328,0.8611725944280625,0.8190449512004853,val
2026-03-12 03:41:07,s1_fp32,298,0.0005896872929687287,0.022842833921313286,psnr_sr_rgb_sh0,30.2002306194916,30.2002306194916,30.34074442100008,28.411482217395942,28.491558444822328,0.8611818879842759,0.8190449512004853,val
2026-03-12 03:41:48,s1_fp32,299,0.0005868240888334653,0.022820726428180935,psnr_sr_rgb_sh0,30.20200584965612,30.20200584965612,30.34258345084694,28.411482217395942,28.491558444822328,0.8611925345659256,0.8190449512004853,val
2026-03-12 03:42:28,s1_fp32,300,0.0005839579460253886,0.0229330837726593,psnr_sr_rgb_sh0,30.202526576214897,30.202526576214897,30.34312581667291,28.411482217395942,28.491558444822328,0.8612066555023193,0.8190449512004853,val
2026-03-12 03:43:09,s1_fp32,301,0.0005810889615527838,0.023038241863250732,psnr_sr_rgb_sh0,30.202852480124214,30.202852480124214,30.3433506346992,28.411482217395942,28.491558444822328,0.8612136995792389,0.8190449512004853,val
2026-03-12 03:43:50,s1_fp32,302,0.0005782172325201155,0.023570859134197236,psnr_sr_rgb_sh0,30.203838262559085,30.203838262559085,30.344518040958224,28.411482217395942,28.491558444822328,0.8612245619297028,0.8190449512004853,val
2026-03-12 03:44:31,s1_fp32,303,0.0005753428561247416,0.023480080030858518,psnr_sr_rgb_sh0,30.20359036074067,30.20359036074067,30.34383171730989,28.411482217395942,28.491558444822328,0.861227508187294,0.8190449512004853,val
2026-03-12 03:45:12,s1_fp32,304,0.0005724659296536234,0.02271229425445199,psnr_sr_rgb_sh0,30.204344376045327,30.204344376045327,30.344704124113136,28.411482217395942,28.491558444822328,0.8612464863061905,0.8190449512004853,val
2026-03-12 03:45:53,s1_fp32,305,0.0005695865504800327,0.02277015136554837,psnr_sr_rgb_sh0,30.205056501669127,30.205056501669127,30.34527709573621,28.411482217395942,28.491558444822328,0.8612547606229782,0.8190449512004853,val
2026-03-12 03:46:33,s1_fp32,306,0.0005667048160602564,0.02238286007195711,psnr_sr_rgb_sh0,30.20487040027988,30.20487040027988,30.34516186480784,28.411482217395942,28.491558444822328,0.8612651932239532,0.8190449512004853,val
2026-03-12 03:47:14,s1_fp32,307,0.0005638208239302974,0.02265121802687645,psnr_sr_rgb_sh0,30.20645542005219,30.20645542005219,30.34670478707921,28.411482217395942,28.491558444822328,0.8612747395038605,0.8190449512004853,val
2026-03-12 03:47:55,s1_fp32,308,0.0005609346717025737,0.02324798848479986,psnr_sr_rgb_sh0,30.20691809675454,30.20691809675454,30.34699329950601,28.411482217395942,28.491558444822328,0.8612857192754746,0.8190449512004853,val
2026-03-12 03:48:35,s1_fp32,309,0.0005580464570626152,0.022944485861808063,psnr_sr_rgb_sh0,30.207591809853287,30.207591809853287,30.34782567889043,28.411482217395942,28.491558444822328,0.8612925100326538,0.8190449512004853,val
2026-03-12 03:49:16,s1_fp32,310,0.0005551562777657559,0.02364816129207611,psnr_sr_rgb_sh0,30.20770406932685,30.20770406932685,30.347953119994862,28.411482217395942,28.491558444822328,0.8613013339042663,0.8190449512004853,val
2026-03-12 03:49:56,s1_fp32,311,0.0005522642316338268,0.023057619966566564,psnr_sr_rgb_sh0,30.20809608027861,30.20809608027861,30.34818736413727,28.411482217395942,28.491558444822328,0.8613170927762985,0.8190449512004853,val
2026-03-12 03:50:37,s1_fp32,312,0.000549370416551844,0.0225980875082314,psnr_sr_rgb_sh0,30.208961804232093,30.208961804232093,30.34893417612285,28.411482217395942,28.491558444822328,0.8613251960277557,0.8190449512004853,val
2026-03-12 03:51:17,s1_fp32,313,0.0005464749304646962,0.022333276513963937,psnr_sr_rgb_sh0,30.208814691748806,30.208814691748806,30.34891981392983,28.411482217395942,28.491558444822328,0.8613290375471115,0.8190449512004853,val
2026-03-12 03:51:58,s1_fp32,314,0.0005435778713738292,0.022880935221910478,psnr_sr_rgb_sh0,30.209922922303143,30.209922922303143,30.35005652869806,28.411482217395942,28.491558444822328,0.8613411659002304,0.8190449512004853,val
2026-03-12 03:52:40,s1_fp32,315,0.0005406793373339292,0.023147979117929936,psnr_sr_rgb_sh0,30.21035546440563,30.21035546440563,30.350330771586062,28.411482217395942,28.491558444822328,0.8613532763719559,0.8190449512004853,val
2026-03-12 03:53:21,s1_fp32,316,0.0005377794264496041,0.023221198730170728,psnr_sr_rgb_sh0,30.210611263571874,30.210611263571874,30.350608627807684,28.411482217395942,28.491558444822328,0.8613653630018234,0.8190449512004853,val
2026-03-12 03:54:01,s1_fp32,317,0.0005348782368720626,0.022661562915891408,psnr_sr_rgb_sh0,30.211338018073693,30.211338018073693,30.35114240278836,28.411482217395942,28.491558444822328,0.861376142501831,0.8190449512004853,val
2026-03-12 03:54:42,s1_fp32,318,0.0005319758667957928,0.023115933910012244,psnr_sr_rgb_sh0,30.211973256879645,30.211973256879645,30.352043453190507,28.411482217395942,28.491558444822328,0.8613769441843033,0.8190449512004853,val
2026-03-12 03:55:23,s1_fp32,319,0.0005290724144552379,0.02202805021777749,psnr_sr_rgb_sh0,30.212520865083277,30.212520865083277,30.35242071981651,28.411482217395942,28.491558444822328,0.8613929641246796,0.8190449512004853,val
2026-03-12 03:56:04,s1_fp32,320,0.000526167978121472,0.02266884846612811,psnr_sr_rgb_sh0,30.212508331727864,30.212508331727864,30.352230966689326,28.411482217395942,28.491558444822328,0.8613980346918106,0.8190449512004853,val
2026-03-12 03:56:44,s1_fp32,321,0.0005232626560988735,0.02305002696812153,psnr_sr_rgb_sh0,30.21284025097197,30.21284025097197,30.352509134805178,28.411482217395942,28.491558444822328,0.8614053559303284,0.8190449512004853,val
2026-03-12 03:57:25,s1_fp32,322,0.000520356546721798,0.02320641340687871,psnr_sr_rgb_sh0,30.21362423376002,30.21362423376002,30.353288704384102,28.411482217395942,28.491558444822328,0.8614152413606644,0.8190449512004853,val
2026-03-12 03:58:06,s1_fp32,323,0.0005174497483512506,0.022975415494292974,psnr_sr_rgb_sh0,30.214052304968163,30.214052304968163,30.353879509182484,28.411482217395942,28.491558444822328,0.861425302028656,0.8190449512004853,val
2026-03-12 03:58:47,s1_fp32,324,0.0005145423593715557,0.022672111466526985,psnr_sr_rgb_sh0,30.214179241589004,30.214179241589004,30.35377927616771,28.411482217395942,28.491558444822328,0.8614345210790634,0.8190449512004853,val
2026-03-12 03:59:28,s1_fp32,325,0.0005116344781870281,0.02296351397410035,psnr_sr_rgb_sh0,30.21507065383507,30.21507065383507,30.35473230090476,28.411482217395942,28.491558444822328,0.861438719034195,0.8190449512004853,val
2026-03-12 04:00:10,s1_fp32,326,0.0005087262032186418,0.02257868429645896,psnr_sr_rgb_sh0,30.21546791642902,30.21546791642902,30.354836524095866,28.411482217395942,28.491558444822328,0.8614418107271195,0.8190449512004853,val
2026-03-12 04:00:50,s1_fp32,327,0.0005058176329006986,0.02283811366185546,psnr_sr_rgb_sh0,30.2161514918083,30.2161514918083,30.355679860354968,28.411482217395942,28.491558444822328,0.8614497154951095,0.8190449512004853,val
2026-03-12 04:01:31,s1_fp32,328,0.000502908865677497,0.022846037056297064,psnr_sr_rgb_sh0,30.21702414889827,30.21702414889827,30.356653461735146,28.411482217395942,28.491558444822328,0.8614725190401077,0.8190449512004853,val
2026-03-12 04:02:12,s1_fp32,329,0.0005,0.022689106650650503,psnr_sr_rgb_sh0,30.21730984503883,30.21730984503883,30.3568937275651,28.411482217395942,28.491558444822328,0.8614713311195373,0.8190449512004853,val
2026-03-12 04:02:53,s1_fp32,330,0.0004970911343225031,0.022669109143316747,psnr_sr_rgb_sh0,30.217303165476864,30.217303165476864,30.356665841311695,28.411482217395942,28.491558444822328,0.8614766597747803,0.8190449512004853,val
2026-03-12 04:03:34,s1_fp32,331,0.0004941823670993016,0.023261724896728994,psnr_sr_rgb_sh0,30.217192396881405,30.217192396881405,30.356368322466146,28.411482217395942,28.491558444822328,0.8614797550439834,0.8190449512004853,val
2026-03-12 04:04:15,s1_fp32,332,0.0004912737967813582,0.022479441426694394,psnr_sr_rgb_sh0,30.218134754142213,30.218134754142213,30.357240152857408,28.411482217395942,28.491558444822328,0.8614876747131348,0.8190449512004853,val
2026-03-12 04:04:56,s1_fp32,333,0.0004883655218129719,0.02266879329457879,psnr_sr_rgb_sh0,30.218652800083657,30.218652800083657,30.35785429934879,28.411482217395942,28.491558444822328,0.8614992934465409,0.8190449512004853,val
2026-03-12 04:05:37,s1_fp32,334,0.0004854576406284443,0.022903345078229904,psnr_sr_rgb_sh0,30.218995355970996,30.218995355970996,30.35826626076097,28.411482217395942,28.491558444822328,0.8615022671222686,0.8190449512004853,val
2026-03-12 04:06:18,s1_fp32,335,0.0004825502516487497,0.023258234728127717,psnr_sr_rgb_sh0,30.219468821466663,30.219468821466663,30.35870441021346,28.411482217395942,28.491558444822328,0.8615111708641052,0.8190449512004853,val
2026-03-12 04:06:59,s1_fp32,336,0.0004796434532782021,0.021827721819281578,psnr_sr_rgb_sh0,30.219760628879044,30.219760628879044,30.35890734831068,28.411482217395942,28.491558444822328,0.8615202850103378,0.8190449512004853,val
2026-03-12 04:07:39,s1_fp32,337,0.0004767373439011267,0.02307745013386011,psnr_sr_rgb_sh0,30.220362376809156,30.220362376809156,30.359504702326873,28.411482217395942,28.491558444822328,0.861533921957016,0.8190449512004853,val
2026-03-12 04:08:20,s1_fp32,338,0.0004738320218785281,0.02262031126767397,psnr_sr_rgb_sh0,30.220223487938902,30.220223487938902,30.359315788077975,28.411482217395942,28.491558444822328,0.861534309387207,0.8190449512004853,val
2026-03-12 04:09:01,s1_fp32,339,0.0004709275855447621,0.02185414740815759,psnr_sr_rgb_sh0,30.22113742767639,30.22113742767639,30.36037370732629,28.411482217395942,28.491558444822328,0.8615495437383651,0.8190449512004853,val
2026-03-12 04:09:42,s1_fp32,340,0.0004680241332042072,0.02289168855175376,psnr_sr_rgb_sh0,30.221479896079746,30.221479896079746,30.360671341653205,28.411482217395942,28.491558444822328,0.8615547120571136,0.8190449512004853,val
2026-03-12 04:10:23,s1_fp32,341,0.00046512176312793734,0.022803694624453783,psnr_sr_rgb_sh0,30.22190863735852,30.22190863735852,30.360983874462573,28.411482217395942,28.491558444822328,0.8615665930509567,0.8190449512004853,val
2026-03-12 04:11:04,s1_fp32,342,0.0004622205735503961,0.022789020203053952,psnr_sr_rgb_sh0,30.22207583369384,30.22207583369384,30.36107207089573,28.411482217395942,28.491558444822328,0.8615755689144134,0.8190449512004853,val
2026-03-12 04:11:45,s1_fp32,343,0.00045932066266607093,0.023292954452335833,psnr_sr_rgb_sh0,30.222785663740204,30.222785663740204,30.36192327195158,28.411482217395942,28.491558444822328,0.8615811544656754,0.8190449512004853,val
2026-03-12 04:12:25,s1_fp32,344,0.00045642212862617086,0.022213878836482764,psnr_sr_rgb_sh0,30.22322712117078,30.22322712117078,30.362377786568345,28.411482217395942,28.491558444822328,0.8615924447774888,0.8190449512004853,val
2026-03-12 04:13:06,s1_fp32,345,0.0004535250695353039,0.022750597447156906,psnr_sr_rgb_sh0,30.22348249635802,30.22348249635802,30.36256075519258,28.411482217395942,28.491558444822328,0.861600136756897,0.8190449512004853,val
2026-03-12 04:13:47,s1_fp32,346,0.0004506295834481561,0.02321724109351635,psnr_sr_rgb_sh0,30.22339092697465,30.22339092697465,30.36229880778519,28.411482217395942,28.491558444822328,0.8616014707088471,0.8190449512004853,val
2026-03-12 04:14:27,s1_fp32,347,0.00044773576836617336,0.023086764235049486,psnr_sr_rgb_sh0,30.223873165098283,30.223873165098283,30.362974304846876,28.411482217395942,28.491558444822328,0.8616090691089631,0.8190449512004853,val
2026-03-12 04:15:08,s1_fp32,348,0.00044484372223424414,0.02351842500269413,psnr_sr_rgb_sh0,30.22426763541638,30.22426763541638,30.36338794386586,28.411482217395942,28.491558444822328,0.8616196763515472,0.8190449512004853,val
2026-03-12 04:15:48,s1_fp32,349,0.0004419535429373848,0.022596886456012724,psnr_sr_rgb_sh0,30.224595555583893,30.224595555583893,30.363587348316358,28.411482217395942,28.491558444822328,0.8616251820325851,0.8190449512004853,val
2026-03-12 04:16:30,s1_fp32,350,0.00043906532829742634,0.022667758986353873,psnr_sr_rgb_sh0,30.225105578052993,30.225105578052993,30.364027062247636,28.411482217395942,28.491558444822328,0.8616329652070999,0.8190449512004853,val
2026-03-12 04:17:11,s1_fp32,351,0.0004361791760697027,0.02270367918536067,psnr_sr_rgb_sh0,30.225191800464945,30.225191800464945,30.364255778868486,28.411482217395942,28.491558444822328,0.861636648774147,0.8190449512004853,val
2026-03-12 04:17:51,s1_fp32,352,0.00043329518393974364,0.022585478033870458,psnr_sr_rgb_sh0,30.225858465328493,30.225858465328493,30.36481138929953,28.411482217395942,28.491558444822328,0.861650041937828,0.8190449512004853,val
2026-03-12 04:18:32,s1_fp32,353,0.0004304134495199674,0.023174990471452474,psnr_sr_rgb_sh0,30.226239917721124,30.226239917721124,30.365206560601624,28.411482217395942,28.491558444822328,0.8616573023796081,0.8190449512004853,val
2026-03-12 04:19:13,s1_fp32,354,0.0004275340703463767,0.02212459523230791,psnr_sr_rgb_sh0,30.226340986740365,30.226340986740365,30.3652044689988,28.411482217395942,28.491558444822328,0.8616630160808563,0.8190449512004853,val
2026-03-12 04:19:54,s1_fp32,355,0.00042465714387525844,0.02274415947496891,psnr_sr_rgb_sh0,30.226794540493557,30.226794540493557,30.36583239924159,28.411482217395942,28.491558444822328,0.8616713833808899,0.8190449512004853,val
2026-03-12 04:20:34,s1_fp32,356,0.0004217827674798845,0.021882385350763797,psnr_sr_rgb_sh0,30.227596249851853,30.227596249851853,30.36657742302759,28.411482217395942,28.491558444822328,0.861679180264473,0.8190449512004853,val
2026-03-12 04:21:15,s1_fp32,357,0.00041891103844721633,0.02223092082887888,psnr_sr_rgb_sh0,30.22776837445528,30.22776837445528,30.36669578317528,28.411482217395942,28.491558444822328,0.8616815805435181,0.8190449512004853,val
2026-03-12 04:21:56,s1_fp32,358,0.0004160420539746115,0.022545218989253043,psnr_sr_rgb_sh0,30.228028488603556,30.228028488603556,30.36704711721695,28.411482217395942,28.491558444822328,0.8616911214590073,0.8190449512004853,val
2026-03-12 04:22:36,s1_fp32,359,0.00041317591116653486,0.022350688595324755,psnr_sr_rgb_sh0,30.22797051486113,30.22797051486113,30.366974710495096,28.411482217395942,28.491558444822328,0.8616923993825912,0.8190449512004853,val
2026-03-12 04:23:17,s1_fp32,360,0.0004103127070312713,0.022727755792438985,psnr_sr_rgb_sh0,30.228392871043198,30.228392871043198,30.367299319660347,28.411482217395942,28.491558444822328,0.8616977858543396,0.8190449512004853,val
2026-03-12 04:23:58,s1_fp32,361,0.0004074525384776428,0.023004164882004262,psnr_sr_rgb_sh0,30.228451815527052,30.228451815527052,30.367598404120695,28.411482217395942,28.491558444822328,0.8617070138454437,0.8190449512004853,val
2026-03-12 04:24:39,s1_fp32,362,0.0004045955023117276,0.022371164057403803,psnr_sr_rgb_sh0,30.229120659679904,30.229120659679904,30.36801284014897,28.411482217395942,28.491558444822328,0.8617127233743668,0.8190449512004853,val
2026-03-12 04:25:20,s1_fp32,363,0.0004017416952335849,0.022467627823352813,psnr_sr_rgb_sh0,30.229642121464767,30.229642121464767,30.36848844146224,28.411482217395942,28.491558444822328,0.8617216420173645,0.8190449512004853,val
2026-03-12 04:26:02,s1_fp32,364,0.00039889121383398113,0.022977201119065285,psnr_sr_rgb_sh0,30.230148099675503,30.230148099675503,30.369019151312614,28.411482217395942,28.491558444822328,0.8617310780286789,0.8190449512004853,val
2026-03-12 04:26:43,s1_fp32,365,0.0003960441545911204,0.021661111768335104,psnr_sr_rgb_sh0,30.23059873676113,30.23059873676113,30.36947258503679,28.411482217395942,28.491558444822328,0.8617415827512741,0.8190449512004853,val
2026-03-12 04:27:23,s1_fp32,366,0.00039320061386738007,0.022596694231033325,psnr_sr_rgb_sh0,30.230852759372066,30.230852759372066,30.36973628531346,28.411482217395942,28.491558444822328,0.8617471730709076,0.8190449512004853,val
2026-03-12 04:28:04,s1_fp32,367,0.0003903606879060483,0.022935844231396912,psnr_sr_rgb_sh0,30.23090805348634,30.23090805348634,30.369753677015456,28.411482217395942,28.491558444822328,0.8617492944002152,0.8190449512004853,val
2026-03-12 04:28:46,s1_fp32,368,0.0003875244728280676,0.02260226970538497,psnr_sr_rgb_sh0,30.231258298305132,30.231258298305132,30.37014304586293,28.411482217395942,28.491558444822328,0.8617532968521118,0.8190449512004853,val
2026-03-12 04:29:26,s1_fp32,369,0.00038469206462877993,0.023000071477144956,psnr_sr_rgb_sh0,30.231307916565207,30.231307916565207,30.37015940196298,28.411482217395942,28.491558444822328,0.861755119562149,0.8190449512004853,val
2026-03-12 04:30:08,s1_fp32,370,0.0003818635591746793,0.022687659300863743,psnr_sr_rgb_sh0,30.231615545854414,30.231615545854414,30.37032070157973,28.411482217395942,28.491558444822328,0.8617641896009445,0.8190449512004853,val
2026-03-12 04:30:48,s1_fp32,371,0.0003790390522001662,0.023207286335527898,psnr_sr_rgb_sh0,30.231995943622845,30.231995943622845,30.370801069403132,28.411482217395942,28.491558444822328,0.8617687517404556,0.8190449512004853,val
2026-03-12 04:31:29,s1_fp32,372,0.00037621863930430713,0.021904512643814086,psnr_sr_rgb_sh0,30.232240157343455,30.232240157343455,30.370986260599828,28.411482217395942,28.491558444822328,0.8617757898569107,0.8190449512004853,val
2026-03-12 04:32:10,s1_fp32,373,0.00037340241594759917,0.02262270078063011,psnr_sr_rgb_sh0,30.23227660891194,30.23227660891194,30.371021516547703,28.411482217395942,28.491558444822328,0.8617779320478439,0.8190449512004853,val
2026-03-12 04:32:51,s1_fp32,374,0.0003705904774487396,0.022720548957586288,psnr_sr_rgb_sh0,30.233106592335567,30.233106592335567,30.37178067441005,28.411482217395942,28.491558444822328,0.8617926764488221,0.8190449512004853,val
2026-03-12 04:33:32,s1_fp32,375,0.00036778291898139905,0.0224010125733912,psnr_sr_rgb_sh0,30.23352379035769,30.23352379035769,30.37217079921097,28.411482217395942,28.491558444822328,0.8618006855249405,0.8190449512004853,val
2026-03-12 04:34:13,s1_fp32,376,0.0003649798355709997,0.022887724619358778,psnr_sr_rgb_sh0,30.233899672044537,30.233899672044537,30.372532954072636,28.411482217395942,28.491558444822328,0.8618053632974625,0.8190449512004853,val
2026-03-12 04:34:54,s1_fp32,377,0.00036218132209150044,0.022887467835098506,psnr_sr_rgb_sh0,30.234109946222528,30.234109946222528,30.372695115075544,28.411482217395942,28.491558444822328,0.861811215877533,0.8190449512004853,val
2026-03-12 04:35:35,s1_fp32,378,0.00035938747326218467,0.022856899108737706,psnr_sr_rgb_sh0,30.234255938973746,30.234255938973746,30.372968665025425,28.411482217395942,28.491558444822328,0.8618135195970535,0.8190449512004853,val
2026-03-12 04:36:16,s1_fp32,379,0.00035659838364445503,0.022922658380120992,psnr_sr_rgb_sh0,30.234553940379033,30.234553940379033,30.373249692191898,28.411482217395942,28.491558444822328,0.8618165403604507,0.8190449512004853,val
2026-03-12 04:36:56,s1_fp32,380,0.00035381414763863166,0.023486571870744228,psnr_sr_rgb_sh0,30.234943355563864,30.234943355563864,30.37360568166459,28.411482217395942,28.491558444822328,0.8618210572004318,0.8190449512004853,val
2026-03-12 04:37:37,s1_fp32,381,0.000351034859480759,0.02217435644939542,psnr_sr_rgb_sh0,30.235305117272354,30.235305117272354,30.37394340020488,28.411482217395942,28.491558444822328,0.861824808716774,0.8190449512004853,val
2026-03-12 04:38:17,s1_fp32,382,0.00034826061323941484,0.02264201195910573,psnr_sr_rgb_sh0,30.235497004215144,30.235497004215144,30.374064514669772,28.411482217395942,28.491558444822328,0.8618283152580262,0.8190449512004853,val
2026-03-12 04:38:58,s1_fp32,383,0.00034549150281252633,0.022745026499032973,psnr_sr_rgb_sh0,30.235722122654455,30.235722122654455,30.374372556039383,28.411482217395942,28.491558444822328,0.8618329924345016,0.8190449512004853,val
2026-03-12 04:39:39,s1_fp32,384,0.00034272762192419327,0.022251843120902778,psnr_sr_rgb_sh0,30.235885255835377,30.235885255835377,30.37455973237286,28.411482217395942,28.491558444822328,0.8618374812602997,0.8190449512004853,val
2026-03-12 04:40:20,s1_fp32,385,0.00033996906412151417,0.023647831436246634,psnr_sr_rgb_sh0,30.236301740851903,30.236301740851903,30.37495292395964,28.411482217395942,28.491558444822328,0.861845052242279,0.8190449512004853,val
2026-03-12 04:41:00,s1_fp32,386,0.00033721592277142175,0.022742291241884233,psnr_sr_rgb_sh0,30.236613290948803,30.236613290948803,30.3751952311698,28.411482217395942,28.491558444822328,0.8618510174751282,0.8190449512004853,val
2026-03-12 04:41:41,s1_fp32,387,0.000334468291057521,0.022392521686851977,psnr_sr_rgb_sh0,30.236905355523525,30.236905355523525,30.375418260797986,28.411482217395942,28.491558444822328,0.8618575799465179,0.8190449512004853,val
2026-03-12 04:42:22,s1_fp32,388,0.0003317262619769368,0.02256203964352608,psnr_sr_rgb_sh0,30.237220753519388,30.237220753519388,30.37575372821954,28.411482217395942,28.491558444822328,0.8618648892641068,0.8190449512004853,val
2026-03-12 04:43:02,s1_fp32,389,0.0003289899283371657,0.022854199185967445,psnr_sr_rgb_sh0,30.23766260421762,30.23766260421762,30.376214669495745,28.411482217395942,28.491558444822328,0.8618727946281433,0.8190449512004853,val
2026-03-12 04:43:43,s1_fp32,390,0.0003262593827529343,0.022038762588053942,psnr_sr_rgb_sh0,30.238001306179093,30.238001306179093,30.376538308145005,28.411482217395942,28.491558444822328,0.8618799042701721,0.8190449512004853,val
2026-03-12 04:44:23,s1_fp32,391,0.00032353471764306563,0.022570642456412316,psnr_sr_rgb_sh0,30.23816052194798,30.23816052194798,30.376715922822417,28.411482217395942,28.491558444822328,0.8618803125619888,0.8190449512004853,val
2026-03-12 04:45:04,s1_fp32,392,0.00032081602522734986,0.023119011223316194,psnr_sr_rgb_sh0,30.238276608706244,30.238276608706244,30.376802667718298,28.411482217395942,28.491558444822328,0.8618833637237548,0.8190449512004853,val
2026-03-12 04:45:45,s1_fp32,393,0.0003181033975234244,0.022385311052203177,psnr_sr_rgb_sh0,30.238666797401738,30.238666797401738,30.377205303451184,28.411482217395942,28.491558444822328,0.8618946695327758,0.8190449512004853,val
2026-03-12 04:46:27,s1_fp32,394,0.00031539692634365783,0.022677345350384712,psnr_sr_rgb_sh0,30.238756142829804,30.238756142829804,30.377350986743878,28.411482217395942,28.491558444822328,0.861895968914032,0.8190449512004853,val
2026-03-12 04:47:08,s1_fp32,395,0.00031269670329204396,0.0226416590064764,psnr_sr_rgb_sh0,30.238902634715664,30.238902634715664,30.377435828979365,28.411482217395942,28.491558444822328,0.8618985325098037,0.8190449512004853,val
2026-03-12 04:47:49,s1_fp32,396,0.00031000281976110056,0.022159026507288217,psnr_sr_rgb_sh0,30.23928728619668,30.23928728619668,30.377785211365367,28.411482217395942,28.491558444822328,0.8619073408842087,0.8190449512004853,val
2026-03-12 04:48:33,s1_fp32,397,0.00030731536692877595,0.022331450805068015,psnr_sr_rgb_sh0,30.239456613420334,30.239456613420334,30.377896946729265,28.411482217395942,28.491558444822328,0.8619100362062454,0.8190449512004853,val
2026-03-12 04:49:14,s1_fp32,398,0.0003046344357553632,0.02200236177071929,psnr_sr_rgb_sh0,30.239613434206216,30.239613434206216,30.378077280702247,28.411482217395942,28.491558444822328,0.861910040974617,0.8190449512004853,val
2026-03-12 04:49:56,s1_fp32,399,0.0003019601169804216,0.022533028926700352,psnr_sr_rgb_sh0,30.23966285077679,30.23966285077679,30.378080583845122,28.411482217395942,28.491558444822328,0.8619155210256576,0.8190449512004853,val
2026-03-12 04:50:38,s1_fp32,400,0.0002992925011197053,0.02328096702694893,psnr_sr_rgb_sh0,30.24005911498406,30.24005911498406,30.37850727077794,28.411482217395942,28.491558444822328,0.8619218063354492,0.8190449512004853,val
2026-03-12 04:51:20,s1_fp32,401,0.0002966316784621,0.022165878545492887,psnr_sr_rgb_sh0,30.240403031145593,30.240403031145593,30.378782013571094,28.411482217395942,28.491558444822328,0.861928660273552,0.8190449512004853,val
2026-03-12 04:52:01,s1_fp32,402,0.0002939777390665658,0.022132994160056114,psnr_sr_rgb_sh0,30.2406272032338,30.2406272032338,30.378963852329683,28.411482217395942,28.491558444822328,0.861933114528656,0.8190449512004853,val
2026-03-12 04:52:43,s1_fp32,403,0.0002913307727590911,0.022121654115617274,psnr_sr_rgb_sh0,30.240815974002885,30.240815974002885,30.379134782412148,28.411482217395942,28.491558444822328,0.8619362723827362,0.8190449512004853,val
2026-03-12 04:53:24,s1_fp32,404,0.0002886908691296504,0.022364077791571617,psnr_sr_rgb_sh0,30.24104544268617,30.24104544268617,30.379351732656087,28.411482217395942,28.491558444822328,0.8619389027357102,0.8190449512004853,val
2026-03-12 04:54:05,s1_fp32,405,0.000286058117529173,0.02322128612548113,psnr_sr_rgb_sh0,30.241241890677312,30.241241890677312,30.379622254290734,28.411482217395942,28.491558444822328,0.8619440227746964,0.8190449512004853,val
2026-03-12 04:54:47,s1_fp32,406,0.00028343260706651866,0.022682495191693307,psnr_sr_rgb_sh0,30.241518112968677,30.241518112968677,30.379899281459593,28.411482217395942,28.491558444822328,0.8619533109664917,0.8190449512004853,val
2026-03-12 04:55:28,s1_fp32,407,0.00028081442660546124,0.022673953529447316,psnr_sr_rgb_sh0,30.241719125177784,30.241719125177784,30.380057938189566,28.411482217395942,28.491558444822328,0.8619560247659683,0.8190449512004853,val
2026-03-12 04:56:10,s1_fp32,408,0.00027820366476168226,0.023246892355382444,psnr_sr_rgb_sh0,30.24183631253501,30.24183631253501,30.38016333806969,28.411482217395942,28.491558444822328,0.8619554436206818,0.8190449512004853,val
2026-03-12 04:56:52,s1_fp32,409,0.00027560040989976894,0.022841390818357468,psnr_sr_rgb_sh0,30.24190275225202,30.24190275225202,30.380233153376242,28.411482217395942,28.491558444822328,0.8619566869735718,0.8190449512004853,val
2026-03-12 04:57:33,s1_fp32,410,0.00027300475013022663,0.022898568697273733,psnr_sr_rgb_sh0,30.242272984845144,30.242272984845144,30.380561149851072,28.411482217395942,28.491558444822328,0.861963564157486,0.8190449512004853,val
2026-03-12 04:58:16,s1_fp32,411,0.0002704167733064941,0.022638453580439092,psnr_sr_rgb_sh0,30.242429051308594,30.242429051308594,30.38071866085724,28.411482217395942,28.491558444822328,0.8619647055864335,0.8190449512004853,val
2026-03-12 04:58:58,s1_fp32,412,0.00026783656702197156,0.022522412221878767,psnr_sr_rgb_sh0,30.24259877605588,30.24259877605588,30.380830971252372,28.411482217395942,28.491558444822328,0.8619699436426163,0.8190449512004853,val
2026-03-12 04:59:40,s1_fp32,413,0.00026526421860705474,0.02275031143799424,psnr_sr_rgb_sh0,30.242848107954273,30.242848107954273,30.381087549481332,28.411482217395942,28.491558444822328,0.8619781845808029,0.8190449512004853,val
2026-03-12 05:00:22,s1_fp32,414,0.0002626998151261798,0.021559028793126343,psnr_sr_rgb_sh0,30.243143596841534,30.243143596841534,30.381409620817653,28.411482217395942,28.491558444822328,0.861985559463501,0.8190449512004853,val
2026-03-12 05:01:03,s1_fp32,415,0.0002601434433748771,0.02307345712557435,psnr_sr_rgb_sh0,30.243359404795946,30.243359404795946,30.38160810762909,28.411482217395942,28.491558444822328,0.8619920575618744,0.8190449512004853,val
2026-03-12 05:01:45,s1_fp32,416,0.0002575951898768315,0.02243857931345701,psnr_sr_rgb_sh0,30.243505875219043,30.243505875219043,30.381753695599322,28.411482217395942,28.491558444822328,0.8619943284988403,0.8190449512004853,val
2026-03-12 05:02:26,s1_fp32,417,0.00025505514088095655,0.022984702717512847,psnr_sr_rgb_sh0,30.243625374541015,30.243625374541015,30.381885789430147,28.411482217395942,28.491558444822328,0.8619960790872574,0.8190449512004853,val
2026-03-12 05:03:07,s1_fp32,418,0.000252523382358473,0.022543696220964193,psnr_sr_rgb_sh0,30.243791641117344,30.243791641117344,30.382029436460876,28.411482217395942,28.491558444822328,0.8620002210140228,0.8190449512004853,val
2026-03-12 05:03:49,s1_fp32,419,0.0002500000000000001,0.02254173904657364,psnr_sr_rgb_sh0,30.243894481291488,30.243894481291488,30.38213777453482,28.411482217395942,28.491558444822328,0.8619996589422226,0.8190449512004853,val
2026-03-12 05:04:30,s1_fp32,420,0.00024748507921265513,0.022719940915703774,psnr_sr_rgb_sh0,30.244005113344134,30.244005113344134,30.382248281056324,28.411482217395942,28.491558444822328,0.8620042163133621,0.8190449512004853,val
2026-03-12 05:05:11,s1_fp32,421,0.0002449787051171624,0.02295840870589018,psnr_sr_rgb_sh0,30.244127977805466,30.244127977805466,30.382376381660055,28.411482217395942,28.491558444822328,0.8620116770267486,0.8190449512004853,val
2026-03-12 05:05:52,s1_fp32,422,0.00024248096254497287,0.022414092794060706,psnr_sr_rgb_sh0,30.244104841201406,30.244104841201406,30.38234687217734,28.411482217395942,28.491558444822328,0.8620107382535934,0.8190449512004853,val
2026-03-12 05:06:33,s1_fp32,423,0.00023999193603539232,0.021863412763923406,psnr_sr_rgb_sh0,30.244428210129414,30.244428210129414,30.382636936977274,28.411482217395942,28.491558444822328,0.8620198768377304,0.8190449512004853,val
2026-03-12 05:07:14,s1_fp32,424,0.00023751170983271996,0.022253081575036048,psnr_sr_rgb_sh0,30.244642118672722,30.244642118672722,30.38291401995792,28.411482217395942,28.491558444822328,0.8620211660861969,0.8190449512004853,val
2026-03-12 05:07:55,s1_fp32,425,0.0002350403678833976,0.022820591405034066,psnr_sr_rgb_sh0,30.24475512173967,30.24475512173967,30.382991278651243,28.411482217395942,28.491558444822328,0.8620211541652679,0.8190449512004853,val
2026-03-12 05:08:36,s1_fp32,426,0.00023257799383316798,0.02234097996726632,psnr_sr_rgb_sh0,30.24496982261686,30.24496982261686,30.383160584055307,28.411482217395942,28.491558444822328,0.8620229995250702,0.8190449512004853,val
2026-03-12 05:09:18,s1_fp32,427,0.00023012467102424372,0.02219584321603179,psnr_sr_rgb_sh0,30.245152784790243,30.245152784790243,30.383385052422163,28.411482217395942,28.491558444822328,0.8620283943414688,0.8190449512004853,val
2026-03-12 05:10:00,s1_fp32,428,0.00022768048249248646,0.022117969132959842,psnr_sr_rgb_sh0,30.24537337538286,30.24537337538286,30.383603063576494,28.411482217395942,28.491558444822328,0.8620321851968765,0.8190449512004853,val
2026-03-12 05:10:42,s1_fp32,429,0.000225245510964597,0.02314280651509762,psnr_sr_rgb_sh0,30.245558936655264,30.245558936655264,30.38376961517179,28.411482217395942,28.491558444822328,0.8620355367660523,0.8190449512004853,val
2026-03-12 05:11:23,s1_fp32,430,0.00022281983885531425,0.022380248066037892,psnr_sr_rgb_sh0,30.24572744031372,30.24572744031372,30.383967709047592,28.411482217395942,28.491558444822328,0.8620410883426666,0.8190449512004853,val
2026-03-12 05:12:05,s1_fp32,431,0.00022040354826462666,0.02223240789026022,psnr_sr_rgb_sh0,30.245974550289652,30.245974550289652,30.384149524540796,28.411482217395942,28.491558444822328,0.8620460778474808,0.8190449512004853,val
2026-03-12 05:12:46,s1_fp32,432,0.0002179967209749929,0.02270390123128891,psnr_sr_rgb_sh0,30.246071248231054,30.246071248231054,30.38425212353465,28.411482217395942,28.491558444822328,0.862048379778862,0.8190449512004853,val
2026-03-12 05:13:27,s1_fp32,433,0.0002155994384485742,0.022454134486615658,psnr_sr_rgb_sh0,30.24625519325129,30.24625519325129,30.384436716416136,28.411482217395942,28.491558444822328,0.8620509684085846,0.8190449512004853,val
2026-03-12 05:14:08,s1_fp32,434,0.00021321178182447708,0.02208161249756813,psnr_sr_rgb_sh0,30.24628365982668,30.24628365982668,30.384461161189446,28.411482217395942,28.491558444822328,0.8620521551370621,0.8190449512004853,val
2026-03-12 05:14:49,s1_fp32,435,0.00021083383191600674,0.022414997965097428,psnr_sr_rgb_sh0,30.246458387597254,30.246458387597254,30.384617003800784,28.411482217395942,28.491558444822328,0.8620554715394974,0.8190449512004853,val
2026-03-12 05:15:30,s1_fp32,436,0.00020846566920793263,0.022170207798480987,psnr_sr_rgb_sh0,30.246533601381888,30.246533601381888,30.384674874895346,28.411482217395942,28.491558444822328,0.862057049870491,0.8190449512004853,val
2026-03-12 05:16:12,s1_fp32,437,0.00020610737385376348,0.022230602111667396,psnr_sr_rgb_sh0,30.24651753661406,30.24651753661406,30.38463745849799,28.411482217395942,28.491558444822328,0.8620568019151688,0.8190449512004853,val
2026-03-12 05:16:53,s1_fp32,438,0.00020375902567303471,0.023119924794882535,psnr_sr_rgb_sh0,30.24677668550562,30.24677668550562,30.38487879297031,28.411482217395942,28.491558444822328,0.8620617997646332,0.8190449512004853,val
2026-03-12 05:17:34,s1_fp32,439,0.00020142070414860702,0.022772061210125684,psnr_sr_rgb_sh0,30.246957745839367,30.246957745839367,30.38504856443183,28.411482217395942,28.491558444822328,0.8620677483081818,0.8190449512004853,val
2026-03-12 05:18:15,s1_fp32,440,0.00019909248842397582,0.02294808056205511,psnr_sr_rgb_sh0,30.246923743629363,30.246923743629363,30.384939205436,28.411482217395942,28.491558444822328,0.8620681047439576,0.8190449512004853,val
2026-03-12 05:18:56,s1_fp32,441,0.00019677445730059345,0.02224742026999593,psnr_sr_rgb_sh0,30.247277240654046,30.247277240654046,30.385311906898714,28.411482217395942,28.491558444822328,0.8620767241716385,0.8190449512004853,val
2026-03-12 05:19:37,s1_fp32,442,0.0001944666892352001,0.0221800572052598,psnr_sr_rgb_sh0,30.24744744221171,30.24744744221171,30.385452894880014,28.411482217395942,28.491558444822328,0.8620769029855728,0.8190449512004853,val
2026-03-12 05:20:18,s1_fp32,443,0.00019216926233717085,0.023353722840547562,psnr_sr_rgb_sh0,30.247629846763516,30.247629846763516,30.38566676589892,28.411482217395942,28.491558444822328,0.862081156373024,0.8190449512004853,val
2026-03-12 05:20:59,s1_fp32,444,0.00018988225436587002,0.02332676561549306,psnr_sr_rgb_sh0,30.24776737084707,30.24776737084707,30.38574055112656,28.411482217395942,28.491558444822328,0.8620838874578476,0.8190449512004853,val
2026-03-12 05:21:40,s1_fp32,445,0.00018760574272802001,0.02224738195538521,psnr_sr_rgb_sh0,30.247986125911403,30.247986125911403,30.385935764081367,28.411482217395942,28.491558444822328,0.8620929986238479,0.8190449512004853,val
2026-03-12 05:22:21,s1_fp32,446,0.00018533980447508135,0.022770654503256084,psnr_sr_rgb_sh0,30.24800726352136,30.24800726352136,30.385933144673846,28.411482217395942,28.491558444822328,0.8620890480279922,0.8190449512004853,val
2026-03-12 05:23:03,s1_fp32,447,0.0001830845163006448,0.022945602014660834,psnr_sr_rgb_sh0,30.24810488024934,30.24810488024934,30.386038752523003,28.411482217395942,28.491558444822328,0.8620894956588745,0.8190449512004853,val
2026-03-12 05:23:44,s1_fp32,448,0.00018083995453783603,0.02280448717996478,psnr_sr_rgb_sh0,30.24822926274394,30.24822926274394,30.386149085526082,28.411482217395942,28.491558444822328,0.8620901370048523,0.8190449512004853,val
2026-03-12 05:24:25,s1_fp32,449,0.0001786061951567303,0.021966091003268958,psnr_sr_rgb_sh0,30.248483193899286,30.248483193899286,30.38640183974664,28.411482217395942,28.491558444822328,0.862100213766098,0.8190449512004853,val
2026-03-12 05:25:05,s1_fp32,450,0.00017638331376178384,0.022430075369775294,psnr_sr_rgb_sh0,30.248646149703877,30.248646149703877,30.386561435943328,28.411482217395942,28.491558444822328,0.8621016746759415,0.8190449512004853,val
2026-03-12 05:25:46,s1_fp32,451,0.00017417138558927244,0.023341633789241315,psnr_sr_rgb_sh0,30.24874309441539,30.24874309441539,30.386600220322453,28.411482217395942,28.491558444822328,0.8621068328619004,0.8190449512004853,val
2026-03-12 05:26:26,s1_fp32,452,0.00017197048550474643,0.02207785865291953,psnr_sr_rgb_sh0,30.248768362600266,30.248768362600266,30.38663288683075,28.411482217395942,28.491558444822328,0.862103887796402,0.8190449512004853,val
2026-03-12 05:27:07,s1_fp32,453,0.00016978068800049622,0.02244471576064825,psnr_sr_rgb_sh0,30.24911676429245,30.24911676429245,30.386947369174855,28.411482217395942,28.491558444822328,0.862109106183052,0.8190449512004853,val
2026-03-12 05:27:48,s1_fp32,454,0.00016760206719303107,0.022050771676003934,psnr_sr_rgb_sh0,30.249254405119586,30.249254405119586,30.387090863806637,28.411482217395942,28.491558444822328,0.8621102070808411,0.8190449512004853,val
2026-03-12 05:28:30,s1_fp32,455,0.00016543469682057105,0.022255370914936064,psnr_sr_rgb_sh0,30.249458358168326,30.249458358168326,30.387281865533637,28.411482217395942,28.491558444822328,0.8621159863471984,0.8190449512004853,val
2026-03-12 05:29:11,s1_fp32,456,0.00016327865024054982,0.022559192162007094,psnr_sr_rgb_sh0,30.249626437604096,30.249626437604096,30.38746448915724,28.411482217395942,28.491558444822328,0.8621189349889755,0.8190449512004853,val
2026-03-12 05:29:52,s1_fp32,457,0.0001611340004271339,0.022136328145861625,psnr_sr_rgb_sh0,30.249776481334017,30.249776481334017,30.387635934109454,28.411482217395942,28.491558444822328,0.8621212285757065,0.8190449512004853,val
2026-03-12 05:30:32,s1_fp32,458,0.00015900081996875082,0.022243444994091987,psnr_sr_rgb_sh0,30.249864333130393,30.249864333130393,30.38770527403981,28.411482217395942,28.491558444822328,0.86212526679039,0.8190449512004853,val
2026-03-12 05:31:14,s1_fp32,459,0.00015687918106563326,0.022429755870252848,psnr_sr_rgb_sh0,30.249939397563676,30.249939397563676,30.387776967635094,28.411482217395942,28.491558444822328,0.8621215438842773,0.8190449512004853,val
2026-03-12 05:31:55,s1_fp32,460,0.00015476915552737532,0.02267577586695552,psnr_sr_rgb_sh0,30.250060910709713,30.250060910709713,30.387885912361195,28.411482217395942,28.491558444822328,0.8621266061067581,0.8190449512004853,val
2026-03-12 05:32:36,s1_fp32,461,0.00015267081477050133,0.022923913076519965,psnr_sr_rgb_sh0,30.250222320739237,30.250222320739237,30.388086909279693,28.411482217395942,28.491558444822328,0.862125660777092,0.8190449512004853,val
2026-03-12 05:33:16,s1_fp32,462,0.00015058422981604997,0.022933693937957286,psnr_sr_rgb_sh0,30.250383382061614,30.250383382061614,30.38827994691828,28.411482217395942,28.491558444822328,0.8621308845281601,0.8190449512004853,val
2026-03-12 05:33:57,s1_fp32,463,0.00014850947128716913,0.02228465674445033,psnr_sr_rgb_sh0,30.25048346663998,30.25048346663998,30.388395772418257,28.411482217395942,28.491558444822328,0.8621331942081452,0.8190449512004853,val
2026-03-12 05:34:38,s1_fp32,464,0.00014644660940672628,0.022767660114914177,psnr_sr_rgb_sh0,30.250583094125382,30.250583094125382,30.388470473841252,28.411482217395942,28.491558444822328,0.86213896214962,0.8190449512004853,val
2026-03-12 05:35:19,s1_fp32,465,0.00014439571399493145,0.022324266098439693,psnr_sr_rgb_sh0,30.250699681246303,30.250699681246303,30.388641566279738,28.411482217395942,28.491558444822328,0.8621439218521119,0.8190449512004853,val
2026-03-12 05:36:00,s1_fp32,466,0.00014235685446697434,0.022252688352018594,psnr_sr_rgb_sh0,30.25078469541849,30.25078469541849,30.388756839963364,28.411482217395942,28.491558444822328,0.8621443367004394,0.8190449512004853,val
2026-03-12 05:36:42,s1_fp32,467,0.00014033009983067452,0.02224381946027279,psnr_sr_rgb_sh0,30.25090943704381,30.25090943704381,30.388846013176508,28.411482217395942,28.491558444822328,0.8621489894390106,0.8190449512004853,val
2026-03-12 05:37:23,s1_fp32,468,0.000138315518684146,0.022601834498345852,psnr_sr_rgb_sh0,30.251073468515955,30.251073468515955,30.388990342712706,28.411482217395942,28.491558444822328,0.8621512508392334,0.8190449512004853,val
2026-03-12 05:38:03,s1_fp32,469,0.00013631317921347562,0.022919884733855724,psnr_sr_rgb_sh0,30.251202656226674,30.251202656226674,30.389042465995654,28.411482217395942,28.491558444822328,0.8621564024686813,0.8190449512004853,val
2026-03-12 05:38:44,s1_fp32,470,0.00013432314919041476,0.022878166176378726,psnr_sr_rgb_sh0,30.251338410292828,30.251338410292828,30.389213794557485,28.411482217395942,28.491558444822328,0.8621612393856048,0.8190449512004853,val
2026-03-12 05:39:25,s1_fp32,471,0.00013234549597008571,0.02292234692722559,psnr_sr_rgb_sh0,30.25138236436211,30.25138236436211,30.389257816379285,28.411482217395942,28.491558444822328,0.8621601551771164,0.8190449512004853,val
2026-03-12 05:40:06,s1_fp32,472,0.00013038028648870205,0.02223691711202264,psnr_sr_rgb_sh0,30.25158165376786,30.25158165376786,30.3894747970968,28.411482217395942,28.491558444822328,0.8621677446365357,0.8190449512004853,val
2026-03-12 05:40:48,s1_fp32,473,0.00012842758726130281,0.022463429737836122,psnr_sr_rgb_sh0,30.251759431856314,30.251759431856314,30.389630163572402,28.411482217395942,28.491558444822328,0.8621726214885712,0.8190449512004853,val
2026-03-12 05:41:28,s1_fp32,474,0.00012648746437950208,0.022505062725394966,psnr_sr_rgb_sh0,30.251934462108952,30.251934462108952,30.389829182790486,28.411482217395942,28.491558444822328,0.862176569700241,0.8190449512004853,val
2026-03-12 05:42:09,s1_fp32,475,0.0001245599835092504,0.02249051831662655,psnr_sr_rgb_sh0,30.252019022516098,30.252019022516098,30.389894789380474,28.411482217395942,28.491558444822328,0.8621754974126816,0.8190449512004853,val
2026-03-12 05:42:50,s1_fp32,476,0.000122645209888614,0.02249156080186367,psnr_sr_rgb_sh0,30.251977053260745,30.251977053260745,30.389794720681166,28.411482217395942,28.491558444822328,0.862175636291504,0.8190449512004853,val
2026-03-12 05:43:31,s1_fp32,477,0.00012074320832556557,0.022858616933226585,psnr_sr_rgb_sh0,30.252155744438006,30.252155744438006,30.389995326411146,28.411482217395942,28.491558444822328,0.8621744030714035,0.8190449512004853,val
2026-03-12 05:44:12,s1_fp32,478,0.00011885404319579107,0.022365692146122454,psnr_sr_rgb_sh0,30.252267753788548,30.252267753788548,30.390075432450757,28.411482217395942,28.491558444822328,0.862175881266594,0.8190449512004853,val
2026-03-12 05:44:52,s1_fp32,479,0.00011697777844051105,0.022031818926334382,psnr_sr_rgb_sh0,30.252313713381405,30.252313713381405,30.390089253454157,28.411482217395942,28.491558444822328,0.862176913022995,0.8190449512004853,val
2026-03-12 05:45:33,s1_fp32,480,0.00011511447756431604,0.022619509026408195,psnr_sr_rgb_sh0,30.25234944189999,30.25234944189999,30.390140599077505,28.411482217395942,28.491558444822328,0.8621767657995224,0.8190449512004853,val
2026-03-12 05:46:15,s1_fp32,481,0.00011326420363301809,0.02278961194679141,psnr_sr_rgb_sh0,30.252434705742665,30.252434705742665,30.390221227415427,28.411482217395942,28.491558444822328,0.8621819913387299,0.8190449512004853,val
2026-03-12 05:46:56,s1_fp32,482,0.00011142701927151455,0.0223839701525867,psnr_sr_rgb_sh0,30.252456108460603,30.252456108460603,30.390207427974655,28.411482217395942,28.491558444822328,0.8621804302930832,0.8190449512004853,val
2026-03-12 05:47:36,s1_fp32,483,0.0001096029866616704,0.023073741290718316,psnr_sr_rgb_sh0,30.252564981004266,30.252564981004266,30.390332618274,28.411482217395942,28.491558444822328,0.8621792519092559,0.8190449512004853,val
2026-03-12 05:48:17,s1_fp32,484,0.00010779216754021215,0.023246940728276967,psnr_sr_rgb_sh0,30.252691874865576,30.252691874865576,30.39045120733653,28.411482217395942,28.491558444822328,0.8621859121322631,0.8190449512004853,val
2026-03-12 05:48:58,s1_fp32,485,0.00010599462319663906,0.022227603066712617,psnr_sr_rgb_sh0,30.252775731853493,30.252775731853493,30.390512293726864,28.411482217395942,28.491558444822328,0.8621840494871139,0.8190449512004853,val
2026-03-12 05:49:39,s1_fp32,486,0.00010421041447114837,0.02287894144654274,psnr_sr_rgb_sh0,30.25293020461771,30.25293020461771,30.390667929154645,28.411482217395942,28.491558444822328,0.8621867257356643,0.8190449512004853,val
2026-03-12 05:50:19,s1_fp32,487,0.00010243960175257604,0.022249174173921346,psnr_sr_rgb_sh0,30.253046163999006,30.253046163999006,30.390776468971115,28.411482217395942,28.491558444822328,0.8621868163347244,0.8190449512004853,val
2026-03-12 05:51:00,s1_fp32,488,0.00010068224497635369,0.022186355739831923,psnr_sr_rgb_sh0,30.253126653428758,30.253126653428758,30.39088760293182,28.411482217395942,28.491558444822328,0.8621906328201294,0.8190449512004853,val
2026-03-12 05:51:41,s1_fp32,489,9.893840362247809e-05,0.022098098788410424,psnr_sr_rgb_sh0,30.253225194700935,30.253225194700935,30.390957987776474,28.411482217395942,28.491558444822328,0.8621970236301422,0.8190449512004853,val
2026-03-12 05:52:22,s1_fp32,490,9.720813671350031e-05,0.02214511999860406,psnr_sr_rgb_sh0,30.253359062917838,30.253359062917838,30.39111502287601,28.411482217395942,28.491558444822328,0.8622018390893936,0.8190449512004853,val
2026-03-12 05:53:03,s1_fp32,491,9.549150281252633e-05,0.02228199550881982,psnr_sr_rgb_sh0,30.25343569860364,30.25343569860364,30.391178394786884,28.411482217395942,28.491558444822328,0.8622009813785553,0.8190449512004853,val
2026-03-12 05:53:43,s1_fp32,492,9.378856002123548e-05,0.022831561844795942,psnr_sr_rgb_sh0,30.25354563926702,30.25354563926702,30.391305418885214,28.411482217395942,28.491558444822328,0.8621983969211579,0.8190449512004853,val
2026-03-12 05:54:24,s1_fp32,493,9.209936597791407e-05,0.02250238858163357,psnr_sr_rgb_sh0,30.25358686497511,30.25358686497511,30.39130693808484,28.411482217395942,28.491558444822328,0.8622005420923233,0.8190449512004853,val
2026-03-12 05:55:05,s1_fp32,494,9.042397785550405e-05,0.022312990687787533,psnr_sr_rgb_sh0,30.25368581204184,30.25368581204184,30.391397432060117,28.411482217395942,28.491558444822328,0.8622048854827881,0.8190449512004853,val
2026-03-12 05:55:46,s1_fp32,495,8.876245235966885e-05,0.021571667827665807,psnr_sr_rgb_sh0,30.253826995396967,30.253826995396967,30.391501991443146,28.411482217395942,28.491558444822328,0.8622126322984696,0.8190449512004853,val
2026-03-12 05:56:27,s1_fp32,496,8.711484572687295e-05,0.02236238542944193,psnr_sr_rgb_sh0,30.253817981701125,30.253817981701125,30.39148450229082,28.411482217395942,28.491558444822328,0.8622116762399673,0.8190449512004853,val
2026-03-12 05:57:08,s1_fp32,497,8.548121372247918e-05,0.022306310161948204,psnr_sr_rgb_sh0,30.253870635862754,30.253870635862754,30.39152436384443,28.411482217395942,28.491558444822328,0.8622104430198669,0.8190449512004853,val
2026-03-12 05:57:49,s1_fp32,498,8.386161163886118e-05,0.02250221237540245,psnr_sr_rgb_sh0,30.253926268459086,30.253926268459086,30.3915884201072,28.411482217395942,28.491558444822328,0.8622085392475128,0.8190449512004853,val
2026-03-12 05:58:30,s1_fp32,499,8.225609429353187e-05,0.021492503359913828,psnr_sr_rgb_sh0,30.25404369522415,30.25404369522415,30.391676608965653,28.411482217395942,28.491558444822328,0.8622134828567505,0.8190449512004853,val
2026-03-12 05:59:10,s1_fp32,500,8.066471602728804e-05,0.021658871080726384,psnr_sr_rgb_sh0,30.254127078076923,30.254127078076923,30.39174117907203,28.411482217395942,28.491558444822328,0.8622144216299057,0.8190449512004853,val
2026-03-12 05:59:51,s1_fp32,501,7.908753070237123e-05,0.022689079903066157,psnr_sr_rgb_sh0,30.25420512707442,30.25420512707442,30.391800733920764,28.411482217395942,28.491558444822328,0.8622152507305145,0.8190449512004853,val
2026-03-12 06:00:31,s1_fp32,502,7.752459170064491e-05,0.02224338850006461,psnr_sr_rgb_sh0,30.254153411826127,30.254153411826127,30.391789245264277,28.411482217395942,28.491558444822328,0.8622109198570251,0.8190449512004853,val
2026-03-12 06:01:13,s1_fp32,503,7.597595192178702e-05,0.022337873335927724,psnr_sr_rgb_sh0,30.254248918380977,30.254248918380977,30.391877224702142,28.411482217395942,28.491558444822328,0.8622136914730072,0.8190449512004853,val
2026-03-12 06:01:53,s1_fp32,504,7.444166378150013e-05,0.022569867409765722,psnr_sr_rgb_sh0,30.254282897764266,30.254282897764266,30.3918920966647,28.411482217395942,28.491558444822328,0.8622155094146728,0.8190449512004853,val
2026-03-12 06:02:34,s1_fp32,505,7.292177920973725e-05,0.022286107782274484,psnr_sr_rgb_sh0,30.254384798846186,30.254384798846186,30.39198775744582,28.411482217395942,28.491558444822328,0.8622160083055497,0.8190449512004853,val
2026-03-12 06:03:15,s1_fp32,506,7.14163496489439e-05,0.022562982346862555,psnr_sr_rgb_sh0,30.25450130931772,30.25450130931772,30.392173464845264,28.411482217395942,28.491558444822328,0.8622151595354081,0.8190449512004853,val
2026-03-12 06:03:56,s1_fp32,507,6.992542605231739e-05,0.022448921166360377,psnr_sr_rgb_sh0,30.2546018642729,30.2546018642729,30.39224385395569,28.411482217395942,28.491558444822328,0.8622184938192368,0.8190449512004853,val
2026-03-12 06:04:37,s1_fp32,508,6.844905888208181e-05,0.021983368881046773,psnr_sr_rgb_sh0,30.254686162614803,30.254686162614803,30.392289710392664,28.411482217395942,28.491558444822328,0.8622211450338364,0.8190449512004853,val
2026-03-12 06:05:18,s1_fp32,509,6.698729810778065e-05,0.022259943913668395,psnr_sr_rgb_sh0,30.254691843279076,30.254691843279076,30.392300733440475,28.411482217395942,28.491558444822328,0.8622169953584671,0.8190449512004853,val
2026-03-12 06:05:59,s1_fp32,510,6.554019320458493e-05,0.02240807006135583,psnr_sr_rgb_sh0,30.254831395541984,30.254831395541984,30.392432805196187,28.411482217395942,28.491558444822328,0.8622214317321777,0.8190449512004853,val
2026-03-12 06:06:39,s1_fp32,511,6.410779315161885e-05,0.022482070531696083,psnr_sr_rgb_sh0,30.25498572803584,30.25498572803584,30.392555933816475,28.411482217395942,28.491558444822328,0.8622253811359406,0.8190449512004853,val
2026-03-12 06:07:19,s1_fp32,512,6.269014643030213e-05,0.02256900064647198,psnr_sr_rgb_sh0,30.25495948960345,30.25495948960345,30.39249130016087,28.411482217395942,28.491558444822328,0.8622218286991119,0.8190449512004853,val
2026-03-12 06:08:00,s1_fp32,513,6.128730102270897e-05,0.022167625539004802,psnr_sr_rgb_sh0,30.25506111836446,30.25506111836446,30.392608852569893,28.411482217395942,28.491558444822328,0.8622230875492096,0.8190449512004853,val
2026-03-12 06:08:41,s1_fp32,514,5.989930440994451e-05,0.022065576426684858,psnr_sr_rgb_sh0,30.255089112501942,30.255089112501942,30.392646309022144,28.411482217395942,28.491558444822328,0.8622247153520584,0.8190449512004853,val
2026-03-12 06:09:21,s1_fp32,515,5.852620357053651e-05,0.022481200564652682,psnr_sr_rgb_sh0,30.255237819488503,30.255237819488503,30.39280034140006,28.411482217395942,28.491558444822328,0.8622261953353881,0.8190449512004853,val
2026-03-12 06:10:02,s1_fp32,516,5.716804497884698e-05,0.022222226075828074,psnr_sr_rgb_sh0,30.25533552191143,30.25533552191143,30.39292400604489,28.411482217395942,28.491558444822328,0.8622294044494629,0.8190449512004853,val
2026-03-12 06:10:43,s1_fp32,517,5.5824874603498056e-05,0.021975895650684835,psnr_sr_rgb_sh0,30.255399038963315,30.255399038963315,30.39297115632389,28.411482217395942,28.491558444822328,0.8622307765483856,0.8190449512004853,val
2026-03-12 06:11:24,s1_fp32,518,5.449673790581611e-05,0.022495993599295615,psnr_sr_rgb_sh0,30.255361221463705,30.255361221463705,30.392952917486113,28.411482217395942,28.491558444822328,0.862225923538208,0.8190449512004853,val
2026-03-12 06:12:04,s1_fp32,519,5.318367983829392e-05,0.022663358747959137,psnr_sr_rgb_sh0,30.255469065562906,30.255469065562906,30.393016503699005,28.411482217395942,28.491558444822328,0.8622351717948914,0.8190449512004853,val
2026-03-12 06:12:45,s1_fp32,520,5.1885744843068295e-05,0.021931633464992047,psnr_sr_rgb_sh0,30.255502962784682,30.255502962784682,30.393031137404787,28.411482217395942,28.491558444822328,0.862233601808548,0.8190449512004853,val
2026-03-12 06:13:25,s1_fp32,521,5.060297685041659e-05,0.02264768024906516,psnr_sr_rgb_sh0,30.255586580568803,30.255586580568803,30.39310289241675,28.411482217395942,28.491558444822328,0.8622348171472549,0.8190449512004853,val
2026-03-12 06:14:06,s1_fp32,522,4.933541927726887e-05,0.023003373518586157,psnr_sr_rgb_sh0,30.25562528943591,30.25562528943591,30.393158472737486,28.411482217395942,28.491558444822328,0.8622338038682937,0.8190449512004853,val
2026-03-12 06:14:47,s1_fp32,523,4.8083115025739754e-05,0.022228924706578255,psnr_sr_rgb_sh0,30.255758247993594,30.255758247993594,30.393268061281642,28.411482217395942,28.491558444822328,0.8622398811578751,0.8190449512004853,val
2026-03-12 06:15:27,s1_fp32,524,4.684610648167503e-05,0.02295930877327919,psnr_sr_rgb_sh0,30.255834784321333,30.255834784321333,30.39334006224825,28.411482217395942,28.491558444822328,0.862237760424614,0.8190449512004853,val
2026-03-12 06:16:09,s1_fp32,525,4.562443551321788e-05,0.022115077767521144,psnr_sr_rgb_sh0,30.255876081579864,30.255876081579864,30.393379027463258,28.411482217395942,28.491558444822328,0.8622384029626846,0.8190449512004853,val
2026-03-12 06:16:50,s1_fp32,526,4.441814346939149e-05,0.02248382894322276,psnr_sr_rgb_sh0,30.255838332080188,30.255838332080188,30.393325481000794,28.411482217395942,28.491558444822328,0.8622412639856338,0.8190449512004853,val
2026-03-12 06:17:31,s1_fp32,527,4.322727117869951e-05,0.022656352408230305,psnr_sr_rgb_sh0,30.25582497868036,30.25582497868036,30.393302595754886,28.411482217395942,28.491558444822328,0.8622412592172622,0.8190449512004853,val
2026-03-12 06:18:11,s1_fp32,528,4.205185894774455e-05,0.02195977672934532,psnr_sr_rgb_sh0,30.25590713258448,30.25590713258448,30.393369885291133,28.411482217395942,28.491558444822328,0.8622439301013947,0.8190449512004853,val
2026-03-12 06:18:52,s1_fp32,529,4.0891946559863055e-05,0.02183665405958891,psnr_sr_rgb_sh0,30.255908232244977,30.255908232244977,30.393390369471366,28.411482217395942,28.491558444822328,0.8622445285320282,0.8190449512004853,val
2026-03-12 06:19:33,s1_fp32,530,3.974757327377981e-05,0.023059918973594905,psnr_sr_rgb_sh0,30.255902603023774,30.255902603023774,30.393396399837542,28.411482217395942,28.491558444822328,0.8622409927845002,0.8190449512004853,val
2026-03-12 06:20:14,s1_fp32,531,3.861877782227885e-05,0.02230579063296318,psnr_sr_rgb_sh0,30.25599454116621,30.25599454116621,30.393529542440437,28.411482217395942,28.491558444822328,0.8622437453269959,0.8190449512004853,val
2026-03-12 06:20:55,s1_fp32,532,3.750559841089196e-05,0.02163116304203868,psnr_sr_rgb_sh0,30.256088939205373,30.256088939205373,30.393634628836573,28.411482217395942,28.491558444822328,0.8622470152378082,0.8190449512004853,val
2026-03-12 06:21:35,s1_fp32,533,3.6408072716606344e-05,0.022335155047476293,psnr_sr_rgb_sh0,30.255992011979902,30.255992011979902,30.393557936317258,28.411482217395942,28.491558444822328,0.862248672246933,0.8190449512004853,val
2026-03-12 06:22:16,s1_fp32,534,3.532623788658873e-05,0.022573250457644464,psnr_sr_rgb_sh0,30.255996946014108,30.255996946014108,30.39354662374886,28.411482217395942,28.491558444822328,0.862247496843338,0.8190449512004853,val
2026-03-12 06:22:57,s1_fp32,535,3.426013053692878e-05,0.022334963921457528,psnr_sr_rgb_sh0,30.25608985015661,30.25608985015661,30.393639871231134,28.411482217395942,28.491558444822328,0.8622517669200898,0.8190449512004853,val
2026-03-12 06:23:38,s1_fp32,536,3.3209786751399184e-05,0.02233957637101412,psnr_sr_rgb_sh0,30.256109081386498,30.256109081386498,30.39364800106474,28.411482217395942,28.491558444822328,0.8622507119178772,0.8190449512004853,val
2026-03-12 06:24:19,s1_fp32,537,3.217524208023431e-05,0.02257245862856507,psnr_sr_rgb_sh0,30.25612269651539,30.25612269651539,30.39367152893728,28.411482217395942,28.491558444822328,0.8622507321834564,0.8190449512004853,val
2026-03-12 06:24:59,s1_fp32,538,3.115653153892761e-05,0.02279782511293888,psnr_sr_rgb_sh0,30.256207110390722,30.256207110390722,30.39374766071801,28.411482217395942,28.491558444822328,0.8622499424219131,0.8190449512004853,val
2026-03-12 06:25:40,s1_fp32,539,3.0153689607045842e-05,0.022216184027493,psnr_sr_rgb_sh0,30.256246298461246,30.256246298461246,30.39378457984089,28.411482217395942,28.491558444822328,0.8622506880760192,0.8190449512004853,val
2026-03-12 06:26:21,s1_fp32,540,2.9166750227062387e-05,0.022083384692668916,psnr_sr_rgb_sh0,30.256279605872045,30.256279605872045,30.39381239712527,28.411482217395942,28.491558444822328,0.8622511100769042,0.8190449512004853,val
2026-03-12 06:27:02,s1_fp32,541,2.8195746803208243e-05,0.02299123328179121,psnr_sr_rgb_sh0,30.25628500639656,30.25628500639656,30.393829851312667,28.411482217395942,28.491558444822328,0.8622499823570251,0.8190449512004853,val
2026-03-12 06:27:43,s1_fp32,542,2.724071220034158e-05,0.02209148935973644,psnr_sr_rgb_sh0,30.256204558417565,30.256204558417565,30.393722126130086,28.411482217395942,28.491558444822328,0.8622467708587647,0.8190449512004853,val
2026-03-12 06:28:24,s1_fp32,543,2.63016787428354e-05,0.02267454432323575,psnr_sr_rgb_sh0,30.256268216401836,30.256268216401836,30.393762742011276,28.411482217395942,28.491558444822328,0.8622475689649582,0.8190449512004853,val
2026-03-12 06:29:05,s1_fp32,544,2.537867821348305e-05,0.02253462389111519,psnr_sr_rgb_sh0,30.256281089767548,30.256281089767548,30.39376648464267,28.411482217395942,28.491558444822328,0.8622481900453568,0.8190449512004853,val
2026-03-12 06:29:46,s1_fp32,545,2.4471741852423235e-05,0.022109530549496412,psnr_sr_rgb_sh0,30.25627729695135,30.25627729695135,30.393752966291398,28.411482217395942,28.491558444822328,0.86224873483181,0.8190449512004853,val
2026-03-12 06:30:27,s1_fp32,546,2.3580900356081904e-05,0.02254963744431734,psnr_sr_rgb_sh0,30.256333435398073,30.256333435398073,30.393796938465176,28.411482217395942,28.491558444822328,0.8622516733407974,0.8190449512004853,val
2026-03-12 06:31:08,s1_fp32,547,2.2706183876134045e-05,0.0218106128834188,psnr_sr_rgb_sh0,30.256326520162673,30.256326520162673,30.39379045197568,28.411482217395942,28.491558444822328,0.8622527867555618,0.8190449512004853,val
2026-03-12 06:31:49,s1_fp32,548,2.1847622018482283e-05,0.022474343106150627,psnr_sr_rgb_sh0,30.256393374506448,30.256393374506448,30.393836964590534,28.411482217395942,28.491558444822328,0.862254393696785,0.8190449512004853,val
2026-03-12 06:32:30,s1_fp32,549,2.100524384225555e-05,0.022518590204417707,psnr_sr_rgb_sh0,30.256428072774106,30.256428072774106,30.39383240730241,28.411482217395942,28.491558444822328,0.8622600829601288,0.8190449512004853,val
2026-03-12 06:33:10,s1_fp32,550,2.0179077858825447e-05,0.022518922202289106,psnr_sr_rgb_sh0,30.25653665964285,30.25653665964285,30.393958071312905,28.411482217395942,28.491558444822328,0.86226005256176,0.8190449512004853,val
2026-03-12 06:33:51,s1_fp32,551,1.9369152030840554e-05,0.02260731566697359,psnr_sr_rgb_sh0,30.256525287321697,30.256525287321697,30.393954024313047,28.411482217395942,28.491558444822328,0.8622589355707169,0.8190449512004853,val
2026-03-12 06:34:33,s1_fp32,552,1.8575493771281205e-05,0.022151787057518958,psnr_sr_rgb_sh0,30.256700462227958,30.256700462227958,30.394137258116064,28.411482217395942,28.491558444822328,0.8622662454843522,0.8190449512004853,val
2026-03-12 06:35:13,s1_fp32,553,1.779812994253055e-05,0.022578829322010278,psnr_sr_rgb_sh0,30.256710281887546,30.256710281887546,30.394157580703627,28.411482217395942,28.491558444822328,0.8622640180587768,0.8190449512004853,val
2026-03-12 06:35:54,s1_fp32,554,1.70370868554659e-05,0.02194517806172371,psnr_sr_rgb_sh0,30.25671591243988,30.25671591243988,30.394167481879794,28.411482217395942,28.491558444822328,0.8622610634565353,0.8190449512004853,val
2026-03-12 06:36:35,s1_fp32,555,1.6292390268568102e-05,0.022637452837079762,psnr_sr_rgb_sh0,30.256784186299704,30.256784186299704,30.394222010039,28.411482217395942,28.491558444822328,0.8622626787424088,0.8190449512004853,val
2026-03-12 06:37:15,s1_fp32,556,1.556406538704963e-05,0.02316437704488635,psnr_sr_rgb_sh0,30.25684340812753,30.25684340812753,30.39427153485125,28.411482217395942,28.491558444822328,0.862261614203453,0.8190449512004853,val
2026-03-12 06:37:57,s1_fp32,557,1.4852136862001764e-05,0.02274841420352459,psnr_sr_rgb_sh0,30.25686284301248,30.25686284301248,30.394273881708358,28.411482217395942,28.491558444822328,0.8622615444660187,0.8190449512004853,val
2026-03-12 06:38:38,s1_fp32,558,1.4156628789559923e-05,0.022425825837999583,psnr_sr_rgb_sh0,30.25687627790986,30.25687627790986,30.394299609018915,28.411482217395942,28.491558444822328,0.8622614496946335,0.8190449512004853,val
2026-03-12 06:39:18,s1_fp32,559,1.3477564710088097e-05,0.022224187720566987,psnr_sr_rgb_sh0,30.256905047673218,30.256905047673218,30.394322963216915,28.411482217395942,28.491558444822328,0.8622637069225312,0.8190449512004853,val
2026-03-12 06:39:59,s1_fp32,560,1.2814967607382432e-05,0.02212807856500149,psnr_sr_rgb_sh0,30.256897272672436,30.256897272672436,30.39432055872543,28.411482217395942,28.491558444822328,0.8622661733627319,0.8190449512004853,val
2026-03-12 06:40:40,s1_fp32,561,1.2168859907892904e-05,0.022302849646657706,psnr_sr_rgb_sh0,30.256852073952146,30.256852073952146,30.39427897085435,28.411482217395942,28.491558444822328,0.8622655779123306,0.8190449512004853,val
2026-03-12 06:41:21,s1_fp32,562,1.1539263479964535e-05,0.02297513311728835,psnr_sr_rgb_sh0,30.256910726488453,30.256910726488453,30.394332131043434,28.411482217395942,28.491558444822328,0.8622647392749786,0.8190449512004853,val
2026-03-12 06:42:02,s1_fp32,563,1.0926199633097156e-05,0.022920772917568683,psnr_sr_rgb_sh0,30.256924479104057,30.256924479104057,30.39434020466951,28.411482217395942,28.491558444822328,0.8622653079032898,0.8190449512004853,val
2026-03-12 06:42:43,s1_fp32,564,1.0329689117224261e-05,0.02171528635546565,psnr_sr_rgb_sh0,30.256924039023467,30.256924039023467,30.394348755839868,28.411482217395942,28.491558444822328,0.8622684246301651,0.8190449512004853,val
2026-03-12 06:43:24,s1_fp32,565,9.749752122010347e-06,0.022841201461851597,psnr_sr_rgb_sh0,30.25693759995535,30.25693759995535,30.394351551866457,28.411482217395942,28.491558444822328,0.8622691321372986,0.8190449512004853,val
2026-03-12 06:44:04,s1_fp32,566,9.186408276168012e-06,0.02283994620665908,psnr_sr_rgb_sh0,30.256953352012697,30.256953352012697,30.394371269553332,28.411482217395942,28.491558444822328,0.8622698765993119,0.8190449512004853,val
2026-03-12 06:44:45,s1_fp32,567,8.639676646793382e-06,0.022278098557144403,psnr_sr_rgb_sh0,30.256933598946603,30.256933598946603,30.39434170004529,28.411482217395942,28.491558444822328,0.8622697615623474,0.8190449512004853,val
2026-03-12 06:45:26,s1_fp32,568,8.109575738720621e-06,0.02277216348797083,psnr_sr_rgb_sh0,30.256978093774475,30.256978093774475,30.394396313353546,28.411482217395942,28.491558444822328,0.8622687184810638,0.8190449512004853,val
2026-03-12 06:46:07,s1_fp32,569,7.59612349389599e-06,0.022319932021200656,psnr_sr_rgb_sh0,30.257013703361118,30.257013703361118,30.394436142170722,28.411482217395942,28.491558444822328,0.8622660726308823,0.8190449512004853,val
2026-03-12 06:46:48,s1_fp32,570,7.099337290770169e-06,0.02266386857256293,psnr_sr_rgb_sh0,30.257032273388603,30.257032273388603,30.39445026896033,28.411482217395942,28.491558444822328,0.8622680413722992,0.8190449512004853,val
2026-03-12 06:47:28,s1_fp32,571,6.61923394371039e-06,0.021752678751945496,psnr_sr_rgb_sh0,30.257007252009185,30.257007252009185,30.39444363581549,28.411482217395942,28.491558444822328,0.862268618941307,0.8190449512004853,val
2026-03-12 06:48:09,s1_fp32,572,6.15582970243117e-06,0.022596262730658054,psnr_sr_rgb_sh0,30.257029910580417,30.257029910580417,30.394454152652525,28.411482217395942,28.491558444822328,0.8622678643465043,0.8190449512004853,val
2026-03-12 06:48:49,s1_fp32,573,5.709140251444201e-06,0.022676462549716236,psnr_sr_rgb_sh0,30.256961372514635,30.256961372514635,30.394368664554907,28.411482217395942,28.491558444822328,0.8622659093141556,0.8190449512004853,val
2026-03-12 06:49:30,s1_fp32,574,5.279180709527765e-06,0.02272818498313427,psnr_sr_rgb_sh0,30.2569308767808,30.2569308767808,30.394337140712793,28.411482217395942,28.491558444822328,0.8622650569677353,0.8190449512004853,val
2026-03-12 06:50:10,s1_fp32,575,4.865965629214819e-06,0.022194139286875726,psnr_sr_rgb_sh0,30.256947473804225,30.256947473804225,30.394369315977244,28.411482217395942,28.491558444822328,0.8622681164741516,0.8190449512004853,val
2026-03-12 06:50:51,s1_fp32,576,4.469508996300664e-06,0.022001885268837215,psnr_sr_rgb_sh0,30.256936524112312,30.256936524112312,30.394349131408053,28.411482217395942,28.491558444822328,0.8622693639993667,0.8190449512004853,val
2026-03-12 06:51:32,s1_fp32,577,4.089824229369155e-06,0.02204618001356721,psnr_sr_rgb_sh0,30.25698626997797,30.25698626997797,30.394378077194464,28.411482217395942,28.491558444822328,0.8622715842723846,0.8190449512004853,val
2026-03-12 06:52:13,s1_fp32,578,3.7269241793390084e-06,0.022640870623290538,psnr_sr_rgb_sh0,30.257050122196862,30.257050122196862,30.394442229806756,28.411482217395942,28.491558444822328,0.8622713536024094,0.8190449512004853,val
2026-03-12 06:52:54,s1_fp32,579,3.3808211290284885e-06,0.022273880057036878,psnr_sr_rgb_sh0,30.25702100382869,30.25702100382869,30.394429789061615,28.411482217395942,28.491558444822328,0.8622704893350601,0.8190449512004853,val
2026-03-12 06:53:35,s1_fp32,580,3.0515267927400113e-06,0.022218950279057025,psnr_sr_rgb_sh0,30.256987958789974,30.256987958789974,30.39439357952817,28.411482217395942,28.491558444822328,0.8622691303491592,0.8190449512004853,val
2026-03-12 06:54:16,s1_fp32,581,2.739052315863355e-06,0.02207243949174881,psnr_sr_rgb_sh0,30.25702929348715,30.25702929348715,30.394449824531506,28.411482217395942,28.491558444822328,0.8622701078653335,0.8190449512004853,val
2026-03-12 06:54:56,s1_fp32,582,2.4434082744984598e-06,0.022994111124426127,psnr_sr_rgb_sh0,30.257087098355374,30.257087098355374,30.394513497917114,28.411482217395942,28.491558444822328,0.8622692966461182,0.8190449512004853,val
2026-03-12 06:55:37,s1_fp32,583,2.1646046750978256e-06,0.022151910457760094,psnr_sr_rgb_sh0,30.257095426736104,30.257095426736104,30.394541924113717,28.411482217395942,28.491558444822328,0.8622702330350875,0.8190449512004853,val
2026-03-12 06:56:18,s1_fp32,584,1.9026509541272275e-06,0.023007560428231953,psnr_sr_rgb_sh0,30.257017949772198,30.257017949772198,30.394464050681872,28.411482217395942,28.491558444822328,0.8622681564092636,0.8190449512004853,val
2026-03-12 06:56:59,s1_fp32,585,1.6575559777469718e-06,0.021900271344929934,psnr_sr_rgb_sh0,30.25699928844124,30.25699928844124,30.394441332593196,28.411482217395942,28.491558444822328,0.8622681629657746,0.8190449512004853,val
2026-03-12 06:57:40,s1_fp32,586,1.429328041511302e-06,0.022410990167409182,psnr_sr_rgb_sh0,30.257009344399208,30.257009344399208,30.394446877698506,28.411482217395942,28.491558444822328,0.8622669738531112,0.8190449512004853,val
2026-03-12 06:58:21,s1_fp32,587,1.2179748700879012e-06,0.022221548426896335,psnr_sr_rgb_sh0,30.257058364649925,30.257058364649925,30.39449007834867,28.411482217395942,28.491558444822328,0.8622688484191895,0.8190449512004853,val
2026-03-12 06:59:01,s1_fp32,588,1.023503616996324e-06,0.0224067834764719,psnr_sr_rgb_sh0,30.257114887381466,30.257114887381466,30.394541595369432,28.411482217395942,28.491558444822328,0.8622736501693725,0.8190449512004853,val
2026-03-12 06:59:42,s1_fp32,589,8.459208643659122e-07,0.022325109019875528,psnr_sr_rgb_sh0,30.257178306463075,30.257178306463075,30.394598555152243,28.411482217395942,28.491558444822328,0.8622748392820359,0.8190449512004853,val
2026-03-12 07:00:23,s1_fp32,590,6.852326227130834e-07,0.022172749526798725,psnr_sr_rgb_sh0,30.257176637940855,30.257176637940855,30.394581904591824,28.411482217395942,28.491558444822328,0.8622756624221801,0.8190449512004853,val
2026-03-12 07:01:03,s1_fp32,591,5.41444330737717e-07,0.021717678289860487,psnr_sr_rgb_sh0,30.25711649141609,30.25711649141609,30.394534473891877,28.411482217395942,28.491558444822328,0.8622747248411179,0.8190449512004853,val
2026-03-12 07:01:44,s1_fp32,592,4.1456085513935646e-07,0.0222568703815341,psnr_sr_rgb_sh0,30.257149164646,30.257149164646,30.394576649071396,28.411482217395942,28.491558444822328,0.8622761559486389,0.8190449512004853,val
2026-03-12 07:02:25,s1_fp32,593,3.0458649045211895e-07,0.022435166873037815,psnr_sr_rgb_sh0,30.257201274824716,30.257201274824716,30.39461849464475,28.411482217395942,28.491558444822328,0.8622789174318314,0.8190449512004853,val
2026-03-12 07:03:06,s1_fp32,594,2.1152495889970036e-07,0.022796819936484098,psnr_sr_rgb_sh0,30.25726432631968,30.25726432631968,30.3946762681094,28.411482217395942,28.491558444822328,0.8622799885272979,0.8190449512004853,val
2026-03-12 07:03:47,s1_fp32,595,1.3537941026914301e-07,0.022241305187344552,psnr_sr_rgb_sh0,30.257366983768176,30.257366983768176,30.394776080283386,28.411482217395942,28.491558444822328,0.8622847896814346,0.8190449512004853,val
2026-03-12 07:04:28,s1_fp32,596,7.615242180436521e-08,0.023279895633459093,psnr_sr_rgb_sh0,30.257367764440204,30.257367764440204,30.39478491862193,28.411482217395942,28.491558444822328,0.8622841942310333,0.8190449512004853,val
2026-03-12 07:05:09,s1_fp32,597,3.384599811889766e-08,0.022110486570745706,psnr_sr_rgb_sh0,30.25735792430565,30.25735792430565,30.39477505965734,28.411482217395942,28.491558444822328,0.862282212972641,0.8190449512004853,val
2026-03-12 07:05:50,s1_fp32,598,8.461571127882373e-09,0.021961642634123563,psnr_sr_rgb_sh0,30.257413510707412,30.257413510707412,30.394818482851903,28.411482217395942,28.491558444822328,0.8622848010063171,0.8190449512004853,val
2026-03-12 07:06:31,s1_fp32,599,0.0,0.023086881898343563,psnr_sr_rgb_sh0,30.257395309481048,30.257395309481048,30.39480038220753,28.411482217395942,28.491558444822328,0.8622823715209961,0.8190449512004853,val
2026-03-12 07:08:36,s2_fp32,600,1.5e-05,0.502706328034401,psnr_sr_rgb_sh0,30.25720029225647,30.25720029225647,30.394977170232536,28.411482217395942,28.491558444822328,0.8623167806863785,0.8190449512004853,val
2026-03-12 07:10:35,s2_fp32,601,1.5e-05,0.4872018998861313,psnr_sr_rgb_sh0,30.257534397565152,30.257534397565152,30.39527026231481,28.411482217395942,28.491558444822328,0.8623220831155777,0.8190449512004853,val
2026-03-12 07:12:34,s2_fp32,602,1.5e-05,0.5111726945638657,psnr_sr_rgb_sh0,30.257973667124176,30.257973667124176,30.395687535281713,28.411482217395942,28.491558444822328,0.8623314476013184,0.8190449512004853,val
2026-03-12 07:14:33,s2_fp32,603,1.5e-05,0.4895688170194626,psnr_sr_rgb_sh0,30.258401159747915,30.258401159747915,30.39605811999674,28.411482217395942,28.491558444822328,0.8623413294553757,0.8190449512004853,val
2026-03-12 07:16:31,s2_fp32,604,1.5e-05,0.5016447192430497,psnr_sr_rgb_sh0,30.258855409161583,30.258855409161583,30.39648635956962,28.411482217395942,28.491558444822328,0.862346910238266,0.8190449512004853,val
2026-03-12 07:18:30,s2_fp32,605,1.5e-05,0.49558143377304076,psnr_sr_rgb_sh0,30.259232463108745,30.259232463108745,30.396801736042843,28.411482217395942,28.491558444822328,0.8623568427562713,0.8190449512004853,val
2026-03-12 07:20:29,s2_fp32,606,1.5e-05,0.4933474260568619,psnr_sr_rgb_sh0,30.259728759513163,30.259728759513163,30.39724761827538,28.411482217395942,28.491558444822328,0.8623691761493683,0.8190449512004853,val
2026-03-12 07:22:28,s2_fp32,607,1.5e-05,0.4992480504512787,psnr_sr_rgb_sh0,30.260096458941742,30.260096458941742,30.39759399180849,28.411482217395942,28.491558444822328,0.8623742389678956,0.8190449512004853,val
2026-03-12 07:24:27,s2_fp32,608,1.5e-05,0.499157640337944,psnr_sr_rgb_sh0,30.260531844760653,30.260531844760653,30.39801714159244,28.411482217395942,28.491558444822328,0.8623860085010528,0.8190449512004853,val
2026-03-12 07:26:26,s2_fp32,609,1.5e-05,0.4952920025587082,psnr_sr_rgb_sh0,30.261021799990516,30.261021799990516,30.398436348811902,28.411482217395942,28.491558444822328,0.8623984390497208,0.8190449512004853,val
2026-03-12 07:28:25,s2_fp32,610,1.5e-05,0.492130868434906,psnr_sr_rgb_sh0,30.261431762997677,30.261431762997677,30.39879242599377,28.411482217395942,28.491558444822328,0.8624096101522446,0.8190449512004853,val
2026-03-12 07:30:23,s2_fp32,611,1.5e-05,0.5021399027109146,psnr_sr_rgb_sh0,30.261890956388367,30.261890956388367,30.399152515682616,28.411482217395942,28.491558444822328,0.862417197227478,0.8190449512004853,val
2026-03-12 07:32:22,s2_fp32,612,1.5e-05,0.5027755653858185,psnr_sr_rgb_sh0,30.262149757430297,30.262149757430297,30.39937191700559,28.411482217395942,28.491558444822328,0.8624207925796509,0.8190449512004853,val
2026-03-12 07:34:21,s2_fp32,613,1.5e-05,0.4972481954097748,psnr_sr_rgb_sh0,30.26233563425829,30.26233563425829,30.3994721051908,28.411482217395942,28.491558444822328,0.8624276119470596,0.8190449512004853,val
2026-03-12 07:36:20,s2_fp32,614,1.5e-05,0.49439371466636656,psnr_sr_rgb_sh0,30.262729772354433,30.262729772354433,30.399920733688155,28.411482217395942,28.491558444822328,0.8624366706609726,0.8190449512004853,val
2026-03-12 07:38:19,s2_fp32,615,1.5e-05,0.5015906661748886,psnr_sr_rgb_sh0,30.263132822845606,30.263132822845606,30.400239834493647,28.411482217395942,28.491558444822328,0.8624429285526276,0.8190449512004853,val
2026-03-12 07:40:18,s2_fp32,616,1.5e-05,0.5036087983846664,psnr_sr_rgb_sh0,30.263371004138406,30.263371004138406,30.40044574860448,28.411482217395942,28.491558444822328,0.862449180483818,0.8190449512004853,val
2026-03-12 07:42:17,s2_fp32,617,1.5e-05,0.48820164024829865,psnr_sr_rgb_sh0,30.263633709764846,30.263633709764846,30.40065199068457,28.411482217395942,28.491558444822328,0.86245476603508,0.8190449512004853,val
2026-03-12 07:44:15,s2_fp32,618,1.5e-05,0.5040402436256408,psnr_sr_rgb_sh0,30.263899820303706,30.263899820303706,30.40087714780381,28.411482217395942,28.491558444822328,0.8624595761299133,0.8190449512004853,val
2026-03-12 07:46:14,s2_fp32,619,1.5e-05,0.4967731940746307,psnr_sr_rgb_sh0,30.26409501073478,30.26409501073478,30.40102901517519,28.411482217395942,28.491558444822328,0.8624653607606888,0.8190449512004853,val
2026-03-12 07:48:13,s2_fp32,620,1.5e-05,0.4943635898828507,psnr_sr_rgb_sh0,30.264370453486627,30.264370453486627,30.401303969292197,28.411482217395942,28.491558444822328,0.8624735057353974,0.8190449512004853,val
2026-03-12 07:50:12,s2_fp32,621,1.5e-05,0.5024591553211212,psnr_sr_rgb_sh0,30.264547382994046,30.264547382994046,30.4014312261876,28.411482217395942,28.491558444822328,0.8624803352355958,0.8190449512004853,val
2026-03-12 07:52:11,s2_fp32,622,1.5e-05,0.49943605065345764,psnr_sr_rgb_sh0,30.2648018741621,30.2648018741621,30.4016751272998,28.411482217395942,28.491558444822328,0.8624850583076477,0.8190449512004853,val
2026-03-12 07:54:10,s2_fp32,623,1.5e-05,0.4919102245569229,psnr_sr_rgb_sh0,30.26500248655752,30.26500248655752,30.401831058323097,28.411482217395942,28.491558444822328,0.8624882888793945,0.8190449512004853,val
2026-03-12 07:56:08,s2_fp32,624,1.5e-05,0.4950906801223755,psnr_sr_rgb_sh0,30.26513043415671,30.26513043415671,30.40190882074106,28.411482217395942,28.491558444822328,0.862492778301239,0.8190449512004853,val
2026-03-12 07:58:07,s2_fp32,625,1.5e-05,0.4988279736042023,psnr_sr_rgb_sh0,30.26537023179151,30.26537023179151,30.402150698120995,28.411482217395942,28.491558444822328,0.8625003558397293,0.8190449512004853,val
2026-03-12 08:00:06,s2_fp32,626,1.5e-05,0.5052063292264939,psnr_sr_rgb_sh0,30.265597125230478,30.265597125230478,30.402323886121476,28.411482217395942,28.491558444822328,0.8625045078992843,0.8190449512004853,val
2026-03-12 08:02:05,s2_fp32,627,1.5e-05,0.49684723556041716,psnr_sr_rgb_sh0,30.265832378908545,30.265832378908545,30.40252710954321,28.411482217395942,28.491558444822328,0.8625095528364182,0.8190449512004853,val
2026-03-12 08:04:04,s2_fp32,628,1.5e-05,0.5031942600011825,psnr_sr_rgb_sh0,30.265899454399413,30.265899454399413,30.402487562779587,28.411482217395942,28.491558444822328,0.8625112652778626,0.8190449512004853,val
2026-03-12 08:06:03,s2_fp32,629,1.5e-05,0.5026838058233261,psnr_sr_rgb_sh0,30.266097961919428,30.266097961919428,30.40271897158941,28.411482217395942,28.491558444822328,0.8625165194272995,0.8190449512004853,val
2026-03-12 08:08:02,s2_fp32,630,1.5e-05,0.4960059213638306,psnr_sr_rgb_sh0,30.266197390714122,30.266197390714122,30.402776849450824,28.411482217395942,28.491558444822328,0.8625187319517136,0.8190449512004853,val
2026-03-12 08:10:00,s2_fp32,631,1.5e-05,0.4876894760131836,psnr_sr_rgb_sh0,30.266386136194786,30.266386136194786,30.402943433409355,28.411482217395942,28.491558444822328,0.8625244414806366,0.8190449512004853,val
2026-03-12 08:11:59,s2_fp32,632,1.5e-05,0.4926798540353775,psnr_sr_rgb_sh0,30.266485104302664,30.266485104302664,30.403015992838636,28.411482217395942,28.491558444822328,0.8625286191701889,0.8190449512004853,val
2026-03-12 08:13:58,s2_fp32,633,1.5e-05,0.4941745173931122,psnr_sr_rgb_sh0,30.266619579705324,30.266619579705324,30.403130078652865,28.411482217395942,28.491558444822328,0.8625357991456986,0.8190449512004853,val
2026-03-12 08:15:57,s2_fp32,634,1.5e-05,0.49290131628513334,psnr_sr_rgb_sh0,30.266621890372203,30.266621890372203,30.40309887131166,28.411482217395942,28.491558444822328,0.8625344794988632,0.8190449512004853,val
2026-03-12 08:17:56,s2_fp32,635,1.5e-05,0.4978337514400482,psnr_sr_rgb_sh0,30.266715793928928,30.266715793928928,30.4031789456559,28.411482217395942,28.491558444822328,0.8625404500961303,0.8190449512004853,val
2026-03-12 08:19:55,s2_fp32,636,1.5e-05,0.4833650368452072,psnr_sr_rgb_sh0,30.266756929263938,30.266756929263938,30.403193022422236,28.411482217395942,28.491558444822328,0.8625403356552124,0.8190449512004853,val
2026-03-12 08:21:54,s2_fp32,637,1.5e-05,0.5062610685825348,psnr_sr_rgb_sh0,30.266864376749865,30.266864376749865,30.40325714872207,28.411482217395942,28.491558444822328,0.8625469672679901,0.8190449512004853,val
2026-03-12 08:23:52,s2_fp32,638,1.5e-05,0.49582267642021177,psnr_sr_rgb_sh0,30.266932409970597,30.266932409970597,30.403325719357827,28.411482217395942,28.491558444822328,0.8625474923849106,0.8190449512004853,val
2026-03-12 08:25:51,s2_fp32,639,7.5e-06,0.4894562268257141,psnr_sr_rgb_sh0,30.266935353769068,30.266935353769068,30.403322865303345,28.411482217395942,28.491558444822328,0.8625454896688461,0.8190449512004853,val
2026-03-12 08:27:50,s2_fp32,640,7.5e-06,0.4940348494052887,psnr_sr_rgb_sh0,30.26702832809917,30.26702832809917,30.403401474963744,28.411482217395942,28.491558444822328,0.8625484383106232,0.8190449512004853,val
2026-03-12 08:29:49,s2_fp32,641,7.5e-06,0.4914105534553528,psnr_sr_rgb_sh0,30.267215153648095,30.267215153648095,30.403607392562222,28.411482217395942,28.491558444822328,0.8625543630123138,0.8190449512004853,val
2026-03-12 08:31:48,s2_fp32,642,7.5e-06,0.4981187301874161,psnr_sr_rgb_sh0,30.267359523216307,30.267359523216307,30.403725878692956,28.411482217395942,28.491558444822328,0.8625606882572174,0.8190449512004853,val
2026-03-12 08:33:47,s2_fp32,643,7.5e-06,0.4850090843439102,psnr_sr_rgb_sh0,30.267362194295846,30.267362194295846,30.403712475704314,28.411482217395942,28.491558444822328,0.8625603753328324,0.8190449512004853,val
2026-03-12 08:35:45,s2_fp32,644,7.5e-06,0.4988184237480164,psnr_sr_rgb_sh0,30.26746465752187,30.26746465752187,30.403829322528107,28.411482217395942,28.491558444822328,0.8625627529621124,0.8190449512004853,val
2026-03-12 08:37:44,s2_fp32,645,7.5e-06,0.49577578365802766,psnr_sr_rgb_sh0,30.267572199484377,30.267572199484377,30.40388110149606,28.411482217395942,28.491558444822328,0.8625663965940475,0.8190449512004853,val
2026-03-12 08:39:43,s2_fp32,646,7.5e-06,0.5113367402553558,psnr_sr_rgb_sh0,30.26766163740016,30.26766163740016,30.403971011984726,28.411482217395942,28.491558444822328,0.8625693821907043,0.8190449512004853,val
2026-03-12 08:41:42,s2_fp32,647,7.5e-06,0.48902237236499785,psnr_sr_rgb_sh0,30.267749586539697,30.267749586539697,30.40402995897393,28.411482217395942,28.491558444822328,0.8625707530975342,0.8190449512004853,val
2026-03-12 08:43:41,s2_fp32,648,7.5e-06,0.5041826128959656,psnr_sr_rgb_sh0,30.267717932471218,30.267717932471218,30.403997661420593,28.411482217395942,28.491558444822328,0.8625689685344696,0.8190449512004853,val
2026-03-12 08:45:39,s2_fp32,649,7.5e-06,0.5063644069433212,psnr_sr_rgb_sh0,30.26789014130648,30.26789014130648,30.404176935856995,28.411482217395942,28.491558444822328,0.8625768226385117,0.8190449512004853,val
2026-03-12 08:47:38,s2_fp32,650,7.5e-06,0.4903596395254135,psnr_sr_rgb_sh0,30.267902362205923,30.267902362205923,30.404132438700525,28.411482217395942,28.491558444822328,0.8625803411006927,0.8190449512004853,val
2026-03-12 08:49:37,s2_fp32,651,7.5e-06,0.49800570428371427,psnr_sr_rgb_sh0,30.268025040070814,30.268025040070814,30.40425442677466,28.411482217395942,28.491558444822328,0.862580441236496,0.8190449512004853,val
2026-03-12 08:51:36,s2_fp32,652,7.5e-06,0.501677292585373,psnr_sr_rgb_sh0,30.268101353481324,30.268101353481324,30.404326730217466,28.411482217395942,28.491558444822328,0.8625806730985641,0.8190449512004853,val
2026-03-12 08:53:35,s2_fp32,653,7.5e-06,0.4866221141815186,psnr_sr_rgb_sh0,30.268132357919256,30.268132357919256,30.404365320150173,28.411482217395942,28.491558444822328,0.8625831705331802,0.8190449512004853,val
2026-03-12 08:55:34,s2_fp32,654,7.5e-06,0.49789434909820557,psnr_sr_rgb_sh0,30.268178097348404,30.268178097348404,30.404432937292327,28.411482217395942,28.491558444822328,0.8625858396291732,0.8190449512004853,val
2026-03-12 08:57:33,s2_fp32,655,7.5e-06,0.5005560600757599,psnr_sr_rgb_sh0,30.26822709800056,30.26822709800056,30.404458602271863,28.411482217395942,28.491558444822328,0.8625861144065857,0.8190449512004853,val
2026-03-12 08:59:31,s2_fp32,656,7.5e-06,0.49897688031196596,psnr_sr_rgb_sh0,30.26823868074491,30.26823868074491,30.404450873825095,28.411482217395942,28.491558444822328,0.8625866460800171,0.8190449512004853,val
2026-03-12 09:01:30,s2_fp32,657,7.5e-06,0.5061512780189514,psnr_sr_rgb_sh0,30.268400577375782,30.268400577375782,30.404611939331403,28.411482217395942,28.491558444822328,0.8625906628370285,0.8190449512004853,val
2026-03-12 09:03:29,s2_fp32,658,7.5e-06,0.49577888011932375,psnr_sr_rgb_sh0,30.26844793085536,30.26844793085536,30.40463842049033,28.411482217395942,28.491558444822328,0.8625887382030487,0.8190449512004853,val
2026-03-12 09:05:28,s2_fp32,659,7.5e-06,0.5011074614524841,psnr_sr_rgb_sh0,30.268461352684227,30.268461352684227,30.404680443539764,28.411482217395942,28.491558444822328,0.862592539191246,0.8190449512004853,val
2026-03-12 09:07:27,s2_fp32,660,7.5e-06,0.5126465034484863,psnr_sr_rgb_sh0,30.26847694115299,30.26847694115299,30.40464829478958,28.411482217395942,28.491558444822328,0.8625912564992905,0.8190449512004853,val
2026-03-12 09:09:26,s2_fp32,661,7.5e-06,0.4896865111589432,psnr_sr_rgb_sh0,30.268429562785172,30.268429562785172,30.40459680586046,28.411482217395942,28.491558444822328,0.8625906574726104,0.8190449512004853,val
2026-03-12 09:11:25,s2_fp32,662,7.5e-06,0.48812170922756193,psnr_sr_rgb_sh0,30.26855519028683,30.26855519028683,30.404731637014052,28.411482217395942,28.491558444822328,0.862593235373497,0.8190449512004853,val
2026-03-12 09:13:24,s2_fp32,663,7.5e-06,0.49190735518932344,psnr_sr_rgb_sh0,30.268637358383344,30.268637358383344,30.404733569569213,28.411482217395942,28.491558444822328,0.8625985288619995,0.8190449512004853,val
2026-03-12 09:15:22,s2_fp32,664,7.5e-06,0.49913072764873506,psnr_sr_rgb_sh0,30.268637061856552,30.268637061856552,30.40476326563886,28.411482217395942,28.491558444822328,0.8625966691970826,0.8190449512004853,val
2026-03-12 09:17:21,s2_fp32,665,7.5e-06,0.4914796209335327,psnr_sr_rgb_sh0,30.268620129310403,30.268620129310403,30.40475627518417,28.411482217395942,28.491558444822328,0.8625957089662551,0.8190449512004853,val
2026-03-12 09:19:20,s2_fp32,666,7.5e-06,0.49048738718032836,psnr_sr_rgb_sh0,30.26865020525765,30.26865020525765,30.404780361411344,28.411482217395942,28.491558444822328,0.8626000839471817,0.8190449512004853,val
2026-03-12 09:21:19,s2_fp32,667,7.5e-06,0.5053446334600449,psnr_sr_rgb_sh0,30.26860782659336,30.26860782659336,30.40469000791739,28.411482217395942,28.491558444822328,0.8625982028245925,0.8190449512004853,val
2026-03-12 09:23:18,s2_fp32,668,7.5e-06,0.49893095672130583,psnr_sr_rgb_sh0,30.268717805089686,30.268717805089686,30.404803616555746,28.411482217395942,28.491558444822328,0.8626051598787308,0.8190449512004853,val
2026-03-12 09:25:17,s2_fp32,669,7.5e-06,0.5055907988548278,psnr_sr_rgb_sh0,30.268796603181514,30.268796603181514,30.404880904018242,28.411482217395942,28.491558444822328,0.8626053708791733,0.8190449512004853,val
2026-03-12 09:27:19,s2_fp32,670,7.5e-06,0.4874352741241455,psnr_sr_rgb_sh0,30.268786781634006,30.268786781634006,30.40482670318287,28.411482217395942,28.491558444822328,0.8626066905260086,0.8190449512004853,val
2026-03-12 09:29:18,s2_fp32,671,7.5e-06,0.498747820854187,psnr_sr_rgb_sh0,30.268846035720767,30.268846035720767,30.40487736258681,28.411482217395942,28.491558444822328,0.8626094061136246,0.8190449512004853,val
2026-03-12 09:31:17,s2_fp32,672,7.5e-06,0.4937385845184326,psnr_sr_rgb_sh0,30.268913069266855,30.268913069266855,30.404947150548427,28.411482217395942,28.491558444822328,0.8626117444038391,0.8190449512004853,val
2026-03-12 09:33:16,s2_fp32,673,7.5e-06,0.4919059443473816,psnr_sr_rgb_sh0,30.268921955649063,30.268921955649063,30.40495537095787,28.411482217395942,28.491558444822328,0.8626116049289704,0.8190449512004853,val
2026-03-12 09:35:15,s2_fp32,674,7.5e-06,0.4970858371257782,psnr_sr_rgb_sh0,30.2690109393194,30.2690109393194,30.405049610196112,28.411482217395942,28.491558444822328,0.8626147228479385,0.8190449512004853,val
2026-03-12 09:37:15,s2_fp32,675,7.5e-06,0.4962299704551697,psnr_sr_rgb_sh0,30.269030020124145,30.269030020124145,30.405069404655336,28.411482217395942,28.491558444822328,0.8626161885261535,0.8190449512004853,val
2026-03-12 09:39:14,s2_fp32,676,7.5e-06,0.4896714407205582,psnr_sr_rgb_sh0,30.26910356348311,30.26910356348311,30.40514616117358,28.411482217395942,28.491558444822328,0.8626160442829132,0.8190449512004853,val
2026-03-12 09:41:13,s2_fp32,677,7.5e-06,0.5078270834684372,psnr_sr_rgb_sh0,30.26910155225608,30.26910155225608,30.40515737211223,28.411482217395942,28.491558444822328,0.8626142185926438,0.8190449512004853,val
2026-03-12 09:43:12,s2_fp32,678,7.5e-06,0.48985113203525543,psnr_sr_rgb_sh0,30.26909497819106,30.26909497819106,30.40513535559634,28.411482217395942,28.491558444822328,0.8626143199205398,0.8190449512004853,val
2026-03-12 09:45:11,s2_fp32,679,3.75e-06,0.4867342871427536,psnr_sr_rgb_sh0,30.26915476428741,30.26915476428741,30.40517781716023,28.411482217395942,28.491558444822328,0.8626173174381256,0.8190449512004853,val
2026-03-12 09:47:10,s2_fp32,680,3.75e-06,0.497731619477272,psnr_sr_rgb_sh0,30.26913935135183,30.26913935135183,30.405135357085793,28.411482217395942,28.491558444822328,0.8626173657178878,0.8190449512004853,val
2026-03-12 09:49:09,s2_fp32,681,3.75e-06,0.49731344640254976,psnr_sr_rgb_sh0,30.26913218647457,30.26913218647457,30.40511577031717,28.411482217395942,28.491558444822328,0.8626189935207367,0.8190449512004853,val
2026-03-12 09:51:08,s2_fp32,682,3.75e-06,0.5045196640491486,psnr_sr_rgb_sh0,30.26915284357294,30.26915284357294,30.405137388499305,28.411482217395942,28.491558444822328,0.8626174145936966,0.8190449512004853,val
2026-03-12 09:53:07,s2_fp32,683,3.75e-06,0.4899512255191803,psnr_sr_rgb_sh0,30.269148524821077,30.269148524821077,30.40512833530699,28.411482217395942,28.491558444822328,0.8626168251037598,0.8190449512004853,val
2026-03-12 09:55:06,s2_fp32,684,3.75e-06,0.49729664087295533,psnr_sr_rgb_sh0,30.26915752204232,30.26915752204232,30.4051258383246,28.411482217395942,28.491558444822328,0.8626154106855393,0.8190449512004853,val
2026-03-12 09:57:05,s2_fp32,685,3.75e-06,0.49891183614730833,psnr_sr_rgb_sh0,30.269160514141795,30.269160514141795,30.40510048664373,28.411482217395942,28.491558444822328,0.8626161843538285,0.8190449512004853,val
2026-03-12 09:59:04,s2_fp32,686,3.75e-06,0.5051815068721771,psnr_sr_rgb_sh0,30.269321097428843,30.269321097428843,30.40526855883265,28.411482217395942,28.491558444822328,0.8626211547851562,0.8190449512004853,val
2026-03-12 10:01:03,s2_fp32,687,3.75e-06,0.49387792944908143,psnr_sr_rgb_sh0,30.26931630583845,30.26931630583845,30.405277114975544,28.411482217395942,28.491558444822328,0.8626214408874512,0.8190449512004853,val
2026-03-12 10:03:02,s2_fp32,688,3.75e-06,0.49132311522960664,psnr_sr_rgb_sh0,30.26932612919909,30.26932612919909,30.405295722343194,28.411482217395942,28.491558444822328,0.8626210290193558,0.8190449512004853,val
2026-03-12 10:05:02,s2_fp32,689,3.75e-06,0.4911474686861038,psnr_sr_rgb_sh0,30.26927525524935,30.26927525524935,30.405246594329792,28.411482217395942,28.491558444822328,0.8626189237833023,0.8190449512004853,val
2026-03-12 10:07:01,s2_fp32,690,3.75e-06,0.49243474662303927,psnr_sr_rgb_sh0,30.26929231624,30.26929231624,30.405272837096344,28.411482217395942,28.491558444822328,0.8626208972930908,0.8190449512004853,val
2026-03-12 10:08:59,s2_fp32,691,3.75e-06,0.5032384437322617,psnr_sr_rgb_sh0,30.269387402044494,30.269387402044494,30.405386320733193,28.411482217395942,28.491558444822328,0.8626230663061142,0.8190449512004853,val
2026-03-12 10:10:59,s2_fp32,692,3.75e-06,0.49254640579223635,psnr_sr_rgb_sh0,30.26947798597517,30.26947798597517,30.405441770446547,28.411482217395942,28.491558444822328,0.8626257979869842,0.8190449512004853,val
2026-03-12 10:12:58,s2_fp32,693,3.75e-06,0.5064646154642105,psnr_sr_rgb_sh0,30.269562984761066,30.269562984761066,30.405515046070185,28.411482217395942,28.491558444822328,0.8626277083158493,0.8190449512004853,val
2026-03-12 10:14:57,s2_fp32,694,3.75e-06,0.48892983436584475,psnr_sr_rgb_sh0,30.26954781703434,30.26954781703434,30.405485190587296,28.411482217395942,28.491558444822328,0.8626259803771973,0.8190449512004853,val
2026-03-12 10:16:57,s2_fp32,695,3.75e-06,0.5055036598443985,psnr_sr_rgb_sh0,30.26955480669458,30.26955480669458,30.405475359046434,28.411482217395942,28.491558444822328,0.8626274847984314,0.8190449512004853,val
2026-03-12 10:18:56,s2_fp32,696,3.75e-06,0.49767771899700164,psnr_sr_rgb_sh0,30.2696502337312,30.2696502337312,30.405611912384593,28.411482217395942,28.491558444822328,0.8626306140422821,0.8190449512004853,val
2026-03-12 10:20:55,s2_fp32,697,3.75e-06,0.49322074234485624,psnr_sr_rgb_sh0,30.269661820305313,30.269661820305313,30.405595730306405,28.411482217395942,28.491558444822328,0.8626288282871246,0.8190449512004853,val
2026-03-12 10:22:55,s2_fp32,698,3.75e-06,0.4983837980031967,psnr_sr_rgb_sh0,30.26971021383796,30.26971021383796,30.405637256785063,28.411482217395942,28.491558444822328,0.8626300662755966,0.8190449512004853,val
2026-03-12 10:24:54,s2_fp32,699,3.75e-06,0.48559349656105044,psnr_sr_rgb_sh0,30.269706363417797,30.269706363417797,30.40562439336863,28.411482217395942,28.491558444822328,0.8626305693387986,0.8190449512004853,val
2026-03-12 10:26:53,s2_fp32,700,3.75e-06,0.49050056576728823,psnr_sr_rgb_sh0,30.269680164419032,30.269680164419032,30.405608596984717,28.411482217395942,28.491558444822328,0.8626286178827286,0.8190449512004853,val
2026-03-12 10:28:52,s2_fp32,701,3.75e-06,0.493608592748642,psnr_sr_rgb_sh0,30.269683054439312,30.269683054439312,30.405595391276883,28.411482217395942,28.491558444822328,0.862629919052124,0.8190449512004853,val
2026-03-12 10:30:51,s2_fp32,702,3.75e-06,0.49383568644523623,psnr_sr_rgb_sh0,30.26963599784821,30.26963599784821,30.405551683320454,28.411482217395942,28.491558444822328,0.8626267611980438,0.8190449512004853,val
2026-03-12 10:32:50,s2_fp32,703,3.75e-06,0.5065396112203598,psnr_sr_rgb_sh0,30.269688972424138,30.269688972424138,30.40561582421154,28.411482217395942,28.491558444822328,0.8626268810033798,0.8190449512004853,val
2026-03-12 10:34:50,s2_fp32,704,3.75e-06,0.48996255695819857,psnr_sr_rgb_sh0,30.26975946758208,30.26975946758208,30.40568504530967,28.411482217395942,28.491558444822328,0.8626287734508514,0.8190449512004853,val
2026-03-12 10:36:49,s2_fp32,705,3.75e-06,0.4899354374408722,psnr_sr_rgb_sh0,30.26974763482316,30.26974763482316,30.405711714383514,28.411482217395942,28.491558444822328,0.8626305621862411,0.8190449512004853,val
2026-03-12 10:38:48,s2_fp32,706,3.75e-06,0.5001910501718521,psnr_sr_rgb_sh0,30.26978182536288,30.26978182536288,30.40573369518222,28.411482217395942,28.491558444822328,0.8626308906078338,0.8190449512004853,val
2026-03-12 10:40:50,s2_fp32,707,3.75e-06,0.5015429639816285,psnr_sr_rgb_sh0,30.269750679560556,30.269750679560556,30.405684183523473,28.411482217395942,28.491558444822328,0.8626287531852722,0.8190449512004853,val
2026-03-12 10:42:49,s2_fp32,708,3.75e-06,0.49994041442871096,psnr_sr_rgb_sh0,30.269810182693224,30.269810182693224,30.405734091755217,28.411482217395942,28.491558444822328,0.8626299685239792,0.8190449512004853,val
2026-03-12 10:44:49,s2_fp32,709,3.75e-06,0.4974440383911133,psnr_sr_rgb_sh0,30.26985079121952,30.26985079121952,30.405805408830716,28.411482217395942,28.491558444822328,0.862631094455719,0.8190449512004853,val
2026-03-12 10:46:48,s2_fp32,710,3.75e-06,0.49979537844657895,psnr_sr_rgb_sh0,30.269811016914414,30.269811016914414,30.405757978522907,28.411482217395942,28.491558444822328,0.8626294898986816,0.8190449512004853,val
2026-03-12 10:48:47,s2_fp32,711,3.75e-06,0.49902418613433835,psnr_sr_rgb_sh0,30.26978825942276,30.26978825942276,30.405738707320875,28.411482217395942,28.491558444822328,0.862627341747284,0.8190449512004853,val
2026-03-12 10:50:46,s2_fp32,712,3.75e-06,0.5011588752269744,psnr_sr_rgb_sh0,30.269801771499147,30.269801771499147,30.405741061667623,28.411482217395942,28.491558444822328,0.8626264137029648,0.8190449512004853,val
2026-03-12 10:52:45,s2_fp32,713,3.75e-06,0.49464298486709596,psnr_sr_rgb_sh0,30.269939257040487,30.269939257040487,30.405886433038486,28.411482217395942,28.491558444822328,0.8626313823461532,0.8190449512004853,val
2026-03-12 10:54:44,s2_fp32,714,3.75e-06,0.504732574224472,psnr_sr_rgb_sh0,30.269988045959522,30.269988045959522,30.40593708555209,28.411482217395942,28.491558444822328,0.8626319408416748,0.8190449512004853,val
2026-03-12 10:56:44,s2_fp32,715,3.75e-06,0.4984932345151901,psnr_sr_rgb_sh0,30.269998373594326,30.269998373594326,30.405946213537327,28.411482217395942,28.491558444822328,0.8626336735486985,0.8190449512004853,val
2026-03-12 10:58:43,s2_fp32,716,3.75e-06,0.49554787933826444,psnr_sr_rgb_sh0,30.270033260682972,30.270033260682972,30.405985468919344,28.411482217395942,28.491558444822328,0.8626359754800796,0.8190449512004853,val
2026-03-12 11:00:42,s2_fp32,717,3.75e-06,0.5037806636095047,psnr_sr_rgb_sh0,30.269930474714155,30.269930474714155,30.4058894621523,28.411482217395942,28.491558444822328,0.8626322644948959,0.8190449512004853,val
2026-03-12 11:02:40,s2_fp32,718,3.75e-06,0.4869625234603882,psnr_sr_rgb_sh0,30.2699324555502,30.2699324555502,30.405905842124042,28.411482217395942,28.491558444822328,0.8626343166828155,0.8190449512004853,val
2026-03-12 11:04:39,s2_fp32,719,1.875e-06,0.4929741394519806,psnr_sr_rgb_sh0,30.269907678432663,30.269907678432663,30.405900906538264,28.411482217395942,28.491558444822328,0.8626339900493621,0.8190449512004853,val
2026-03-12 11:06:38,s2_fp32,720,1.875e-06,0.496893869638443,psnr_sr_rgb_sh0,30.270007230221765,30.270007230221765,30.40598081642984,28.411482217395942,28.491558444822328,0.8626364868879318,0.8190449512004853,val
2026-03-12 11:08:37,s2_fp32,721,1.875e-06,0.48941336035728455,psnr_sr_rgb_sh0,30.27007001275602,30.27007001275602,30.406025404006687,28.411482217395942,28.491558444822328,0.8626403158903122,0.8190449512004853,val
2026-03-12 11:10:36,s2_fp32,722,1.875e-06,0.4965276509523392,psnr_sr_rgb_sh0,30.270081910478943,30.270081910478943,30.406013097538867,28.411482217395942,28.491558444822328,0.862641424536705,0.8190449512004853,val
2026-03-12 11:12:34,s2_fp32,723,1.875e-06,0.5019505506753922,psnr_sr_rgb_sh0,30.270064745607566,30.270064745607566,30.406000147157172,28.411482217395942,28.491558444822328,0.8626402372121811,0.8190449512004853,val
2026-03-12 11:14:33,s2_fp32,724,1.875e-06,0.5007993125915527,psnr_sr_rgb_sh0,30.270014455036616,30.270014455036616,30.405965816234232,28.411482217395942,28.491558444822328,0.8626394182443619,0.8190449512004853,val
2026-03-12 11:16:32,s2_fp32,725,1.875e-06,0.49944497406482696,psnr_sr_rgb_sh0,30.269997971875288,30.269997971875288,30.405953752541286,28.411482217395942,28.491558444822328,0.8626374435424805,0.8190449512004853,val
2026-03-12 11:18:31,s2_fp32,726,1.875e-06,0.49169100522994996,psnr_sr_rgb_sh0,30.27001741275102,30.27001741275102,30.405971198214765,28.411482217395942,28.491558444822328,0.8626382631063462,0.8190449512004853,val
2026-03-12 11:20:30,s2_fp32,727,1.875e-06,0.4992156583070755,psnr_sr_rgb_sh0,30.269972239282847,30.269972239282847,30.40590433576322,28.411482217395942,28.491558444822328,0.8626363253593445,0.8190449512004853,val
2026-03-12 11:22:29,s2_fp32,728,1.875e-06,0.4977625173330307,psnr_sr_rgb_sh0,30.27005323944882,30.27005323944882,30.405975417422866,28.411482217395942,28.491558444822328,0.8626385229825974,0.8190449512004853,val
2026-03-12 11:24:27,s2_fp32,729,1.875e-06,0.4984592258930206,psnr_sr_rgb_sh0,30.270073601448548,30.270073601448548,30.405974399906622,28.411482217395942,28.491558444822328,0.8626372015476227,0.8190449512004853,val
2026-03-12 11:26:26,s2_fp32,730,1.875e-06,0.5062959331274033,psnr_sr_rgb_sh0,30.270054924740197,30.270054924740197,30.40596828417324,28.411482217395942,28.491558444822328,0.8626366442441941,0.8190449512004853,val
2026-03-12 11:28:25,s2_fp32,731,1.875e-06,0.49290365397930147,psnr_sr_rgb_sh0,30.27010635816837,30.27010635816837,30.406019428179967,28.411482217395942,28.491558444822328,0.8626392191648483,0.8190449512004853,val
2026-03-12 11:30:24,s2_fp32,732,1.875e-06,0.4910345697402954,psnr_sr_rgb_sh0,30.270074727059047,30.270074727059047,30.40599161433642,28.411482217395942,28.491558444822328,0.8626395457983017,0.8190449512004853,val
2026-03-12 11:32:23,s2_fp32,733,1.875e-06,0.4954714113473892,psnr_sr_rgb_sh0,30.27011822553337,30.27011822553337,30.406046756231166,28.411482217395942,28.491558444822328,0.8626396018266678,0.8190449512004853,val
2026-03-12 11:34:22,s2_fp32,734,1.875e-06,0.491594477891922,psnr_sr_rgb_sh0,30.270132354646954,30.270132354646954,30.40604229569697,28.411482217395942,28.491558444822328,0.8626417195796967,0.8190449512004853,val
2026-03-12 11:36:20,s2_fp32,735,1.875e-06,0.49730294167995454,psnr_sr_rgb_sh0,30.27013183537651,30.27013183537651,30.406050176968847,28.411482217395942,28.491558444822328,0.8626410746574402,0.8190449512004853,val
2026-03-12 11:38:19,s2_fp32,736,1.875e-06,0.49943478345870973,psnr_sr_rgb_sh0,30.27018529723104,30.27018529723104,30.406108370148548,28.411482217395942,28.491558444822328,0.8626422607898712,0.8190449512004853,val
2026-03-12 11:40:18,s2_fp32,737,1.875e-06,0.5092123579978943,psnr_sr_rgb_sh0,30.27021292560936,30.27021292560936,30.40613710931796,28.411482217395942,28.491558444822328,0.8626420205831528,0.8190449512004853,val
2026-03-12 11:42:17,s2_fp32,738,1.875e-06,0.4903968274593353,psnr_sr_rgb_sh0,30.270251671614602,30.270251671614602,30.406184094831723,28.411482217395942,28.491558444822328,0.8626437789201736,0.8190449512004853,val
2026-03-12 11:44:16,s2_fp32,739,1.875e-06,0.5004317408800125,psnr_sr_rgb_sh0,30.270256603703046,30.270256603703046,30.406175759891674,28.411482217395942,28.491558444822328,0.8626443243026733,0.8190449512004853,val
2026-03-12 11:46:14,s2_fp32,740,1.875e-06,0.4880805855989456,psnr_sr_rgb_sh0,30.27021508319072,30.27021508319072,30.406123254987047,28.411482217395942,28.491558444822328,0.8626421564817428,0.8190449512004853,val
2026-03-12 11:48:13,s2_fp32,741,1.875e-06,0.4912807810306549,psnr_sr_rgb_sh0,30.270190874081734,30.270190874081734,30.40608105982092,28.411482217395942,28.491558444822328,0.8626411110162735,0.8190449512004853,val
2026-03-12 11:50:13,s2_fp32,742,1.875e-06,0.497328605055809,psnr_sr_rgb_sh0,30.270194602376773,30.270194602376773,30.406105188127377,28.411482217395942,28.491558444822328,0.8626408147811889,0.8190449512004853,val
2026-03-12 11:52:11,s2_fp32,743,1.875e-06,0.4952307736873627,psnr_sr_rgb_sh0,30.27010637851475,30.27010637851475,30.406025308102368,28.411482217395942,28.491558444822328,0.862639639377594,0.8190449512004853,val
2026-03-12 11:54:10,s2_fp32,744,1.875e-06,0.486823028922081,psnr_sr_rgb_sh0,30.270076120121047,30.270076120121047,30.40599480197591,28.411482217395942,28.491558444822328,0.8626402133703232,0.8190449512004853,val
2026-03-12 11:56:09,s2_fp32,745,1.875e-06,0.4940895360708237,psnr_sr_rgb_sh0,30.270102912995167,30.270102912995167,30.406033595505814,28.411482217395942,28.491558444822328,0.8626409012079239,0.8190449512004853,val
2026-03-12 11:58:07,s2_fp32,746,1.875e-06,0.5045727586746216,psnr_sr_rgb_sh0,30.270185122715038,30.270185122715038,30.406113710463206,28.411482217395942,28.491558444822328,0.8626432263851166,0.8190449512004853,val
2026-03-12 12:00:06,s2_fp32,747,1.875e-06,0.49017154693603515,psnr_sr_rgb_sh0,30.270117411584273,30.270117411584273,30.406041409453906,28.411482217395942,28.491558444822328,0.8626412600278854,0.8190449512004853,val
2026-03-12 12:02:05,s2_fp32,748,1.875e-06,0.49203882813453675,psnr_sr_rgb_sh0,30.270076005601233,30.270076005601233,30.405989459285628,28.411482217395942,28.491558444822328,0.8626412612199783,0.8190449512004853,val
2026-03-12 12:04:04,s2_fp32,749,1.875e-06,0.48951905012130736,psnr_sr_rgb_sh0,30.270076070356478,30.270076070356478,30.405985782821872,28.411482217395942,28.491558444822328,0.8626423585414886,0.8190449512004853,val
2026-03-12 12:06:03,s2_fp32,750,1.875e-06,0.496807461977005,psnr_sr_rgb_sh0,30.270079561256324,30.270079561256324,30.40598472009302,28.411482217395942,28.491558444822328,0.8626429837942123,0.8190449512004853,val
2026-03-12 12:08:01,s2_fp32,751,1.875e-06,0.4864765024185181,psnr_sr_rgb_sh0,30.269999628610368,30.269999628610368,30.405899914717,28.411482217395942,28.491558444822328,0.8626416200399398,0.8190449512004853,val
2026-03-12 12:10:00,s2_fp32,752,1.875e-06,0.48433745324611666,psnr_sr_rgb_sh0,30.26997079819924,30.26997079819924,30.405872203023456,28.411482217395942,28.491558444822328,0.862641521692276,0.8190449512004853,val
2026-03-12 12:11:59,s2_fp32,753,1.875e-06,0.49978790283203123,psnr_sr_rgb_sh0,30.269986035211115,30.269986035211115,30.40589011016873,28.411482217395942,28.491558444822328,0.8626417428255081,0.8190449512004853,val
2026-03-12 12:13:59,s2_fp32,754,1.875e-06,0.4979493910074234,psnr_sr_rgb_sh0,30.26994675650313,30.26994675650313,30.405856607267665,28.411482217395942,28.491558444822328,0.8626399087905884,0.8190449512004853,val
2026-03-12 12:15:58,s2_fp32,755,1.875e-06,0.5044760441780091,psnr_sr_rgb_sh0,30.27002130124518,30.27002130124518,30.405939399838285,28.411482217395942,28.491558444822328,0.8626411134004592,0.8190449512004853,val
2026-03-12 12:17:57,s2_fp32,756,1.875e-06,0.49423450529575347,psnr_sr_rgb_sh0,30.270023264411737,30.270023264411737,30.405921818079193,28.411482217395942,28.491558444822328,0.8626432889699935,0.8190449512004853,val
2026-03-12 12:19:56,s2_fp32,757,1.875e-06,0.4982357668876648,psnr_sr_rgb_sh0,30.270078656603083,30.270078656603083,30.405980364614912,28.411482217395942,28.491558444822328,0.8626438105106353,0.8190449512004853,val
2026-03-12 12:21:55,s2_fp32,758,1.875e-06,0.49693512260913847,psnr_sr_rgb_sh0,30.27010627454691,30.27010627454691,30.40602039200862,28.411482217395942,28.491558444822328,0.8626434552669525,0.8190449512004853,val
2026-03-12 12:23:55,s2_fp32,759,9.375e-07,0.48399292409420014,psnr_sr_rgb_sh0,30.270077293797332,30.270077293797332,30.405980888907084,28.411482217395942,28.491558444822328,0.862643386721611,0.8190449512004853,val
2026-03-12 12:25:54,s2_fp32,760,9.375e-07,0.4879540300369263,psnr_sr_rgb_sh0,30.270029627568828,30.270029627568828,30.405921412540405,28.411482217395942,28.491558444822328,0.8626424896717072,0.8190449512004853,val
2026-03-12 12:27:53,s2_fp32,761,9.375e-07,0.49825153589248655,psnr_sr_rgb_sh0,30.270035110531186,30.270035110531186,30.405906890312284,28.411482217395942,28.491558444822328,0.862641606926918,0.8190449512004853,val
2026-03-12 12:29:53,s2_fp32,762,9.375e-07,0.4988514202833176,psnr_sr_rgb_sh0,30.270035523922825,30.270035523922825,30.405889678988977,28.411482217395942,28.491558444822328,0.8626432496309281,0.8190449512004853,val
2026-03-12 12:31:52,s2_fp32,763,9.375e-07,0.5050402987003326,psnr_sr_rgb_sh0,30.27003017496419,30.27003017496419,30.40588420117927,28.411482217395942,28.491558444822328,0.8626433193683625,0.8190449512004853,val
2026-03-12 12:33:51,s2_fp32,764,9.375e-07,0.5010433715581893,psnr_sr_rgb_sh0,30.27011676323541,30.27011676323541,30.405985958126724,28.411482217395942,28.491558444822328,0.8626460838317871,0.8190449512004853,val
2026-03-12 12:35:50,s2_fp32,765,9.375e-07,0.48802169144153595,psnr_sr_rgb_sh0,30.270160643192416,30.270160643192416,30.40601493795546,28.411482217395942,28.491558444822328,0.8626462256908417,0.8190449512004853,val
2026-03-12 12:37:49,s2_fp32,766,9.375e-07,0.5058702600002288,psnr_sr_rgb_sh0,30.270175100973077,30.270175100973077,30.40604266693918,28.411482217395942,28.491558444822328,0.8626456815004349,0.8190449512004853,val
2026-03-12 12:39:48,s2_fp32,767,9.375e-07,0.49837454319000246,psnr_sr_rgb_sh0,30.270134427999487,30.270134427999487,30.405968271942594,28.411482217395942,28.491558444822328,0.8626465970277786,0.8190449512004853,val
2026-03-12 12:41:48,s2_fp32,768,9.375e-07,0.49506940722465514,psnr_sr_rgb_sh0,30.270194525772872,30.270194525772872,30.406063517051916,28.411482217395942,28.491558444822328,0.8626468724012375,0.8190449512004853,val
2026-03-12 12:43:46,s2_fp32,769,9.375e-07,0.4967876696586609,psnr_sr_rgb_sh0,30.27014368091024,30.27014368091024,30.406014569735024,28.411482217395942,28.491558444822328,0.8626462155580521,0.8190449512004853,val
2026-03-12 12:45:45,s2_fp32,770,9.375e-07,0.5055897223949433,psnr_sr_rgb_sh0,30.270206570961783,30.270206570961783,30.406091532094898,28.411482217395942,28.491558444822328,0.86264681994915,0.8190449512004853,val
2026-03-12 12:47:44,s2_fp32,771,9.375e-07,0.49670654296875,psnr_sr_rgb_sh0,30.270262379929594,30.270262379929594,30.40612841787903,28.411482217395942,28.491558444822328,0.8626481568813325,0.8190449512004853,val
2026-03-12 12:49:43,s2_fp32,772,9.375e-07,0.5110637676715851,psnr_sr_rgb_sh0,30.27032451887033,30.27032451887033,30.40617043537873,28.411482217395942,28.491558444822328,0.8626471447944641,0.8190449512004853,val
2026-03-12 12:51:42,s2_fp32,773,9.375e-07,0.4892073565721512,psnr_sr_rgb_sh0,30.270281169573614,30.270281169573614,30.406124551200215,28.411482217395942,28.491558444822328,0.862645966410637,0.8190449512004853,val
2026-03-12 12:53:41,s2_fp32,774,9.375e-07,0.49489005625247956,psnr_sr_rgb_sh0,30.270231598863052,30.270231598863052,30.40609447838012,28.411482217395942,28.491558444822328,0.8626433444023133,0.8190449512004853,val
2026-03-12 12:55:40,s2_fp32,775,9.375e-07,0.4942527562379837,psnr_sr_rgb_sh0,30.27021942107867,30.27021942107867,30.406093940895488,28.411482217395942,28.491558444822328,0.8626432293653488,0.8190449512004853,val
2026-03-12 12:57:39,s2_fp32,776,9.375e-07,0.5000669014453888,psnr_sr_rgb_sh0,30.270163123435164,30.270163123435164,30.406033398228555,28.411482217395942,28.491558444822328,0.8626413226127625,0.8190449512004853,val
2026-03-12 12:59:37,s2_fp32,777,9.375e-07,0.4867063647508621,psnr_sr_rgb_sh0,30.270148332357493,30.270148332357493,30.406022075799694,28.411482217395942,28.491558444822328,0.8626412606239319,0.8190449512004853,val
2026-03-12 13:01:36,s2_fp32,778,9.375e-07,0.5056519025564193,psnr_sr_rgb_sh0,30.270157196519435,30.270157196519435,30.40604342643732,28.411482217395942,28.491558444822328,0.8626413249969482,0.8190449512004853,val
2026-03-12 13:03:35,s2_fp32,779,9.375e-07,0.5019320559501648,psnr_sr_rgb_sh0,30.270124515523325,30.270124515523325,30.40596800124927,28.411482217395942,28.491558444822328,0.8626412320137024,0.8190449512004853,val
2026-03-12 13:05:34,s2_fp32,780,9.375e-07,0.49356464862823485,psnr_sr_rgb_sh0,30.27007826720085,30.27007826720085,30.405924466957984,28.411482217395942,28.491558444822328,0.862639194726944,0.8190449512004853,val
2026-03-12 13:07:33,s2_fp32,781,9.375e-07,0.4920134699344635,psnr_sr_rgb_sh0,30.270118207535248,30.270118207535248,30.40594854608201,28.411482217395942,28.491558444822328,0.8626411068439483,0.8190449512004853,val
2026-03-12 13:09:32,s2_fp32,782,9.375e-07,0.5017678242921829,psnr_sr_rgb_sh0,30.27014943577899,30.27014943577899,30.405982006360517,28.411482217395942,28.491558444822328,0.8626414573192597,0.8190449512004853,val
2026-03-12 13:11:31,s2_fp32,783,9.375e-07,0.4925173234939575,psnr_sr_rgb_sh0,30.270141332234857,30.270141332234857,30.405959622242236,28.411482217395942,28.491558444822328,0.862641373872757,0.8190449512004853,val
2026-03-12 13:13:30,s2_fp32,784,9.375e-07,0.5006527471542358,psnr_sr_rgb_sh0,30.27013758850259,30.27013758850259,30.40594580348818,28.411482217395942,28.491558444822328,0.862639981508255,0.8190449512004853,val
2026-03-12 13:15:29,s2_fp32,785,9.375e-07,0.49662266492843626,psnr_sr_rgb_sh0,30.27012150291533,30.27012150291533,30.405931412368904,28.411482217395942,28.491558444822328,0.8626392638683319,0.8190449512004853,val
2026-03-12 13:17:27,s2_fp32,786,9.375e-07,0.5030539399385452,psnr_sr_rgb_sh0,30.270216667359385,30.270216667359385,30.40602548148348,28.411482217395942,28.491558444822328,0.8626418817043304,0.8190449512004853,val
2026-03-12 13:19:26,s2_fp32,787,9.375e-07,0.5009198069572449,psnr_sr_rgb_sh0,30.27015330966625,30.27015330966625,30.405961670249603,28.411482217395942,28.491558444822328,0.8626395350694657,0.8190449512004853,val
2026-03-12 13:21:25,s2_fp32,788,9.375e-07,0.49330626606941225,psnr_sr_rgb_sh0,30.270120659544624,30.270120659544624,30.405926431860323,28.411482217395942,28.491558444822328,0.8626402056217194,0.8190449512004853,val
2026-03-12 13:23:24,s2_fp32,789,9.375e-07,0.4984672808647156,psnr_sr_rgb_sh0,30.27018530551798,30.27018530551798,30.405997278535597,28.411482217395942,28.491558444822328,0.8626410549879074,0.8190449512004853,val
2026-03-12 13:25:22,s2_fp32,790,9.375e-07,0.5023201078176498,psnr_sr_rgb_sh0,30.270261865898824,30.270261865898824,30.406058040882737,28.411482217395942,28.491558444822328,0.8626421558856964,0.8190449512004853,val
2026-03-12 13:27:21,s2_fp32,791,9.375e-07,0.4955636066198349,psnr_sr_rgb_sh0,30.270273765272936,30.270273765272936,30.406063767700267,28.411482217395942,28.491558444822328,0.8626424509286881,0.8190449512004853,val
2026-03-12 13:29:20,s2_fp32,792,9.375e-07,0.5003583258390427,psnr_sr_rgb_sh0,30.27029432972472,30.27029432972472,30.406095467518803,28.411482217395942,28.491558444822328,0.8626442098617554,0.8190449512004853,val
2026-03-12 13:31:18,s2_fp32,793,9.375e-07,0.493188179731369,psnr_sr_rgb_sh0,30.270283174636624,30.270283174636624,30.406084711170408,28.411482217395942,28.491558444822328,0.8626436811685562,0.8190449512004853,val
2026-03-12 13:33:17,s2_fp32,794,9.375e-07,0.48617508709430696,psnr_sr_rgb_sh0,30.270272810929704,30.270272810929704,30.406085958366713,28.411482217395942,28.491558444822328,0.8626441985368729,0.8190449512004853,val
2026-03-12 13:35:16,s2_fp32,795,9.375e-07,0.5043048733472824,psnr_sr_rgb_sh0,30.270342962922847,30.270342962922847,30.40616700686722,28.411482217395942,28.491558444822328,0.8626453578472137,0.8190449512004853,val
2026-03-12 13:37:15,s2_fp32,796,9.375e-07,0.501729068160057,psnr_sr_rgb_sh0,30.270287769354788,30.270287769354788,30.40610039551133,28.411482217395942,28.491558444822328,0.8626439452171326,0.8190449512004853,val
2026-03-12 13:39:14,s2_fp32,797,9.375e-07,0.5017145359516144,psnr_sr_rgb_sh0,30.270294389533795,30.270294389533795,30.4061110776317,28.411482217395942,28.491558444822328,0.862644425034523,0.8190449512004853,val
2026-03-12 13:41:12,s2_fp32,798,9.375e-07,0.5001393103599548,psnr_sr_rgb_sh0,30.270292672539984,30.270292672539984,30.40608846893888,28.411482217395942,28.491558444822328,0.8626442331075669,0.8190449512004853,val
2026-03-12 13:43:11,s2_fp32,799,4.6875e-07,0.48898758590221403,psnr_sr_rgb_sh0,30.2703436887517,30.2703436887517,30.406153247224715,28.411482217395942,28.491558444822328,0.8626466536521912,0.8190449512004853,val
2026-03-12 13:45:10,s2_fp32,800,4.6875e-07,0.5052115231752395,psnr_sr_rgb_sh0,30.270419405481903,30.270419405481903,30.406242251109504,28.411482217395942,28.491558444822328,0.8626478826999664,0.8190449512004853,val
2026-03-12 13:47:09,s2_fp32,801,4.6875e-07,0.4910673451423645,psnr_sr_rgb_sh0,30.27044161442701,30.27044161442701,30.40627476061002,28.411482217395942,28.491558444822328,0.8626473987102509,0.8190449512004853,val
2026-03-12 13:49:08,s2_fp32,802,4.6875e-07,0.5034789395332336,psnr_sr_rgb_sh0,30.27042020652201,30.27042020652201,30.40625195437066,28.411482217395942,28.491558444822328,0.862647658586502,0.8190449512004853,val
2026-03-12 13:51:06,s2_fp32,803,4.6875e-07,0.48416767597198485,psnr_sr_rgb_sh0,30.27039531447344,30.27039531447344,30.40622713145334,28.411482217395942,28.491558444822328,0.8626480609178543,0.8190449512004853,val
2026-03-12 13:53:05,s2_fp32,804,4.6875e-07,0.5055681085586547,psnr_sr_rgb_sh0,30.270418324245583,30.270418324245583,30.40623023413807,28.411482217395942,28.491558444822328,0.8626474243402481,0.8190449512004853,val
2026-03-12 13:55:04,s2_fp32,805,4.6875e-07,0.5005727714300156,psnr_sr_rgb_sh0,30.270424842054023,30.270424842054023,30.4062301638119,28.411482217395942,28.491558444822328,0.8626474589109421,0.8190449512004853,val
2026-03-12 13:57:03,s2_fp32,806,4.6875e-07,0.5049398511648178,psnr_sr_rgb_sh0,30.270347677180297,30.270347677180297,30.406156558662413,28.411482217395942,28.491558444822328,0.8626455342769623,0.8190449512004853,val
2026-03-12 13:59:02,s2_fp32,807,4.6875e-07,0.4994570541381836,psnr_sr_rgb_sh0,30.270333730950895,30.270333730950895,30.406140222227762,28.411482217395942,28.491558444822328,0.8626436710357666,0.8190449512004853,val
2026-03-12 14:01:00,s2_fp32,808,4.6875e-07,0.5027860987186432,psnr_sr_rgb_sh0,30.270346479016304,30.270346479016304,30.4061591063709,28.411482217395942,28.491558444822328,0.8626437509059905,0.8190449512004853,val
2026-03-12 14:02:59,s2_fp32,809,4.6875e-07,0.5033940249681472,psnr_sr_rgb_sh0,30.270320745024115,30.270320745024115,30.406126264490016,28.411482217395942,28.491558444822328,0.8626434099674225,0.8190449512004853,val
2026-03-12 14:04:58,s2_fp32,810,4.6875e-07,0.5016572970151901,psnr_sr_rgb_sh0,30.2703165223608,30.2703165223608,30.406125111645803,28.411482217395942,28.491558444822328,0.8626431208848954,0.8190449512004853,val
2026-03-12 14:06:57,s2_fp32,811,4.6875e-07,0.49805846691131594,psnr_sr_rgb_sh0,30.27033533632682,30.27033533632682,30.40614779392248,28.411482217395942,28.491558444822328,0.8626421600580215,0.8190449512004853,val
2026-03-12 14:08:55,s2_fp32,812,4.6875e-07,0.49876326978206637,psnr_sr_rgb_sh0,30.2703739777674,30.2703739777674,30.4061767376335,28.411482217395942,28.491558444822328,0.8626441359519958,0.8190449512004853,val
2026-03-12 14:10:54,s2_fp32,813,4.6875e-07,0.494848153591156,psnr_sr_rgb_sh0,30.27035664016958,30.27035664016958,30.406174502020416,28.411482217395942,28.491558444822328,0.8626429861783982,0.8190449512004853,val
2026-03-12 14:12:53,s2_fp32,814,4.6875e-07,0.5036984944343567,psnr_sr_rgb_sh0,30.270416494276613,30.270416494276613,30.406238656233715,28.411482217395942,28.491558444822328,0.8626437073946,0.8190449512004853,val
2026-03-12 14:14:52,s2_fp32,815,4.6875e-07,0.49535397231578826,psnr_sr_rgb_sh0,30.270429053031652,30.270429053031652,30.406245449860865,28.411482217395942,28.491558444822328,0.8626430380344391,0.8190449512004853,val
2026-03-12 14:16:51,s2_fp32,816,4.6875e-07,0.49821721613407133,psnr_sr_rgb_sh0,30.270461628667405,30.270461628667405,30.40626357540439,28.411482217395942,28.491558444822328,0.8626441270112991,0.8190449512004853,val
2026-03-12 14:18:49,s2_fp32,817,4.6875e-07,0.49509314954280853,psnr_sr_rgb_sh0,30.270393501796512,30.270393501796512,30.406197649139177,28.411482217395942,28.491558444822328,0.8626428276300431,0.8190449512004853,val
2026-03-12 14:20:48,s2_fp32,818,4.6875e-07,0.5037708950042724,psnr_sr_rgb_sh0,30.27031548978721,30.27031548978721,30.406112007329675,28.411482217395942,28.491558444822328,0.8626390159130096,0.8190449512004853,val
2026-03-12 14:22:47,s2_fp32,819,4.6875e-07,0.505138179063797,psnr_sr_rgb_sh0,30.27035855136478,30.27035855136478,30.406150093510064,28.411482217395942,28.491558444822328,0.8626405292749405,0.8190449512004853,val
2026-03-12 14:24:46,s2_fp32,820,4.6875e-07,0.5010651832818985,psnr_sr_rgb_sh0,30.270395752530366,30.270395752530366,30.406188475814243,28.411482217395942,28.491558444822328,0.8626396936178208,0.8190449512004853,val
2026-03-12 14:26:44,s2_fp32,821,4.6875e-07,0.5006790387630463,psnr_sr_rgb_sh0,30.27043146381357,30.27043146381357,30.406229897356173,28.411482217395942,28.491558444822328,0.8626405668258667,0.8190449512004853,val
2026-03-12 14:28:44,s2_fp32,822,4.6875e-07,0.4878553032875061,psnr_sr_rgb_sh0,30.270414139024908,30.270414139024908,30.406204301641555,28.411482217395942,28.491558444822328,0.8626410400867462,0.8190449512004853,val
2026-03-12 14:30:42,s2_fp32,823,4.6875e-07,0.5022200793027878,psnr_sr_rgb_sh0,30.270387478194312,30.270387478194312,30.40618368293264,28.411482217395942,28.491558444822328,0.8626403933763505,0.8190449512004853,val
2026-03-12 14:32:41,s2_fp32,824,4.6875e-07,0.501478317975998,psnr_sr_rgb_sh0,30.270380418274776,30.270380418274776,30.406176330631574,28.411482217395942,28.491558444822328,0.8626402127742767,0.8190449512004853,val
2026-03-12 14:34:40,s2_fp32,825,4.6875e-07,0.4949705010652542,psnr_sr_rgb_sh0,30.27040595131088,30.27040595131088,30.406202429447788,28.411482217395942,28.491558444822328,0.8626412081718445,0.8190449512004853,val
2026-03-12 14:36:38,s2_fp32,826,4.6875e-07,0.4860766571760178,psnr_sr_rgb_sh0,30.270391550915566,30.270391550915566,30.40618414174198,28.411482217395942,28.491558444822328,0.8626419138908387,0.8190449512004853,val
2026-03-12 14:38:37,s2_fp32,827,4.6875e-07,0.4947628724575043,psnr_sr_rgb_sh0,30.270350326953768,30.270350326953768,30.406141085895214,28.411482217395942,28.491558444822328,0.8626409250497818,0.8190449512004853,val
2026-03-12 14:40:36,s2_fp32,828,4.6875e-07,0.4881509989500046,psnr_sr_rgb_sh0,30.270340600895047,30.270340600895047,30.406122443835624,28.411482217395942,28.491558444822328,0.8626420730352402,0.8190449512004853,val
2026-03-12 14:42:35,s2_fp32,829,4.6875e-07,0.503393058180809,psnr_sr_rgb_sh0,30.270359542324275,30.270359542324275,30.406149636976235,28.411482217395942,28.491558444822328,0.8626418077945709,0.8190449512004853,val
2026-03-12 14:44:33,s2_fp32,830,4.6875e-07,0.49712972044944764,psnr_sr_rgb_sh0,30.27041322815549,30.27041322815549,30.40620030980666,28.411482217395942,28.491558444822328,0.8626437598466873,0.8190449512004853,val
2026-03-12 14:46:32,s2_fp32,831,4.6875e-07,0.48967236518859864,psnr_sr_rgb_sh0,30.270459787633698,30.270459787633698,30.40623726077586,28.411482217395942,28.491558444822328,0.862645901441574,0.8190449512004853,val
2026-03-12 14:48:31,s2_fp32,832,4.6875e-07,0.4910075223445892,psnr_sr_rgb_sh0,30.270450622068676,30.270450622068676,30.4062263043494,28.411482217395942,28.491558444822328,0.8626469326019287,0.8190449512004853,val
2026-03-12 14:50:30,s2_fp32,833,4.6875e-07,0.5056422066688537,psnr_sr_rgb_sh0,30.270439595436542,30.270439595436542,30.406224834203012,28.411482217395942,28.491558444822328,0.8626455622911453,0.8190449512004853,val
2026-03-12 14:52:29,s2_fp32,834,4.6875e-07,0.49539674520492555,psnr_sr_rgb_sh0,30.27037993406259,30.27037993406259,30.406176587163475,28.411482217395942,28.491558444822328,0.862644145488739,0.8190449512004853,val
2026-03-12 14:54:27,s2_fp32,835,4.6875e-07,0.49242903411388395,psnr_sr_rgb_sh0,30.27040324983289,30.27040324983289,30.40620913830936,28.411482217395942,28.491558444822328,0.8626440322399139,0.8190449512004853,val
2026-03-12 14:56:26,s2_fp32,836,4.6875e-07,0.5047676008939743,psnr_sr_rgb_sh0,30.27040358041568,30.27040358041568,30.40621318760249,28.411482217395942,28.491558444822328,0.8626443517208099,0.8190449512004853,val
2026-03-12 14:58:25,s2_fp32,837,4.6875e-07,0.49796941220760343,psnr_sr_rgb_sh0,30.270438509048173,30.270438509048173,30.40625702818635,28.411482217395942,28.491558444822328,0.8626448214054108,0.8190449512004853,val
2026-03-12 15:00:23,s2_fp32,838,4.6875e-07,0.5012445187568665,psnr_sr_rgb_sh0,30.270378983709712,30.270378983709712,30.40620831852706,28.411482217395942,28.491558444822328,0.8626431035995483,0.8190449512004853,val
2026-03-12 15:02:22,s2_fp32,839,2.34375e-07,0.5008403843641281,psnr_sr_rgb_sh0,30.270421789406527,30.270421789406527,30.40624883236452,28.411482217395942,28.491558444822328,0.8626437830924988,0.8190449512004853,val
2026-03-12 15:05:04,s3_qat,840,1e-06,0.34600643448531626,psnr_sr_rgb_sh0,29.942216860964358,29.942216860964358,30.14299102622473,28.411482217395942,28.491558444822328,0.8551205599308014,0.8190449512004853,val
2026-03-12 15:06:55,s3_qat,841,1e-06,0.3410335099278018,psnr_sr_rgb_sh0,30.02228962885897,30.02228962885897,30.215634532301152,28.411482217395942,28.491558444822328,0.8564813548326492,0.8190449512004853,val
2026-03-12 15:08:45,s3_qat,842,1e-06,0.346091355481185,psnr_sr_rgb_sh0,30.001403488441753,30.001403488441753,30.193236099479254,28.411482217395942,28.491558444822328,0.8571036702394486,0.8190449512004853,val
2026-03-12 15:10:38,s3_qat,843,1e-06,0.3456788583798334,psnr_sr_rgb_sh0,30.007092777618105,30.007092777618105,30.196930734823223,28.411482217395942,28.491558444822328,0.8572944575548171,0.8190449512004853,val
2026-03-12 15:12:29,s3_qat,844,1e-06,0.34403964097611606,psnr_sr_rgb_sh0,30.05117642868662,30.05117642868662,30.22947244970752,28.411482217395942,28.491558444822328,0.857594113945961,0.8190449512004853,val
2026-03-12 15:14:19,s3_qat,845,1e-06,0.34463459183694795,psnr_sr_rgb_sh0,29.920960909923522,29.920960909923522,30.111150572725087,28.411482217395942,28.491558444822328,0.8572421914339066,0.8190449512004853,val
2026-03-12 15:16:11,s3_qat,846,1e-06,0.34128938491921873,psnr_sr_rgb_sh0,30.02102251420978,30.02102251420978,30.194618147167873,28.411482217395942,28.491558444822328,0.8575200498104095,0.8190449512004853,val
2026-03-12 15:18:03,s3_qat,847,1e-06,0.3415579372947104,psnr_sr_rgb_sh0,29.99650508456453,29.99650508456453,30.174320707706055,28.411482217395942,28.491558444822328,0.857398905158043,0.8190449512004853,val
2026-03-12 15:19:53,s3_qat,848,1e-06,0.3396518485923298,psnr_sr_rgb_sh0,29.99327166130195,29.99327166130195,30.180289235692317,28.411482217395942,28.491558444822328,0.8572900557518005,0.8190449512004853,val
2026-03-12 15:21:45,s3_qat,849,1e-06,0.3444997306074947,psnr_sr_rgb_sh0,30.069482148736693,30.069482148736693,30.25124993208203,28.411482217395942,28.491558444822328,0.8577456229925156,0.8190449512004853,val
2026-03-12 15:23:38,s3_qat,850,1e-06,0.3438611250091344,psnr_sr_rgb_sh0,30.028457685272393,30.028457685272393,30.212912824918725,28.411482217395942,28.491558444822328,0.8576462233066559,0.8190449512004853,val
2026-03-12 15:25:31,s3_qat,851,1e-06,0.3371294688503258,psnr_sr_rgb_sh0,30.0066659517963,30.0066659517963,30.198824396632343,28.411482217395942,28.491558444822328,0.8577262133359909,0.8190449512004853,val
2026-03-12 15:27:27,s3_qat,852,1e-06,0.35098524887580423,psnr_sr_rgb_sh0,30.07871483736761,30.07871483736761,30.25536559314099,28.411482217395942,28.491558444822328,0.8580765014886856,0.8190449512004853,val
2026-03-12 15:29:23,s3_qat,853,1e-06,0.3401835367572494,psnr_sr_rgb_sh0,30.027105466769896,30.027105466769896,30.216763898513513,28.411482217395942,28.491558444822328,0.8580702340602875,0.8190449512004853,val
2026-03-12 15:31:17,s3_qat,854,1e-06,0.34569693472934887,psnr_sr_rgb_sh0,30.046442106697057,30.046442106697057,30.22918146433681,28.411482217395942,28.491558444822328,0.8581556534767151,0.8190449512004853,val
2026-03-12 15:33:12,s3_qat,855,1e-06,0.3470596235943958,psnr_sr_rgb_sh0,30.046487109106106,30.046487109106106,30.22956351794799,28.411482217395942,28.491558444822328,0.8578616440296173,0.8190449512004853,val
2026-03-12 15:35:07,s3_qat,856,1e-06,0.34119390302803365,psnr_sr_rgb_sh0,30.047424316425513,30.047424316425513,30.231755595286845,28.411482217395942,28.491558444822328,0.8579829323291779,0.8190449512004853,val
2026-03-12 15:37:00,s3_qat,857,1e-06,0.3393106154724956,psnr_sr_rgb_sh0,30.0257044592796,30.0257044592796,30.21747550959174,28.411482217395942,28.491558444822328,0.8580606609582901,0.8190449512004853,val
2026-03-12 15:38:54,s3_qat,858,1e-06,0.34289527473185444,psnr_sr_rgb_sh0,30.009640092174735,30.009640092174735,30.206065877783722,28.411482217395942,28.491558444822328,0.8581247073411942,0.8190449512004853,val
2026-03-12 15:40:51,s3_qat,859,1e-06,0.342374779402744,psnr_sr_rgb_sh0,30.04182051383465,30.04182051383465,30.234722346202858,28.411482217395942,28.491558444822328,0.8581538218259811,0.8190449512004853,val
2026-03-12 15:42:45,s3_qat,860,1e-06,0.3475831812573597,psnr_sr_rgb_sh0,30.069228258851858,30.069228258851858,30.249926049531847,28.411482217395942,28.491558444822328,0.858238490819931,0.8190449512004853,val
2026-03-12 15:44:40,s3_qat,861,1e-06,0.3482101152371615,psnr_sr_rgb_sh0,29.99828254168338,29.99828254168338,30.20461401719739,28.411482217395942,28.491558444822328,0.8580649048089981,0.8190449512004853,val
2026-03-12 15:46:35,s3_qat,862,1e-06,0.3472090774727985,psnr_sr_rgb_sh0,30.022251745577304,30.022251745577304,30.22265936117403,28.411482217395942,28.491558444822328,0.8581267261505127,0.8190449512004853,val
2026-03-12 15:48:31,s3_qat,863,1e-06,0.35373171623796223,psnr_sr_rgb_sh0,30.041202604121285,30.041202604121285,30.234839766164452,28.411482217395942,28.491558444822328,0.8581592690944672,0.8190449512004853,val
2026-03-12 15:50:25,s3_qat,864,1e-06,0.3424392670299858,psnr_sr_rgb_sh0,30.066077499922134,30.066077499922134,30.249427223736937,28.411482217395942,28.491558444822328,0.8582964074611664,0.8190449512004853,val
2026-03-12 15:52:20,s3_qat,865,1e-06,0.35821804677601904,psnr_sr_rgb_sh0,30.06575860502094,30.06575860502094,30.250105038124595,28.411482217395942,28.491558444822328,0.8582231265306473,0.8190449512004853,val
2026-03-12 15:54:15,s3_qat,866,1e-06,0.3426717704348266,psnr_sr_rgb_sh0,30.06857006699155,30.06857006699155,30.25495972512195,28.411482217395942,28.491558444822328,0.8583286237716675,0.8190449512004853,val
2026-03-12 15:56:08,s3_qat,867,1e-06,0.3420722486404702,psnr_sr_rgb_sh0,30.005311068190213,30.005311068190213,30.21300011367058,28.411482217395942,28.491558444822328,0.8582205611467362,0.8190449512004853,val
2026-03-12 15:58:03,s3_qat,868,1e-06,0.34721498406957835,psnr_sr_rgb_sh0,30.093394954984532,30.093394954984532,30.272907099120633,28.411482217395942,28.491558444822328,0.8583750611543656,0.8190449512004853,val
2026-03-12 15:59:57,s3_qat,869,1e-06,0.342719889129512,psnr_sr_rgb_sh0,30.050184933496144,30.050184933496144,30.238835574153075,28.411482217395942,28.491558444822328,0.8582895296812058,0.8190449512004853,val
2026-03-12 16:01:50,s3_qat,870,1e-06,0.3488784343795851,psnr_sr_rgb_sh0,30.08298876443929,30.08298876443929,30.263579986531177,28.411482217395942,28.491558444822328,0.8583736020326614,0.8190449512004853,val
2026-03-12 16:03:41,s3_qat,871,1e-06,0.3426614856254309,psnr_sr_rgb_sh0,30.104706368073685,30.104706368073685,30.286260162079188,28.411482217395942,28.491558444822328,0.8584218603372574,0.8190449512004853,val
2026-03-12 16:05:35,s3_qat,872,1e-06,0.3479507544543594,psnr_sr_rgb_sh0,29.990033523531178,29.990033523531178,30.20801047484585,28.411482217395942,28.491558444822328,0.8581702560186386,0.8190449512004853,val
2026-03-12 16:07:30,s3_qat,873,1e-06,0.34287576452363283,psnr_sr_rgb_sh0,30.018122938492493,30.018122938492493,30.228129909076404,28.411482217395942,28.491558444822328,0.8581869399547577,0.8190449512004853,val
2026-03-12 16:09:20,s3_qat,874,1e-06,0.34879617508500815,psnr_sr_rgb_sh0,30.04242552160929,30.04242552160929,30.24280779216041,28.411482217395942,28.491558444822328,0.8583380275964737,0.8190449512004853,val
2026-03-12 16:11:14,s3_qat,875,1e-06,0.3441613837517798,psnr_sr_rgb_sh0,30.052005839678355,30.052005839678355,30.24910253321339,28.411482217395942,28.491558444822328,0.8583192020654679,0.8190449512004853,val
2026-03-12 16:13:05,s3_qat,876,1e-06,0.353813660570886,psnr_sr_rgb_sh0,30.058469573949502,30.058469573949502,30.260836572951362,28.411482217395942,28.491558444822328,0.8583601152896881,0.8190449512004853,val
2026-03-12 16:14:58,s3_qat,877,1e-06,0.34982882662443443,psnr_sr_rgb_sh0,30.071765873048918,30.071765873048918,30.26805544919877,28.411482217395942,28.491558444822328,0.8584054946899414,0.8190449512004853,val
2026-03-12 16:16:52,s3_qat,878,1e-06,0.3481628224393353,psnr_sr_rgb_sh0,30.024779663364747,30.024779663364747,30.23966096031581,28.411482217395942,28.491558444822328,0.8582150787115097,0.8190449512004853,val
2026-03-12 16:18:47,s3_qat,879,5e-07,0.3461564630782232,psnr_sr_rgb_sh0,30.06147732999195,30.06147732999195,30.2579415368284,28.411482217395942,28.491558444822328,0.8582587331533432,0.8190449512004853,val
2026-03-12 16:20:42,s3_qat,880,5e-07,0.3353573455056176,psnr_sr_rgb_sh0,30.048180946469778,30.048180946469778,30.24898394527984,28.411482217395942,28.491558444822328,0.8582611590623855,0.8190449512004853,val
2026-03-12 16:22:38,s3_qat,881,5e-07,0.3490113313263282,psnr_sr_rgb_sh0,30.059339012891652,30.059339012891652,30.25772443293064,28.411482217395942,28.491558444822328,0.8583102202415467,0.8190449512004853,val
2026-03-12 16:24:29,s3_qat,882,5e-07,0.3459764624945819,psnr_sr_rgb_sh0,30.079167128035365,30.079167128035365,30.272718464857434,28.411482217395942,28.491558444822328,0.8584377348423005,0.8190449512004853,val
2026-03-12 16:26:21,s3_qat,883,5e-07,0.3409374183230102,psnr_sr_rgb_sh0,30.11453343982772,30.11453343982772,30.29630904388769,28.411482217395942,28.491558444822328,0.8585369181632996,0.8190449512004853,val
2026-03-12 16:28:14,s3_qat,884,5e-07,0.3509860778297298,psnr_sr_rgb_sh0,30.089684436377123,30.089684436377123,30.28015542117815,28.411482217395942,28.491558444822328,0.8584778881072999,0.8190449512004853,val
2026-03-12 16:30:06,s3_qat,885,5e-07,0.34296517026377843,psnr_sr_rgb_sh0,30.099548361825534,30.099548361825534,30.28356309723721,28.411482217395942,28.491558444822328,0.858528517484665,0.8190449512004853,val
2026-03-12 16:31:57,s3_qat,886,5e-07,0.33712294136639687,psnr_sr_rgb_sh0,30.021947828282304,30.021947828282304,30.234042640239096,28.411482217395942,28.491558444822328,0.8582759428024292,0.8190449512004853,val
2026-03-12 16:33:49,s3_qat,887,5e-07,0.34805314379744234,psnr_sr_rgb_sh0,30.102763696736147,30.102763696736147,30.288088768532745,28.411482217395942,28.491558444822328,0.858534244298935,0.8190449512004853,val
2026-03-12 16:35:42,s3_qat,888,5e-07,0.34159490518737584,psnr_sr_rgb_sh0,30.087701488003077,30.087701488003077,30.274006043173735,28.411482217395942,28.491558444822328,0.8585333806276322,0.8190449512004853,val
2026-03-12 16:37:33,s3_qat,889,5e-07,0.3382898999284953,psnr_sr_rgb_sh0,30.11600688271715,30.11600688271715,30.296964930047373,28.411482217395942,28.491558444822328,0.8586653470993042,0.8190449512004853,val
2026-03-12 16:39:23,s3_qat,890,5e-07,0.35437022069701923,psnr_sr_rgb_sh0,30.090628436504602,30.090628436504602,30.277698205900442,28.411482217395942,28.491558444822328,0.8585737800598144,0.8190449512004853,val
2026-03-12 16:41:18,s3_qat,891,5e-07,0.34582634825725106,psnr_sr_rgb_sh0,30.099775183309067,30.099775183309067,30.28505271215804,28.411482217395942,28.491558444822328,0.8585794061422348,0.8190449512004853,val
2026-03-12 16:43:09,s3_qat,892,5e-07,0.3450261648651212,psnr_sr_rgb_sh0,30.091225908471266,30.091225908471266,30.27749199091472,28.411482217395942,28.491558444822328,0.8584825253486633,0.8190449512004853,val
2026-03-12 16:44:59,s3_qat,893,5e-07,0.342661973903887,psnr_sr_rgb_sh0,30.076541520060818,30.076541520060818,30.275406641001794,28.411482217395942,28.491558444822328,0.8584829902648926,0.8190449512004853,val
2026-03-12 16:46:53,s3_qat,894,5e-07,0.3419443630473688,psnr_sr_rgb_sh0,30.09284285176687,30.09284285176687,30.281644390755886,28.411482217395942,28.491558444822328,0.8584953105449676,0.8190449512004853,val
2026-03-12 16:48:43,s3_qat,895,5e-07,0.35938840560382235,psnr_sr_rgb_sh0,30.0875175239586,30.0875175239586,30.276784219031825,28.411482217395942,28.491558444822328,0.8584766775369644,0.8190449512004853,val
2026-03-12 16:50:34,s3_qat,896,5e-07,0.3455431818496436,psnr_sr_rgb_sh0,30.094900159423837,30.094900159423837,30.27970097171809,28.411482217395942,28.491558444822328,0.8585718369483948,0.8190449512004853,val
2026-03-12 16:52:27,s3_qat,897,5e-07,0.3421012380579487,psnr_sr_rgb_sh0,30.05027690028343,30.05027690028343,30.25657795401779,28.411482217395942,28.491558444822328,0.8585301852226257,0.8190449512004853,val
2026-03-12 16:54:19,s3_qat,898,5e-07,0.34692080289823934,psnr_sr_rgb_sh0,30.109819152316007,30.109819152316007,30.292266544818002,28.411482217395942,28.491558444822328,0.8586536854505539,0.8190449512004853,val
2026-03-12 16:56:09,s3_qat,899,5e-07,0.3442871881136671,psnr_sr_rgb_sh0,30.067213293535897,30.067213293535897,30.267818069610748,28.411482217395942,28.491558444822328,0.8585177952051163,0.8190449512004853,val
2026-03-12 16:58:02,s3_qat,900,5e-07,0.338828073553741,psnr_sr_rgb_sh0,30.0509725861648,30.0509725861648,30.253247901412237,28.411482217395942,28.491558444822328,0.8584370070695877,0.8190449512004853,val
2026-03-12 16:59:54,s3_qat,901,5e-07,0.3461072614672594,psnr_sr_rgb_sh0,30.04034592504675,30.04034592504675,30.247599240028936,28.411482217395942,28.491558444822328,0.8584854501485825,0.8190449512004853,val
2026-03-12 17:01:45,s3_qat,902,5e-07,0.3417438067262992,psnr_sr_rgb_sh0,30.1116799948341,30.1116799948341,30.2940836679212,28.411482217395942,28.491558444822328,0.8585937976837158,0.8190449512004853,val
2026-03-12 17:03:35,s3_qat,903,5e-07,0.34885806796373797,psnr_sr_rgb_sh0,30.072425028368738,30.072425028368738,30.266875733547714,28.411482217395942,28.491558444822328,0.8584375965595246,0.8190449512004853,val
2026-03-12 17:05:29,s3_qat,904,5e-07,0.3502903398871422,psnr_sr_rgb_sh0,30.115973171439336,30.115973171439336,30.298124406972544,28.411482217395942,28.491558444822328,0.8585931426286697,0.8190449512004853,val
2026-03-12 17:07:20,s3_qat,905,5e-07,0.3420322224823758,psnr_sr_rgb_sh0,29.996278080258108,29.996278080258108,30.224188928477474,28.411482217395942,28.491558444822328,0.8583921301364899,0.8190449512004853,val
2026-03-12 17:09:11,s3_qat,906,5e-07,0.35151867476524784,psnr_sr_rgb_sh0,30.070260282951963,30.070260282951963,30.26961793117001,28.411482217395942,28.491558444822328,0.8585036873817444,0.8190449512004853,val
2026-03-12 17:11:05,s3_qat,907,5e-07,0.34475965272868053,psnr_sr_rgb_sh0,30.091165252568302,30.091165252568302,30.28206316951253,28.411482217395942,28.491558444822328,0.858548360466957,0.8190449512004853,val
2026-03-12 17:12:55,s3_qat,908,5e-07,0.3435608207853511,psnr_sr_rgb_sh0,30.093734747895873,30.093734747895873,30.282132745283363,28.411482217395942,28.491558444822328,0.8585511296987534,0.8190449512004853,val
2026-03-12 17:14:46,s3_qat,909,5e-07,0.343594527435489,psnr_sr_rgb_sh0,30.075478005149595,30.075478005149595,30.271838609137802,28.411482217395942,28.491558444822328,0.8584888023138046,0.8190449512004853,val
2026-03-12 17:16:40,s3_qat,910,5e-07,0.34187598230550065,psnr_sr_rgb_sh0,30.0697575266044,30.0697575266044,30.267248067515766,28.411482217395942,28.491558444822328,0.8583333623409272,0.8190449512004853,val
2026-03-12 17:18:31,s3_qat,911,5e-07,0.3406943304371089,psnr_sr_rgb_sh0,30.08598559497402,30.08598559497402,30.273698681856075,28.411482217395942,28.491558444822328,0.85830746114254,0.8190449512004853,val
2026-03-12 17:20:21,s3_qat,912,5e-07,0.34186244561336937,psnr_sr_rgb_sh0,30.082007564638626,30.082007564638626,30.27317838446227,28.411482217395942,28.491558444822328,0.8583997470140458,0.8190449512004853,val
2026-03-12 17:22:14,s3_qat,913,5e-07,0.35283847295911985,psnr_sr_rgb_sh0,30.04778520394801,30.04778520394801,30.249526519603986,28.411482217395942,28.491558444822328,0.8583083802461624,0.8190449512004853,val
2026-03-12 17:24:06,s3_qat,914,5e-07,0.34893241269048303,psnr_sr_rgb_sh0,30.0566962892271,30.0566962892271,30.25535205236174,28.411482217395942,28.491558444822328,0.8584092980623246,0.8190449512004853,val
2026-03-12 17:25:57,s3_qat,915,5e-07,0.34227331581525505,psnr_sr_rgb_sh0,30.08076917541583,30.08076917541583,30.27141643532726,28.411482217395942,28.491558444822328,0.858538726568222,0.8190449512004853,val
2026-03-12 17:27:49,s3_qat,916,5e-07,0.338258427339606,psnr_sr_rgb_sh0,30.092952721614164,30.092952721614164,30.280817800091377,28.411482217395942,28.491558444822328,0.8585954302549362,0.8190449512004853,val
2026-03-12 17:29:42,s3_qat,917,5e-07,0.3389508104603738,psnr_sr_rgb_sh0,30.082198928755517,30.082198928755517,30.277737931302845,28.411482217395942,28.491558444822328,0.8585429960489273,0.8190449512004853,val
2026-03-12 17:31:33,s3_qat,918,5e-07,0.34889210742432625,psnr_sr_rgb_sh0,30.065310181302202,30.065310181302202,30.26390793064535,28.411482217395942,28.491558444822328,0.8585133123397827,0.8190449512004853,val
2026-03-12 17:33:23,s3_qat,919,2.5e-07,0.3439226671308279,psnr_sr_rgb_sh0,30.054768909957932,30.054768909957932,30.24843007824721,28.411482217395942,28.491558444822328,0.8584891301393509,0.8190449512004853,val
2026-03-12 17:35:17,s3_qat,920,2.5e-07,0.34411065003369,psnr_sr_rgb_sh0,30.043550960704,30.043550960704,30.249164592234752,28.411482217395942,28.491558444822328,0.8584570634365082,0.8190449512004853,val
2026-03-12 17:37:07,s3_qat,921,2.5e-07,0.34737034027464686,psnr_sr_rgb_sh0,30.008127694405513,30.008127694405513,30.229942944503247,28.411482217395942,28.491558444822328,0.858372631072998,0.8190449512004853,val
2026-03-12 17:38:58,s3_qat,922,2.5e-07,0.34284515821171224,psnr_sr_rgb_sh0,30.107080886140704,30.107080886140704,30.29047262598653,28.411482217395942,28.491558444822328,0.8586018687486648,0.8190449512004853,val
2026-03-12 17:40:52,s3_qat,923,2.5e-07,0.34957218705443666,psnr_sr_rgb_sh0,30.0769634384294,30.0769634384294,30.270466358505182,28.411482217395942,28.491558444822328,0.8585778623819351,0.8190449512004853,val
2026-03-12 17:42:42,s3_qat,924,2.5e-07,0.3459293600451201,psnr_sr_rgb_sh0,30.066392945791893,30.066392945791893,30.267925069198967,28.411482217395942,28.491558444822328,0.8584984630346298,0.8190449512004853,val
2026-03-12 17:44:33,s3_qat,925,2.5e-07,0.3439155244152062,psnr_sr_rgb_sh0,30.107697031207977,30.107697031207977,30.292347055854737,28.411482217395942,28.491558444822328,0.8586314630508423,0.8190449512004853,val
2026-03-12 17:46:25,s3_qat,926,2.5e-07,0.34871112526394427,psnr_sr_rgb_sh0,30.07816791800635,30.07816791800635,30.266272560300955,28.411482217395942,28.491558444822328,0.8585078155994416,0.8190449512004853,val
2026-03-12 17:48:17,s3_qat,927,2.5e-07,0.34217806477332485,psnr_sr_rgb_sh0,30.008470708250243,30.008470708250243,30.232012102705912,28.411482217395942,28.491558444822328,0.8583292633295059,0.8190449512004853,val
2026-03-12 17:50:08,s3_qat,928,2.5e-07,0.343954927471932,psnr_sr_rgb_sh0,30.07322651867945,30.07322651867945,30.26891753830901,28.411482217395942,28.491558444822328,0.8585437774658203,0.8190449512004853,val
2026-03-12 17:52:00,s3_qat,929,2.5e-07,0.3505997092463076,psnr_sr_rgb_sh0,30.083187575899466,30.083187575899466,30.273099855244787,28.411482217395942,28.491558444822328,0.8585348099470138,0.8190449512004853,val
2026-03-12 17:53:53,s3_qat,930,2.5e-07,0.3433093453990296,psnr_sr_rgb_sh0,30.082090317008056,30.082090317008056,30.27394438450462,28.411482217395942,28.491558444822328,0.8585598397254944,0.8190449512004853,val
2026-03-12 17:55:45,s3_qat,931,2.5e-07,0.3484465050674044,psnr_sr_rgb_sh0,30.062017499290363,30.062017499290363,30.26057353326895,28.411482217395942,28.491558444822328,0.8585251873731613,0.8190449512004853,val
2026-03-12 17:57:36,s3_qat,932,2.5e-07,0.3455438736593351,psnr_sr_rgb_sh0,30.067763793625623,30.067763793625623,30.263414204852175,28.411482217395942,28.491558444822328,0.8585598599910736,0.8190449512004853,val
2026-03-12 17:59:30,s3_qat,933,2.5e-07,0.3513958450360224,psnr_sr_rgb_sh0,30.096786565198965,30.096786565198965,30.28394656080328,28.411482217395942,28.491558444822328,0.8585797286033631,0.8190449512004853,val
2026-03-12 18:01:21,s3_qat,934,2.5e-07,0.3384407218499109,psnr_sr_rgb_sh0,30.078498212631548,30.078498212631548,30.26960923023842,28.411482217395942,28.491558444822328,0.8585230016708374,0.8190449512004853,val
2026-03-12 18:03:11,s3_qat,935,2.5e-07,0.34185641892720015,psnr_sr_rgb_sh0,30.084304361427986,30.084304361427986,30.272277938068246,28.411482217395942,28.491558444822328,0.8585145497322082,0.8190449512004853,val
2026-03-12 18:05:05,s3_qat,936,2.5e-07,0.34281407919246704,psnr_sr_rgb_sh0,30.080317763962668,30.080317763962668,30.272755658341683,28.411482217395942,28.491558444822328,0.8585034799575806,0.8190449512004853,val
2026-03-12 18:06:56,s3_qat,937,2.5e-07,0.34874874134606215,psnr_sr_rgb_sh0,30.100155673811518,30.100155673811518,30.285141267256208,28.411482217395942,28.491558444822328,0.8586042308807373,0.8190449512004853,val
2026-03-12 18:08:46,s3_qat,938,2.5e-07,0.33614888562762646,psnr_sr_rgb_sh0,30.055014951427452,30.055014951427452,30.257101318700233,28.411482217395942,28.491558444822328,0.8584489911794663,0.8190449512004853,val
2026-03-12 18:10:40,s3_qat,939,2.5e-07,0.34355820978526025,psnr_sr_rgb_sh0,30.068066797902233,30.068066797902233,30.265071906224637,28.411482217395942,28.491558444822328,0.8585046315193177,0.8190449512004853,val
2026-03-12 18:12:30,s3_qat,940,2.5e-07,0.34241620243526993,psnr_sr_rgb_sh0,30.088237105803238,30.088237105803238,30.278906253531535,28.411482217395942,28.491558444822328,0.8585643607378006,0.8190449512004853,val
2026-03-12 18:14:21,s3_qat,941,2.5e-07,0.3388347354438156,psnr_sr_rgb_sh0,30.05183239356705,30.05183239356705,30.25495082885969,28.411482217395942,28.491558444822328,0.8584302705526352,0.8190449512004853,val
2026-03-12 18:16:14,s3_qat,942,2.5e-07,0.34290946475230155,psnr_sr_rgb_sh0,30.087884050116084,30.087884050116084,30.2758959045349,28.411482217395942,28.491558444822328,0.858498621582985,0.8190449512004853,val
2026-03-12 18:18:05,s3_qat,943,2.5e-07,0.34557208671700207,psnr_sr_rgb_sh0,30.084862134425297,30.084862134425297,30.274430302186435,28.411482217395942,28.491558444822328,0.8584852361679077,0.8190449512004853,val
2026-03-12 18:19:56,s3_qat,944,2.5e-07,0.3455498515907675,psnr_sr_rgb_sh0,30.04788062787769,30.04788062787769,30.25543456071949,28.411482217395942,28.491558444822328,0.8584169691801071,0.8190449512004853,val
2026-03-12 18:21:48,s3_qat,945,2.5e-07,0.3489811491034925,psnr_sr_rgb_sh0,30.0786797933143,30.0786797933143,30.271284956560812,28.411482217395942,28.491558444822328,0.8585546952486038,0.8190449512004853,val
2026-03-12 18:23:42,s3_qat,946,2.5e-07,0.3401169677614234,psnr_sr_rgb_sh0,30.043687124271365,30.043687124271365,30.251064740473772,28.411482217395942,28.491558444822328,0.8583751296997071,0.8190449512004853,val
2026-03-12 18:25:32,s3_qat,947,2.5e-07,0.3466474283533171,psnr_sr_rgb_sh0,30.072163997792977,30.072163997792977,30.266701468430544,28.411482217395942,28.491558444822328,0.8585312539339065,0.8190449512004853,val
2026-03-12 18:27:23,s3_qat,948,2.5e-07,0.34225701068062336,psnr_sr_rgb_sh0,30.096615344490786,30.096615344490786,30.280068870925955,28.411482217395942,28.491558444822328,0.8585525476932525,0.8190449512004853,val
2026-03-12 18:29:17,s3_qat,949,2.5e-07,0.3411197495274246,psnr_sr_rgb_sh0,30.09566744899065,30.09566744899065,30.281916669068533,28.411482217395942,28.491558444822328,0.8585456091165543,0.8190449512004853,val
2026-03-12 18:31:07,s3_qat,950,2.5e-07,0.3403821548260748,psnr_sr_rgb_sh0,30.05031073164477,30.05031073164477,30.254607412804322,28.411482217395942,28.491558444822328,0.8584833979606629,0.8190449512004853,val
2026-03-12 18:32:58,s3_qat,951,2.5e-07,0.3466438223281875,psnr_sr_rgb_sh0,30.038720497921787,30.038720497921787,30.24764944598331,28.411482217395942,28.491558444822328,0.8584518480300903,0.8190449512004853,val
2026-03-12 18:34:53,s3_qat,952,2.5e-07,0.33984573591966183,psnr_sr_rgb_sh0,30.049189643694746,30.049189643694746,30.255641862467627,28.411482217395942,28.491558444822328,0.858387953042984,0.8190449512004853,val
2026-03-12 18:36:44,s3_qat,953,2.5e-07,0.3484384247707203,psnr_sr_rgb_sh0,30.039743917291442,30.039743917291442,30.247931517451548,28.411482217395942,28.491558444822328,0.8583502054214478,0.8190449512004853,val
2026-03-12 18:38:35,s3_qat,954,2.5e-07,0.34384593669325114,psnr_sr_rgb_sh0,30.09622583430637,30.09622583430637,30.28346882752065,28.411482217395942,28.491558444822328,0.8585518050193787,0.8190449512004853,val
2026-03-12 18:40:28,s3_qat,955,2.5e-07,0.3394204393425025,psnr_sr_rgb_sh0,30.052454596738848,30.052454596738848,30.257282920739975,28.411482217395942,28.491558444822328,0.8584774869680405,0.8190449512004853,val
2026-03-12 18:42:20,s3_qat,956,2.5e-07,0.34089807940647004,psnr_sr_rgb_sh0,30.119882903093185,30.119882903093185,30.298720778679108,28.411482217395942,28.491558444822328,0.8586385649442673,0.8190449512004853,val
2026-03-12 18:44:11,s3_qat,957,2.5e-07,0.34431592739652844,psnr_sr_rgb_sh0,30.085866753111965,30.085866753111965,30.277886922178574,28.411482217395942,28.491558444822328,0.8584374797344207,0.8190449512004853,val
2026-03-12 18:46:03,s3_qat,958,2.5e-07,0.3426067551970482,psnr_sr_rgb_sh0,30.073865810474036,30.073865810474036,30.26599098545328,28.411482217395942,28.491558444822328,0.858442811369896,0.8190449512004853,val
2026-03-12 18:47:56,s3_qat,959,1.25e-07,0.340856250685174,psnr_sr_rgb_sh0,30.06652069199424,30.06652069199424,30.26405256433924,28.411482217395942,28.491558444822328,0.8584253841638565,0.8190449512004853,val
