time,stage,epoch,lr,train_loss,best_key,val_best,psnr_sr_rgb_sh0,psnr_sr_y_sh0,psnr_bi_rgb_sh0,psnr_bi_y_sh0,psnr_sr_rgb_sh3,psnr_sr_y_sh3,psnr_bi_rgb_sh3,psnr_bi_y_sh3,ssim_sr_rgb_sh0,ssim_bi_rgb_sh0,ssim_sr_rgb_sh3,ssim_bi_rgb_sh3,note
2026-03-10 13:57:41,s1_fp32,0,3.3333333333333335e-05,0.4330866318941116,psnr_sr_rgb_sh0,7.524559736594133,7.524559736594133,7.224300170401249,28.411482217395942,28.491558444822328,7.524648692364588,7.2241698406889565,28.40087791743983,28.480837463921624,0.06816528303548694,0.8190449512004853,0.06816321974620224,0.8187964862585068,val
2026-03-10 13:58:33,s1_fp32,1,5e-05,0.3447239252924919,psnr_sr_rgb_sh0,7.429157587825017,7.429157587825017,7.189375940068044,28.411482217395942,28.491558444822328,7.429569749044463,7.189378866078243,28.40087791743983,28.480837463921624,0.06812266381457448,0.8190449512004853,0.06813158197328448,0.8187964862585068,val
2026-03-10 13:59:28,s1_fp32,2,6.666666666666667e-05,0.22162144482135773,psnr_sr_rgb_sh0,7.471359695336495,7.471359695336495,7.3370525437309695,28.411482217395942,28.491558444822328,7.472136636611152,7.3378485659689705,28.40087791743983,28.480837463921624,0.07100547965615987,0.8190449512004853,0.0710460028797388,0.8187964862585068,val
2026-03-10 14:00:16,s1_fp32,3,8.333333333333333e-05,0.1051119627058506,psnr_sr_rgb_sh0,7.600700907639021,7.600700907639021,7.607734554722607,28.411482217395942,28.491558444822328,7.602149181416954,7.6099769440420015,28.40087791743983,28.480837463921624,0.07605781460180878,0.8190449512004853,0.07615116562694312,0.8187964862585068,val
2026-03-10 14:01:04,s1_fp32,4,0.0001,0.08318384602665901,psnr_sr_rgb_sh0,7.746604657425368,7.746604657425368,7.872247050177065,28.411482217395942,28.491558444822328,7.748674411921487,7.875810289312987,28.40087791743983,28.480837463921624,0.08031904930248857,0.8190449512004853,0.08045823032036424,0.8187964862585068,val
2026-03-10 14:01:50,s1_fp32,5,0.00011666666666666667,0.07523276418447494,psnr_sr_rgb_sh0,7.900783608084704,7.900783608084704,8.127087513739317,28.411482217395942,28.491558444822328,7.90346724167071,8.131928102016438,28.40087791743983,28.480837463921624,0.08452795682474971,0.8190449512004853,0.08471329824998974,0.8187964862585068,val
2026-03-10 14:02:39,s1_fp32,6,0.00013333333333333334,0.06629289478063584,psnr_sr_rgb_sh0,8.075014025982759,8.075014025982759,8.37583399062754,28.411482217395942,28.491558444822328,8.0784283784536,8.381901110374043,28.40087791743983,28.480837463921624,0.089050338473171,0.8190449512004853,0.08928808212280273,0.8187964862585068,val
2026-03-10 14:03:28,s1_fp32,7,0.00015,0.06014776572585106,psnr_sr_rgb_sh0,8.270083257649587,8.270083257649587,8.629334170308367,28.411482217395942,28.491558444822328,8.274336020576891,8.636626781029944,28.40087791743983,28.480837463921624,0.09406248766928911,0.8190449512004853,0.0943600152246654,0.8187964862585068,val
2026-03-10 14:04:17,s1_fp32,8,0.00016666666666666666,0.05540141567587852,psnr_sr_rgb_sh0,8.495885662607863,8.495885662607863,8.910480143204213,28.411482217395942,28.491558444822328,8.501198493444768,8.919253703612256,28.40087791743983,28.480837463921624,0.09990017784759403,0.8190449512004853,0.10026972439140082,0.8187964862585068,val
2026-03-10 14:05:03,s1_fp32,9,0.00018333333333333334,0.05251805268228054,psnr_sr_rgb_sh0,8.764423064187609,8.764423064187609,9.195127442853327,28.411482217395942,28.491558444822328,8.771153239844125,9.205418028955128,28.40087791743983,28.480837463921624,0.10726906469091774,0.8190449512004853,0.1077328628487885,0.8187964862585068,val
2026-03-10 14:05:48,s1_fp32,10,0.0002,0.04888434752821922,psnr_sr_rgb_sh0,9.06389228313368,9.06389228313368,9.483780164658139,28.411482217395942,28.491558444822328,9.072291510067048,9.495578441676637,28.40087791743983,28.480837463921624,0.11619881473481655,0.8190449512004853,0.11677605491131544,0.8187964862585068,val
2026-03-10 14:06:36,s1_fp32,11,0.00021666666666666668,0.047218012884259225,psnr_sr_rgb_sh0,9.386368850929209,9.386368850929209,9.78253983567167,28.411482217395942,28.491558444822328,9.39666287267716,9.795856686272838,28.40087791743983,28.480837463921624,0.1265859490260482,0.8190449512004853,0.12729613043367863,0.8187964862585068,val
2026-03-10 14:07:24,s1_fp32,12,0.00023333333333333333,0.04403267040848732,psnr_sr_rgb_sh0,9.715358214918131,9.715358214918131,10.12907768183408,28.411482217395942,28.491558444822328,9.727648592170492,10.14437715109097,28.40087791743983,28.480837463921624,0.13791323754936458,0.8190449512004853,0.13876773066818715,0.8187964862585068,val
2026-03-10 14:08:10,s1_fp32,13,0.00025,0.041853878498077396,psnr_sr_rgb_sh0,10.045862957373185,10.045862957373185,10.48878427671551,28.411482217395942,28.491558444822328,10.060204770022615,10.50622134963067,28.40087791743983,28.480837463921624,0.14989929746836425,0.8190449512004853,0.15090318746864795,0.8187964862585068,val
2026-03-10 14:08:57,s1_fp32,14,0.0002666666666666667,0.040274813398718835,psnr_sr_rgb_sh0,10.378155626062231,10.378155626062231,10.850154193831225,28.411482217395942,28.491558444822328,10.394600628361234,10.869748144202072,28.40087791743983,28.480837463921624,0.1624898837134242,0.8190449512004853,0.1636451303958893,0.8187964862585068,val
2026-03-10 14:09:42,s1_fp32,15,0.00028333333333333335,0.03866037469357252,psnr_sr_rgb_sh0,10.712311883016763,10.712311883016763,11.212524865766689,28.411482217395942,28.491558444822328,10.730899862323644,11.234314341697118,28.40087791743983,28.480837463921624,0.17557619869709015,0.8190449512004853,0.176879045329988,0.8187964862585068,val
2026-03-10 14:10:29,s1_fp32,16,0.0003,0.037727421410381795,psnr_sr_rgb_sh0,11.049666303982562,11.049666303982562,11.573882976485452,28.411482217395942,28.491558444822328,11.070449238905672,11.59791649213946,28.40087791743983,28.480837463921624,0.18919020026922226,0.8190449512004853,0.1906348478794098,0.8187964862585068,val
2026-03-10 14:11:14,s1_fp32,17,0.00031666666666666665,0.03613761574029922,psnr_sr_rgb_sh0,11.396947051551606,11.396947051551606,11.936998192027074,28.411482217395942,28.491558444822328,11.420047010215317,11.963361711830741,28.40087791743983,28.480837463921624,0.20345755554735662,0.8190449512004853,0.20503911688923837,0.8187964862585068,val
2026-03-10 14:11:59,s1_fp32,18,0.0003333333333333333,0.036115243434906005,psnr_sr_rgb_sh0,11.752742607588186,11.752742607588186,12.300290693576997,28.411482217395942,28.491558444822328,11.778299566366426,12.329063519892081,28.40087791743983,28.480837463921624,0.21829700388014317,0.8190449512004853,0.22000917516648769,0.8187964862585068,val
2026-03-10 14:12:44,s1_fp32,19,0.00035,0.034727630652487275,psnr_sr_rgb_sh0,12.111693211859649,12.111693211859649,12.662363157529676,28.411482217395942,28.491558444822328,12.139785445057141,12.693613524903284,28.40087791743983,28.480837463921624,0.23362288929522038,0.8190449512004853,0.23545729398727416,0.8187964862585068,val
2026-03-10 14:13:30,s1_fp32,20,0.00036666666666666667,0.03353341978043318,psnr_sr_rgb_sh0,12.474963216586453,12.474963216586453,13.02723358210762,28.411482217395942,28.491558444822328,12.505664824752559,13.06106472375613,28.40087791743983,28.480837463921624,0.2494011617451906,0.8190449512004853,0.2513482193648815,0.8187964862585068,val
2026-03-10 14:14:17,s1_fp32,21,0.00038333333333333334,0.03311803188174963,psnr_sr_rgb_sh0,12.83868534737718,12.83868534737718,13.390539494453158,28.411482217395942,28.491558444822328,12.872035302442832,13.427015619660686,28.40087791743983,28.480837463921624,0.26559000052511694,0.8190449512004853,0.26763872034847735,0.8187964862585068,val
2026-03-10 14:15:02,s1_fp32,22,0.0004,0.032282424680888655,psnr_sr_rgb_sh0,13.201684100959278,13.201684100959278,13.751954418528062,28.411482217395942,28.491558444822328,13.237709849852445,13.791136797777465,28.40087791743983,28.480837463921624,0.2819541288912296,0.8190449512004853,0.28409165151417254,0.8187964862585068,val
2026-03-10 14:15:48,s1_fp32,23,0.0004166666666666667,0.033410307578742506,psnr_sr_rgb_sh0,13.565601197538529,13.565601197538529,14.115190357523012,28.411482217395942,28.491558444822328,13.604350329467088,14.157169981033398,28.40087791743983,28.480837463921624,0.2985534019768238,0.8190449512004853,0.30076769217848776,0.8187964862585068,val
2026-03-10 14:16:34,s1_fp32,24,0.00043333333333333337,0.03212291155010462,psnr_sr_rgb_sh0,13.930828476824088,13.930828476824088,14.477613775002819,28.411482217395942,28.491558444822328,13.97237809196268,14.522455074318849,28.40087791743983,28.480837463921624,0.31539061158895493,0.8190449512004853,0.3176709122955799,0.8187964862585068,val
2026-03-10 14:17:19,s1_fp32,25,0.00045000000000000004,0.031542893573641775,psnr_sr_rgb_sh0,14.296133404846625,14.296133404846625,14.840278337001473,28.411482217395942,28.491558444822328,14.3405498010107,14.888050808462028,28.40087791743983,28.480837463921624,0.3323673893511295,0.8190449512004853,0.33470251858234407,0.8187964862585068,val
2026-03-10 14:18:05,s1_fp32,26,0.00046666666666666666,0.030782183930277825,psnr_sr_rgb_sh0,14.659626536757298,14.659626536757298,15.201931634964643,28.411482217395942,28.491558444822328,14.706938952872607,15.252674673414006,28.40087791743983,28.480837463921624,0.34928029850125314,0.8190449512004853,0.35165836483240126,0.8187964862585068,val
2026-03-10 14:18:50,s1_fp32,27,0.00048333333333333334,0.030843349508941173,psnr_sr_rgb_sh0,15.022139900657416,15.022139900657416,15.56114225181612,28.411482217395942,28.491558444822328,15.07237951959571,15.614858037526378,28.40087791743983,28.480837463921624,0.366211099177599,0.8190449512004853,0.3686213994026184,0.8187964862585068,val
2026-03-10 14:19:36,s1_fp32,28,0.0005,0.029969039000570775,psnr_sr_rgb_sh0,15.385930475340325,15.385930475340325,15.922239431427206,28.411482217395942,28.491558444822328,15.43915838884125,15.97899118953933,28.40087791743983,28.480837463921624,0.3832828788459301,0.8190449512004853,0.3857163183391094,0.8187964862585068,val
2026-03-10 14:20:21,s1_fp32,29,0.0005166666666666667,0.029805529527366162,psnr_sr_rgb_sh0,15.746384758003119,15.746384758003119,16.279460519489227,28.411482217395942,28.491558444822328,15.802576928931996,16.339204484813393,28.40087791743983,28.480837463921624,0.4001529332995415,0.8190449512004853,0.40259850412607195,0.8187964862585068,val
2026-03-10 14:21:07,s1_fp32,30,0.0005333333333333334,0.02867663748562336,psnr_sr_rgb_sh0,16.10778789213478,16.10778789213478,16.636426093978425,28.411482217395942,28.491558444822328,16.16698056069158,16.69916550477317,28.40087791743983,28.480837463921624,0.41691620767116544,0.8190449512004853,0.41936466231942177,0.8187964862585068,val
2026-03-10 14:21:52,s1_fp32,31,0.00055,0.030088607110083102,psnr_sr_rgb_sh0,16.467441597920352,16.467441597920352,16.991448555380856,28.411482217395942,28.491558444822328,16.529621115539882,17.057148513907272,28.40087791743983,28.480837463921624,0.4336888936161995,0.8190449512004853,0.43613168254494666,0.8187964862585068,val
2026-03-10 14:22:38,s1_fp32,32,0.0005666666666666667,0.028537313044071196,psnr_sr_rgb_sh0,16.824079902343875,16.824079902343875,17.344285458713532,28.411482217395942,28.491558444822328,16.88919633253913,17.412884957138182,28.40087791743983,28.480837463921624,0.4501051692664623,0.8190449512004853,0.45253289103507993,0.8187964862585068,val
2026-03-10 14:23:24,s1_fp32,33,0.0005833333333333334,0.02890748344361782,psnr_sr_rgb_sh0,17.183241120770486,17.183241120770486,17.699180560882677,28.411482217395942,28.491558444822328,17.251326037536437,17.77067718438375,28.40087791743983,28.480837463921624,0.46662665888667104,0.8190449512004853,0.46903317376971243,0.8187964862585068,val
2026-03-10 14:24:09,s1_fp32,34,0.0006,0.028336136378347875,psnr_sr_rgb_sh0,17.533905120807574,17.533905120807574,18.04314079843325,28.411482217395942,28.491558444822328,17.60479195261147,18.11729393523125,28.40087791743983,28.480837463921624,0.482700771689415,0.8190449512004853,0.4850770956277847,0.8187964862585068,val
2026-03-10 14:24:55,s1_fp32,35,0.0006166666666666667,0.028025526255369186,psnr_sr_rgb_sh0,17.88692923083271,17.88692923083271,18.390882632799197,28.411482217395942,28.491558444822328,17.96062073661969,18.467693888330167,28.40087791743983,28.480837463921624,0.4985354548692703,0.8190449512004853,0.5008753317594529,0.8187964862585068,val
2026-03-10 14:25:42,s1_fp32,36,0.0006333333333333333,0.02821364350616932,psnr_sr_rgb_sh0,18.237198508551476,18.237198508551476,18.734161622742885,28.411482217395942,28.491558444822328,18.313609268726033,18.813479804969514,28.40087791743983,28.480837463921624,0.5142830657958984,0.8190449512004853,0.5165810659527779,0.8187964862585068,val
2026-03-10 14:26:28,s1_fp32,37,0.0006500000000000001,0.028343691639602184,psnr_sr_rgb_sh0,18.583631590793626,18.583631590793626,19.073834104207346,28.411482217395942,28.491558444822328,18.66266778456172,19.155542881122262,28.40087791743983,28.480837463921624,0.5298022592067718,0.8190449512004853,0.5320539811253547,0.8187964862585068,val
2026-03-10 14:27:14,s1_fp32,38,0.0006666666666666666,0.027953159511089325,psnr_sr_rgb_sh0,18.929024745075314,18.929024745075314,19.410471144483214,28.411482217395942,28.491558444822328,19.010668934810486,19.49448511551671,28.40087791743983,28.480837463921624,0.544943948686123,0.8190449512004853,0.5471459877490997,0.8187964862585068,val
2026-03-10 14:27:59,s1_fp32,39,0.0006833333333333333,0.027335503734648228,psnr_sr_rgb_sh0,19.271979619099973,19.271979619099973,19.745263350698465,28.411482217395942,28.491558444822328,19.35611788194941,19.831452244336845,28.40087791743983,28.480837463921624,0.5597325342893601,0.8190449512004853,0.5618801429867745,0.8187964862585068,val
2026-03-10 14:28:45,s1_fp32,40,0.0007,0.027197717167437078,psnr_sr_rgb_sh0,19.615180990789366,19.615180990789366,20.079909928986993,28.411482217395942,28.491558444822328,19.70178753670021,20.16821229986191,28.40087791743983,28.480837463921624,0.5743771067261696,0.8190449512004853,0.5764682441949844,0.8187964862585068,val
2026-03-10 14:29:30,s1_fp32,41,0.0007166666666666667,0.026760763972997665,psnr_sr_rgb_sh0,19.94897824204171,19.94897824204171,20.405413934560855,28.411482217395942,28.491558444822328,20.037832707019838,20.495577728625303,28.40087791743983,28.480837463921624,0.5884788843989373,0.8190449512004853,0.5905103182792664,0.8187964862585068,val
2026-03-10 14:30:15,s1_fp32,42,0.0007333333333333333,0.027726197987794875,psnr_sr_rgb_sh0,20.28374289648611,20.28374289648611,20.73029847041976,28.411482217395942,28.491558444822328,20.374781232188806,20.82221442451404,28.40087791743983,28.480837463921624,0.6022213944792747,0.8190449512004853,0.604190564751625,0.8187964862585068,val
2026-03-10 14:31:01,s1_fp32,43,0.00075,0.0257278373837471,psnr_sr_rgb_sh0,20.61226613312342,20.61226613312342,21.049533059777517,28.411482217395942,28.491558444822328,20.705309510729712,21.142993526265233,28.40087791743983,28.480837463921624,0.6156263607740402,0.8190449512004853,0.6175318104028702,0.8187964862585068,val
2026-03-10 14:31:50,s1_fp32,44,0.0007666666666666667,0.026487535834312438,psnr_sr_rgb_sh0,20.937260936844513,20.937260936844513,21.36502538337589,28.411482217395942,28.491558444822328,21.03221192344714,21.459926471187586,28.40087791743983,28.480837463921624,0.6284439811110496,0.8190449512004853,0.630284848511219,0.8187964862585068,val
2026-03-10 14:32:35,s1_fp32,45,0.0007833333333333334,0.02579340398311615,psnr_sr_rgb_sh0,21.25850042286769,21.25850042286769,21.67482416237211,28.411482217395942,28.491558444822328,21.35515837650667,21.770892541381322,28.40087791743983,28.480837463921624,0.6408790427446366,0.8190449512004853,0.6426535838842392,0.8187964862585068,val
2026-03-10 14:33:21,s1_fp32,46,0.0008,0.025970104895532132,psnr_sr_rgb_sh0,21.57273971420073,21.57273971420073,21.97682006471785,28.411482217395942,28.491558444822328,21.671006132494185,22.073923900711858,28.40087791743983,28.480837463921624,0.6527608412504197,0.8190449512004853,0.6544700250029564,0.8187964862585068,val
2026-03-10 14:34:07,s1_fp32,47,0.0008166666666666667,0.026843864284455777,psnr_sr_rgb_sh0,21.88902446163968,21.88902446163968,22.282534280621263,28.411482217395942,28.491558444822328,21.988858683920103,22.380654206647538,28.40087791743983,28.480837463921624,0.6643962061405182,0.8190449512004853,0.6660409033298492,0.8187964862585068,val
2026-03-10 14:34:52,s1_fp32,48,0.0008333333333333334,0.02639636032283306,psnr_sr_rgb_sh0,22.196098615768246,22.196098615768246,22.57801145775669,28.411482217395942,28.491558444822328,22.297377372448544,22.677011494121302,28.40087791743983,28.480837463921624,0.6753765058517456,0.8190449512004853,0.6769580119848251,0.8187964862585068,val
2026-03-10 14:35:38,s1_fp32,49,0.00085,0.026086399238556622,psnr_sr_rgb_sh0,22.503964595255425,22.503964595255425,22.874704155444938,28.411482217395942,28.491558444822328,22.60666746237577,22.974540300139683,28.40087791743983,28.480837463921624,0.6859737321734428,0.8190449512004853,0.6874928426742554,0.8187964862585068,val
2026-03-10 14:36:27,s1_fp32,50,0.0008666666666666667,0.026733904108405114,psnr_sr_rgb_sh0,22.805332980536768,22.805332980536768,23.166905221413064,28.411482217395942,28.491558444822328,22.909262387471884,23.267437266331427,28.40087791743983,28.480837463921624,0.6959713008999825,0.8190449512004853,0.6974283081293106,0.8187964862585068,val
2026-03-10 14:37:13,s1_fp32,51,0.0008833333333333333,0.026292996928095818,psnr_sr_rgb_sh0,23.097256366123382,23.097256366123382,23.44731878295811,28.411482217395942,28.491558444822328,23.20239459211401,23.548460331477546,28.40087791743983,28.480837463921624,0.7053587687015533,0.8190449512004853,0.7067570888996124,0.8187964862585068,val
2026-03-10 14:38:04,s1_fp32,52,0.0009000000000000001,0.026165339946746826,psnr_sr_rgb_sh0,23.388608029150987,23.388608029150987,23.727760470162995,28.411482217395942,28.491558444822328,23.49484262021415,23.82938962715442,28.40087791743983,28.480837463921624,0.7142681193351745,0.8190449512004853,0.7156080669164657,0.8187964862585068,val
2026-03-10 14:38:49,s1_fp32,53,0.0009166666666666666,0.025181862749159335,psnr_sr_rgb_sh0,23.6767488210805,23.6767488210805,24.00253221510819,28.411482217395942,28.491558444822328,23.784145137147824,24.104657323596257,28.40087791743983,28.480837463921624,0.722642570734024,0.8190449512004853,0.7239268177747726,0.8187964862585068,val
2026-03-10 14:39:35,s1_fp32,54,0.0009333333333333333,0.025849279947578907,psnr_sr_rgb_sh0,23.955320944392817,23.955320944392817,24.268705478297797,28.411482217395942,28.491558444822328,24.063629261364184,24.371066658704855,28.40087791743983,28.480837463921624,0.7303263622522355,0.8190449512004853,0.7315556684136391,0.8187964862585068,val
2026-03-10 14:40:19,s1_fp32,55,0.00095,0.02615904461592436,psnr_sr_rgb_sh0,24.246208795709723,24.246208795709723,24.548906595273124,28.411482217395942,28.491558444822328,24.35580814004752,24.651906487128098,28.40087791743983,28.480837463921624,0.7378761130571365,0.8190449512004853,0.739053829908371,0.8187964862585068,val
2026-03-10 14:41:05,s1_fp32,56,0.0009666666666666667,0.02801598560065031,psnr_sr_rgb_sh0,24.508354493812107,24.508354493812107,24.79741875737068,28.411482217395942,28.491558444822328,24.618663235588883,24.90042409783912,28.40087791743983,28.480837463921624,0.7446879190206528,0.8190449512004853,0.7458156299591064,0.8187964862585068,val
2026-03-10 14:41:50,s1_fp32,57,0.0009833333333333332,0.027817783430218696,psnr_sr_rgb_sh0,24.77971575798299,24.77971575798299,25.05775181523839,28.411482217395942,28.491558444822328,24.891012611306266,25.161074843670413,28.40087791743983,28.480837463921624,0.7508261692523956,0.8190449512004853,0.7519056540727616,0.8187964862585068,val
2026-03-10 14:42:34,s1_fp32,58,0.001,0.025574609376490115,psnr_sr_rgb_sh0,25.033240886187095,25.033240886187095,25.29729310309829,28.411482217395942,28.491558444822328,25.145356914633474,25.40074639223334,28.40087791743983,28.480837463921624,0.7564248844981194,0.8190449512004853,0.7574597346782684,0.8187964862585068,val
2026-03-10 14:43:18,s1_fp32,59,0.001,0.02650529984384775,psnr_sr_rgb_sh0,25.27572621442866,25.27572621442866,25.529356362012706,28.411482217395942,28.491558444822328,25.388413065308022,25.63271994558483,28.40087791743983,28.480837463921624,0.7617471241950988,0.8190449512004853,0.7627389162778855,0.8187964862585068,val
2026-03-10 14:44:04,s1_fp32,60,0.0009999915384288722,0.024990214928984643,psnr_sr_rgb_sh0,25.50391763344036,25.50391763344036,25.746684821199562,28.411482217395942,28.491558444822328,25.617031171031126,25.849857557403197,28.40087791743983,28.480837463921624,0.7666878139972687,0.8190449512004853,0.767639536857605,0.8187964862585068,val
2026-03-10 14:44:50,s1_fp32,61,0.0009999661540018813,0.02496227215975523,psnr_sr_rgb_sh0,25.731318391896945,25.731318391896945,25.966112875636284,28.411482217395942,28.491558444822328,25.84466916297606,26.06895569145659,28.40087791743983,28.480837463921624,0.7713610804080964,0.8190449512004853,0.7722724306583405,0.8187964862585068,val
2026-03-10 14:45:36,s1_fp32,62,0.0009999238475781956,0.025560576505959033,psnr_sr_rgb_sh0,25.944688486005237,25.944688486005237,26.173952995267104,28.411482217395942,28.491558444822328,26.058008783050578,26.27629480329861,28.40087791743983,28.480837463921624,0.7757228308916092,0.8190449512004853,0.7765956121683121,0.8187964862585068,val
2026-03-10 14:46:21,s1_fp32,63,0.000999864620589731,0.025779346246272327,psnr_sr_rgb_sh0,26.15225350613512,26.15225350613512,26.37418872459599,28.411482217395942,28.491558444822328,26.26540818114233,26.475819914747966,28.40087791743983,28.480837463921624,0.7796916282176971,0.8190449512004853,0.7805268287658691,0.8187964862585068,val
2026-03-10 14:47:07,s1_fp32,64,0.0009997884750411004,0.025030869524925947,psnr_sr_rgb_sh0,26.35398134706801,26.35398134706801,26.570973017537185,28.411482217395942,28.491558444822328,26.4669165707962,26.671936254020125,28.40087791743983,28.480837463921624,0.7834851336479187,0.8190449512004853,0.7842848819494247,0.8187964862585068,val
2026-03-10 14:47:52,s1_fp32,65,0.0009996954135095479,0.02525023978203535,psnr_sr_rgb_sh0,26.547299214008387,26.547299214008387,26.758575009383822,28.411482217395942,28.491558444822328,26.659772101782327,26.858612747211126,28.40087791743983,28.480837463921624,0.7871936804056168,0.8190449512004853,0.7879588270187378,0.8187964862585068,val
2026-03-10 14:48:38,s1_fp32,66,0.0009995854391448608,0.024745527803897858,psnr_sr_rgb_sh0,26.738531652514343,26.738531652514343,26.947349220318085,28.411482217395942,28.491558444822328,26.850439179025184,27.046470359576524,28.40087791743983,28.480837463921624,0.7904844719171524,0.8190449512004853,0.7912156748771667,0.8187964862585068,val
2026-03-10 14:49:26,s1_fp32,67,0.0009994585556692623,0.026317647211253643,psnr_sr_rgb_sh0,26.912482180661424,26.912482180661424,27.117346796353182,28.411482217395942,28.491558444822328,27.023389570362447,27.21515113445751,28.40087791743983,28.480837463921624,0.7934611982107163,0.8190449512004853,0.7941595613956451,0.8187964862585068,val
2026-03-10 14:50:13,s1_fp32,68,0.0009993147673772868,0.025738534182310105,psnr_sr_rgb_sh0,27.078657113384356,27.078657113384356,27.282051694803933,28.411482217395942,28.491558444822328,27.188540348760238,27.37849706913317,28.40087791743983,28.480837463921624,0.7963762879371643,0.8190449512004853,0.7970440036058426,0.8187964862585068,val
2026-03-10 14:50:58,s1_fp32,69,0.0009991540791356342,0.02444216525182128,psnr_sr_rgb_sh0,27.23845276628293,27.23845276628293,27.441474599973336,28.411482217395942,28.491558444822328,27.347489759646038,27.536896959983178,28.40087791743983,28.480837463921624,0.7990414065122604,0.8190449512004853,0.7996820420026779,0.8187964862585068,val
2026-03-10 14:51:46,s1_fp32,70,0.0009989764963830037,0.02441494669765234,psnr_sr_rgb_sh0,27.3925909134094,27.3925909134094,27.59729186157318,28.411482217395942,28.491558444822328,27.500373973023738,27.69133407800376,28.40087791743983,28.480837463921624,0.8017052304744721,0.8190449512004853,0.8023176801204681,0.8187964862585068,val
2026-03-10 14:52:32,s1_fp32,71,0.0009987820251299122,0.023860605247318745,psnr_sr_rgb_sh0,27.529931064248782,27.529931064248782,27.73601348889731,28.411482217395942,28.491558444822328,27.636214276107538,27.82852412078239,28.40087791743983,28.480837463921624,0.8039724040031433,0.8190449512004853,0.8045580011606216,0.8187964862585068,val
2026-03-10 14:53:17,s1_fp32,72,0.0009985706719584887,0.024944523591548206,psnr_sr_rgb_sh0,27.673936352850202,27.673936352850202,27.8823355191157,28.411482217395942,28.491558444822328,27.778766029641766,27.973345222448906,28.40087791743983,28.480837463921624,0.8064716643095017,0.8190449512004853,0.8070311427116394,0.8187964862585068,val
2026-03-10 14:54:04,s1_fp32,73,0.0009983424440222531,0.024552543982863426,psnr_sr_rgb_sh0,27.80242974131641,27.80242974131641,28.01328431379859,28.411482217395942,28.491558444822328,27.905413939614007,28.10248726035867,28.40087791743983,28.480837463921624,0.8086816096305847,0.8190449512004853,0.8092153972387314,0.8187964862585068,val
2026-03-10 14:54:52,s1_fp32,74,0.0009980973490458728,0.024550657831132413,psnr_sr_rgb_sh0,27.925290617715355,27.925290617715355,28.138924680594005,28.411482217395942,28.491558444822328,28.026066730215586,28.22604912594474,28.40087791743983,28.480837463921624,0.8107422751188278,0.8190449512004853,0.8112500965595245,0.8187964862585068,val
2026-03-10 14:55:44,s1_fp32,75,0.0009978353953249022,0.02485279746353626,psnr_sr_rgb_sh0,28.044464077855103,28.044464077855103,28.262406833269075,28.411482217395942,28.491558444822328,28.143265902300573,28.34772202973695,28.40087791743983,28.480837463921624,0.8128208100795746,0.8190449512004853,0.813304967880249,0.8187964862585068,val
2026-03-10 14:56:39,s1_fp32,76,0.0009975565917255016,0.024605700578540564,psnr_sr_rgb_sh0,28.156217241664812,28.156217241664812,28.37850191612498,28.411482217395942,28.491558444822328,28.252738501074305,28.461831050686065,28.40087791743983,28.480837463921624,0.8146701610088348,0.8190449512004853,0.8151312655210495,0.8187964862585068,val
2026-03-10 14:57:37,s1_fp32,77,0.0009972609476841367,0.025758827030658724,psnr_sr_rgb_sh0,28.258701037477213,28.258701037477213,28.486461370118185,28.411482217395942,28.491558444822328,28.352910446997086,28.567637407025703,28.40087791743983,28.480837463921624,0.8166007834672928,0.8190449512004853,0.8170396101474762,0.8187964862585068,val
2026-03-10 14:58:32,s1_fp32,78,0.00099694847320726,0.024721861593425275,psnr_sr_rgb_sh0,28.35018855263745,28.35018855263745,28.58224710748077,28.411482217395942,28.491558444822328,28.44169701032579,28.661065935884587,28.40087791743983,28.480837463921624,0.8181471371650696,0.8190449512004853,0.8185647881031036,0.8187964862585068,val
2026-03-10 14:59:29,s1_fp32,79,0.0009966191788709714,0.024502389989793302,psnr_sr_rgb_sh0,28.432529107583665,28.432529107583665,28.666786501869794,28.411482217395942,28.491558444822328,28.521319692892057,28.743189617644543,28.40087791743983,28.480837463921624,0.8198253041505814,0.8190449512004853,0.8202228337526322,0.8187964862585068,val
2026-03-10 15:00:17,s1_fp32,80,0.0009962730758206612,0.028586920537054538,psnr_sr_rgb_sh0,28.233411873678104,28.233411873678104,28.52477473291161,28.411482217395942,28.491558444822328,28.3273243809023,28.60538130891779,28.40087791743983,28.480837463921624,0.8126263451576233,0.8190449512004853,0.8130712801218033,0.8187964862585068,val
2026-03-10 15:01:03,s1_fp32,81,0.0009959101757706307,0.026287110857665538,psnr_sr_rgb_sh0,28.10519582551246,28.10519582551246,28.417970175399027,28.411482217395942,28.491558444822328,28.204274897062774,28.502228336835564,28.40087791743983,28.480837463921624,0.8091513532400131,0.8190449512004853,0.8096389508247376,0.8187964862585068,val
2026-03-10 15:01:50,s1_fp32,82,0.0009955304910036994,0.025492527559399604,psnr_sr_rgb_sh0,28.072079033360968,28.072079033360968,28.38901023911038,28.411482217395942,28.491558444822328,28.173907461421013,28.47517454706359,28.40087791743983,28.480837463921624,0.8082883363962173,0.8190449512004853,0.808795855641365,0.8187964862585068,val
2026-03-10 15:02:38,s1_fp32,83,0.0009951340343707852,0.025242142006754877,psnr_sr_rgb_sh0,28.088827886004342,28.088827886004342,28.407054582303928,28.411482217395942,28.491558444822328,28.192143399534558,28.49437181008727,28.40087791743983,28.480837463921624,0.8087425243854522,0.8190449512004853,0.8092572104930877,0.8187964862585068,val
2026-03-10 15:03:25,s1_fp32,84,0.0009947208192904722,0.025982912518084048,psnr_sr_rgb_sh0,28.118985999572786,28.118985999572786,28.436428919316878,28.411482217395942,28.491558444822328,28.22179056098109,28.523013502740213,28.40087791743983,28.480837463921624,0.8095473998785019,0.8190449512004853,0.8100582855939865,0.8187964862585068,val
2026-03-10 15:04:19,s1_fp32,85,0.0009942908597485559,0.025916059501469135,psnr_sr_rgb_sh0,28.159743792325056,28.159743792325056,28.47661426980702,28.411482217395942,28.491558444822328,28.26123077517652,28.56193171198095,28.40087791743983,28.480837463921624,0.8106193751096725,0.8190449512004853,0.8111208009719849,0.8187964862585068,val
2026-03-10 15:05:17,s1_fp32,86,0.0009938441702975688,0.024388716295361518,psnr_sr_rgb_sh0,28.204376004724068,28.204376004724068,28.519845609281127,28.411482217395942,28.491558444822328,28.303983132231863,28.60338478077714,28.40087791743983,28.480837463921624,0.8117215853929519,0.8190449512004853,0.8122099065780639,0.8187964862585068,val
2026-03-10 15:06:02,s1_fp32,87,0.0009933807660562897,0.02491622492671013,psnr_sr_rgb_sh0,28.25473397199455,28.25473397199455,28.570326865313824,28.411482217395942,28.491558444822328,28.352043951974675,28.6519076083523,28.40087791743983,28.480837463921624,0.8130144602060319,0.8190449512004853,0.8134873670339584,0.8187964862585068,val
2026-03-10 15:06:48,s1_fp32,88,0.0009929006627092298,0.025010932963341476,psnr_sr_rgb_sh0,28.30209860848061,28.30209860848061,28.6157632908694,28.411482217395942,28.491558444822328,28.396874655759234,28.695143621012946,28.40087791743983,28.480837463921624,0.8142612683773041,0.8190449512004853,0.8147176319360733,0.8187964862585068,val
2026-03-10 15:07:32,s1_fp32,89,0.000992403876506104,0.024804775528609754,psnr_sr_rgb_sh0,28.352897680080993,28.352897680080993,28.66602040077847,28.411482217395942,28.491558444822328,28.445093791396516,28.74333042232575,28.40087791743983,28.480837463921624,0.8156207436323166,0.8190449512004853,0.8160598534345627,0.8187964862585068,val
2026-03-10 15:08:17,s1_fp32,90,0.0009918904242612794,0.024209737069904803,psnr_sr_rgb_sh0,28.403259278939572,28.403259278939572,28.71497150108366,28.411482217395942,28.491558444822328,28.492836018174117,28.790261942469463,28.40087791743983,28.480837463921624,0.816958349943161,0.8190449512004853,0.8173804605007171,0.8187964862585068,val
2026-03-10 15:09:01,s1_fp32,91,0.0009913603233532068,0.023411298282444478,psnr_sr_rgb_sh0,28.45672213115742,28.45672213115742,28.767465254082673,28.411482217395942,28.491558444822328,28.543513848551857,28.8406239444015,28.40087791743983,28.480837463921624,0.818357327580452,0.8190449512004853,0.8187614434957504,0.8187964862585068,val
2026-03-10 15:09:45,s1_fp32,92,0.000990813591723832,0.02451630175113678,psnr_sr_rgb_sh0,28.509790946922966,28.509790946922966,28.819988529927567,28.411482217395942,28.491558444822328,28.59387882336331,28.89119241921502,28.40087791743983,28.480837463921624,0.8196787667274475,0.8190449512004853,0.8200655180215836,0.8187964862585068,val
2026-03-10 15:10:30,s1_fp32,93,0.0009902502478779896,0.02476690325886011,psnr_sr_rgb_sh0,28.558537008082453,28.558537008082453,28.86665611446285,28.411482217395942,28.491558444822328,28.63981248251322,28.935739644547127,28.40087791743983,28.480837463921624,0.8209607774019241,0.8190449512004853,0.8213307487964631,0.8187964862585068,val
2026-03-10 15:11:14,s1_fp32,94,0.000989670310882776,0.02481193484738469,psnr_sr_rgb_sh0,28.60960405144392,28.60960405144392,28.91835626300415,28.411482217395942,28.491558444822328,28.688393816997696,28.985716776014876,28.40087791743983,28.480837463921624,0.8221964585781097,0.8190449512004853,0.8225511807203293,0.8187964862585068,val
2026-03-10 15:11:58,s1_fp32,95,0.0009890738003669028,0.024024651143699883,psnr_sr_rgb_sh0,28.65970151080923,28.65970151080923,28.969380272847634,28.411482217395942,28.491558444822328,28.735935622589118,29.03503743286543,28.40087791743983,28.480837463921624,0.8233908754587174,0.8190449512004853,0.8237307715415955,0.8187964862585068,val
2026-03-10 15:12:43,s1_fp32,96,0.0009884607365200355,0.023632210046052933,psnr_sr_rgb_sh0,28.70903807465546,28.70903807465546,29.017200166946733,28.411482217395942,28.491558444822328,28.782753098858585,29.080954908770373,28.40087791743983,28.480837463921624,0.824640901684761,0.8190449512004853,0.8249658131599427,0.8187964862585068,val
2026-03-10 15:13:27,s1_fp32,97,0.0009878311400921072,0.024123121071606874,psnr_sr_rgb_sh0,28.758432742416012,28.758432742416012,29.06760209914094,28.411482217395942,28.491558444822328,28.829679206333395,29.12967373327127,28.40087791743983,28.480837463921624,0.8257806634902954,0.8190449512004853,0.8260914123058319,0.8187964862585068,val
2026-03-10 15:14:11,s1_fp32,98,0.0009871850323926177,0.02397867780178785,psnr_sr_rgb_sh0,28.803018283682665,28.803018283682665,29.109537866720903,28.411482217395942,28.491558444822328,28.871810979637818,29.169568051793807,28.40087791743983,28.480837463921624,0.8269025951623916,0.8190449512004853,0.8271985137462616,0.8187964862585068,val
2026-03-10 15:14:56,s1_fp32,99,0.0009865224352899118,0.023771094866096975,psnr_sr_rgb_sh0,28.84976693944326,28.84976693944326,29.15685574072711,28.411482217395942,28.491558444822328,28.916049219035663,29.215006032157213,28.40087791743983,28.480837463921624,0.8279626643657685,0.8190449512004853,0.828244514465332,0.8187964862585068,val
2026-03-10 15:15:40,s1_fp32,100,0.0009858433712104401,0.02468575567007065,psnr_sr_rgb_sh0,28.895392236098004,28.895392236098004,29.201562177546915,28.411482217395942,28.491558444822328,28.95945776963976,29.258036814875773,28.40087791743983,28.480837463921624,0.8291282969713211,0.8190449512004853,0.8293975991010666,0.8187964862585068,val
2026-03-10 15:16:23,s1_fp32,101,0.0009851478631379982,0.024515602700412274,psnr_sr_rgb_sh0,28.935024979244513,28.935024979244513,29.23878860526697,28.411482217395942,28.491558444822328,28.996961086684575,29.293504086902548,28.40087791743983,28.480837463921624,0.8301502424478531,0.8190449512004853,0.8304074686765671,0.8187964862585068,val
2026-03-10 15:17:08,s1_fp32,102,0.0009844359346129503,0.02384894385933876,psnr_sr_rgb_sh0,28.9744318370106,28.9744318370106,29.275449073318267,28.411482217395942,28.491558444822328,29.034324242189165,29.32851921818934,28.40087791743983,28.480837463921624,0.8310673308372497,0.8190449512004853,0.8313131755590439,0.8187964862585068,val
2026-03-10 15:17:52,s1_fp32,103,0.000983707609731432,0.02516198091208935,psnr_sr_rgb_sh0,29.011647771396756,29.011647771396756,29.308787140269345,28.411482217395942,28.491558444822328,29.06963488384663,29.360192481665013,28.40087791743983,28.480837463921624,0.8320399683713913,0.8190449512004853,0.8322744989395141,0.8187964862585068,val
2026-03-10 15:18:36,s1_fp32,104,0.0009829629131445341,0.024780095331370832,psnr_sr_rgb_sh0,29.048608377411952,29.048608377411952,29.342453864371695,28.411482217395942,28.491558444822328,29.104910101167388,29.39238455906587,28.40087791743983,28.480837463921624,0.8329287248849869,0.8190449512004853,0.8331533670425415,0.8187964862585068,val
2026-03-10 15:19:21,s1_fp32,105,0.0009822018700574695,0.024111721199005842,psnr_sr_rgb_sh0,29.082383709255932,29.082383709255932,29.372788853697674,28.411482217395942,28.491558444822328,29.13693662284296,29.421156841167964,28.40087791743983,28.480837463921624,0.8337934994697571,0.8190449512004853,0.8340076863765716,0.8187964862585068,val
2026-03-10 15:20:05,s1_fp32,106,0.0009814245062287187,0.023801671881228684,psnr_sr_rgb_sh0,29.11657622546608,29.11657622546608,29.404113501971775,28.411482217395942,28.491558444822328,29.16941138611845,29.450980988260852,28.40087791743983,28.480837463921624,0.8346681761741638,0.8190449512004853,0.8348728650808335,0.8187964862585068,val
2026-03-10 15:20:49,s1_fp32,107,0.0009806308479691594,0.024712718017399313,psnr_sr_rgb_sh0,29.14424476603467,29.14424476603467,29.42564353790567,28.411482217395942,28.491558444822328,29.195526260330066,29.47088651904328,28.40087791743983,28.480837463921624,0.8354302370548248,0.8190449512004853,0.8356252831220626,0.8187964862585068,val
2026-03-10 15:21:33,s1_fp32,108,0.0009798209221411748,0.024169311560690403,psnr_sr_rgb_sh0,29.171133184910236,29.171133184910236,29.446844995536757,28.411482217395942,28.491558444822328,29.220798480491602,29.490423134624375,28.40087791743983,28.480837463921624,0.8361992144584656,0.8190449512004853,0.83638498544693,0.8187964862585068,val
2026-03-10 15:22:19,s1_fp32,109,0.0009789947561577445,0.02398659061640501,psnr_sr_rgb_sh0,29.201861947192175,29.201861947192175,29.47499754852453,28.411482217395942,28.491558444822328,29.249845071573528,29.51707119055919,28.40087791743983,28.480837463921624,0.8369178855419159,0.8190449512004853,0.8370947569608689,0.8187964862585068,val
2026-03-10 15:23:03,s1_fp32,110,0.0009781523779815178,0.02498793812468648,psnr_sr_rgb_sh0,29.227328756955714,29.227328756955714,29.496125651567148,28.411482217395942,28.491558444822328,29.274277063343398,29.537300647213556,28.40087791743983,28.480837463921624,0.8376120430231094,0.8190449512004853,0.8377826184034347,0.8187964862585068,val
2026-03-10 15:23:47,s1_fp32,111,0.000977293816123866,0.024432789981365204,psnr_sr_rgb_sh0,29.249064731287426,29.249064731287426,29.511166876555418,28.411482217395942,28.491558444822328,29.294653192204763,29.550895467901977,28.40087791743983,28.480837463921624,0.8382956826686859,0.8190449512004853,0.8384583550691604,0.8187964862585068,val
2026-03-10 15:24:31,s1_fp32,112,0.0009764190996439181,0.0244956561177969,psnr_sr_rgb_sh0,29.268220512973286,29.268220512973286,29.52498534539723,28.411482217395942,28.491558444822328,29.312407491016142,29.563283715993077,28.40087791743983,28.480837463921624,0.8388112384080887,0.8190449512004853,0.8389662754535675,0.8187964862585068,val
2026-03-10 15:25:15,s1_fp32,113,0.0009755282581475768,0.02359509462490678,psnr_sr_rgb_sh0,29.291516446575326,29.291516446575326,29.543679240550446,28.411482217395942,28.491558444822328,29.334335389186787,29.580713409380724,28.40087791743983,28.480837463921624,0.8394402951002121,0.8190449512004853,0.839588058590889,0.8187964862585068,val
2026-03-10 15:26:00,s1_fp32,114,0.000974621321786517,0.02340950343757868,psnr_sr_rgb_sh0,29.310155255267127,29.310155255267127,29.556337137075204,28.411482217395942,28.491558444822328,29.35167990383567,29.592027003319473,28.40087791743983,28.480837463921624,0.8400697785615922,0.8190449512004853,0.8402103704214096,0.8187964862585068,val
2026-03-10 15:26:44,s1_fp32,115,0.0009736983212571646,0.023041967954486608,psnr_sr_rgb_sh0,29.331283513626605,29.331283513626605,29.57351296646596,28.411482217395942,28.491558444822328,29.37150642294034,29.607963989325732,28.40087791743983,28.480837463921624,0.8406664538383484,0.8190449512004853,0.840800022482872,0.8187964862585068,val
2026-03-10 15:27:31,s1_fp32,116,0.0009727592877996585,0.02340850157663226,psnr_sr_rgb_sh0,29.354934340044295,29.354934340044295,29.594169237088632,28.411482217395942,28.491558444822328,29.39402106898881,29.627659666610867,28.40087791743983,28.480837463921624,0.8412797421216964,0.8190449512004853,0.841407225728035,0.8187964862585068,val
2026-03-10 15:28:18,s1_fp32,117,0.0009718042531967918,0.024035164937376976,psnr_sr_rgb_sh0,29.371784879673918,29.371784879673918,29.60801649745558,28.411482217395942,28.491558444822328,29.409700538388776,29.640382364790984,28.40087791743983,28.480837463921624,0.8417300391197204,0.8190449512004853,0.841851572394371,0.8187964862585068,val
2026-03-10 15:29:03,s1_fp32,118,0.0009708332497729377,0.02390871362760663,psnr_sr_rgb_sh0,29.393977680389312,29.393977680389312,29.62761753516642,28.411482217395942,28.491558444822328,29.43073439002816,29.658968195005546,28.40087791743983,28.480837463921624,0.842246150970459,0.8190449512004853,0.8423618215322495,0.8187964862585068,val
2026-03-10 15:29:50,s1_fp32,119,0.0009698463103929542,0.024737302213907242,psnr_sr_rgb_sh0,29.410727362301763,29.410727362301763,29.641332049706772,28.411482217395942,28.491558444822328,29.446372538016313,29.67164261641272,28.40087791743983,28.480837463921624,0.8427085667848587,0.8190449512004853,0.8428186309337616,0.8187964862585068,val
2026-03-10 15:30:35,s1_fp32,120,0.0009688434684610725,0.023645634166896343,psnr_sr_rgb_sh0,29.429784913617567,29.429784913617567,29.65849924020715,28.411482217395942,28.491558444822328,29.464352479679924,29.68785495096229,28.40087791743983,28.480837463921624,0.8431772726774216,0.8190449512004853,0.8432819044589996,0.8187964862585068,val
2026-03-10 15:31:21,s1_fp32,121,0.0009678247579197657,0.02325164504349232,psnr_sr_rgb_sh0,29.450650404732443,29.450650404732443,29.677850557050288,28.411482217395942,28.491558444822328,29.484252861689967,29.706379835224347,28.40087791743983,28.480837463921624,0.8436533921957016,0.8190449512004853,0.8437530702352524,0.8187964862585068,val
2026-03-10 15:32:06,s1_fp32,122,0.0009667902132486009,0.023457849211990834,psnr_sr_rgb_sh0,29.468904519736544,29.468904519736544,29.693972274050083,28.411482217395942,28.491558444822328,29.50164478732168,29.721757453977908,28.40087791743983,28.480837463921624,0.8440579891204834,0.8190449512004853,0.8441534626483918,0.8187964862585068,val
2026-03-10 15:32:51,s1_fp32,123,0.0009657398694630713,0.024351581018418073,psnr_sr_rgb_sh0,29.48551631553879,29.48551631553879,29.710116147614244,28.411482217395942,28.491558444822328,29.51753076369362,29.73728598827439,28.40087791743983,28.480837463921624,0.8444424676895141,0.8190449512004853,0.8445345616340637,0.8187964862585068,val
2026-03-10 15:33:38,s1_fp32,124,0.0009646737621134112,0.024569630920886994,psnr_sr_rgb_sh0,29.50252774407058,29.50252774407058,29.726662661256242,28.411482217395942,28.491558444822328,29.53384047555577,29.753289212129925,28.40087791743983,28.480837463921624,0.8447844630479813,0.8190449512004853,0.8448727798461914,0.8187964862585068,val
2026-03-10 15:34:23,s1_fp32,125,0.0009635919272833937,0.02431923257187009,psnr_sr_rgb_sh0,29.515508565453423,29.515508565453423,29.73750300547171,28.411482217395942,28.491558444822328,29.546083460484468,29.763468359099285,28.40087791743983,28.480837463921624,0.8451213282346726,0.8190449512004853,0.8452057284116745,0.8187964862585068,val
2026-03-10 15:35:09,s1_fp32,126,0.000962494401589108,0.023188202697783707,psnr_sr_rgb_sh0,29.533319227719712,29.533319227719712,29.754925204403,28.411482217395942,28.491558444822328,29.563138286979914,29.780264047670293,28.40087791743983,28.480837463921624,0.8454981142282486,0.8190449512004853,0.8455784606933594,0.8187964862585068,val
2026-03-10 15:35:55,s1_fp32,127,0.0009613812221777212,0.024507927112281322,psnr_sr_rgb_sh0,29.544537484387902,29.544537484387902,29.76439063198459,28.411482217395942,28.491558444822328,29.573672177607136,29.789105467008568,28.40087791743983,28.480837463921624,0.8458413326740265,0.8190449512004853,0.8459183353185654,0.8187964862585068,val
2026-03-10 15:36:40,s1_fp32,128,0.0009602524267262203,0.023130236268043516,psnr_sr_rgb_sh0,29.557963227503613,29.557963227503613,29.77625914019879,28.411482217395942,28.491558444822328,29.586391373677497,29.800367247560466,28.40087791743983,28.480837463921624,0.8461726206541061,0.8190449512004853,0.8462459421157837,0.8187964862585068,val
2026-03-10 15:37:26,s1_fp32,129,0.000959108053440137,0.023422605954110623,psnr_sr_rgb_sh0,29.57141579703981,29.57141579703981,29.78836907484122,28.411482217395942,28.491558444822328,29.599194964660118,29.81196581011121,28.40087791743983,28.480837463921624,0.8464799916744232,0.8190449512004853,0.8465500229597092,0.8187964862585068,val
2026-03-10 15:38:14,s1_fp32,130,0.0009579481410522556,0.02410589177161455,psnr_sr_rgb_sh0,29.585173230621635,29.585173230621635,29.80088509741487,28.411482217395942,28.491558444822328,29.6122861365012,29.823908550105383,28.40087791743983,28.480837463921624,0.8467774754762649,0.8190449512004853,0.8468438184261322,0.8187964862585068,val
2026-03-10 15:39:00,s1_fp32,131,0.0009567727288213005,0.023895739037543537,psnr_sr_rgb_sh0,29.597685226181557,29.597685226181557,29.81316495245169,28.411482217395942,28.491558444822328,29.624130920048447,29.835652783375952,28.40087791743983,28.480837463921624,0.847067512869835,0.8190449512004853,0.847130656838417,0.8187964862585068,val
2026-03-10 15:39:46,s1_fp32,132,0.0009555818565306084,0.023858282417058944,psnr_sr_rgb_sh0,29.61579620998769,29.61579620998769,29.82987471236796,28.411482217395942,28.491558444822328,29.64164073777072,29.851870413045116,28.40087791743983,28.480837463921624,0.8474521613121033,0.8190449512004853,0.8475121074914932,0.8187964862585068,val
2026-03-10 15:40:32,s1_fp32,133,0.0009543755644867822,0.022671928498893976,psnr_sr_rgb_sh0,29.624782000117424,29.624782000117424,29.838782618954777,28.411482217395942,28.491558444822328,29.650027974747577,29.86025739114676,28.40087791743983,28.480837463921624,0.8477187287807465,0.8190449512004853,0.847775604724884,0.8187964862585068,val
2026-03-10 15:41:19,s1_fp32,134,0.0009531538935183251,0.02423571703955531,psnr_sr_rgb_sh0,29.639768815116255,29.639768815116255,29.85287733233587,28.411482217395942,28.491558444822328,29.664629628094804,29.87407916873202,28.40087791743983,28.480837463921624,0.8480206972360611,0.8190449512004853,0.8480753839015961,0.8187964862585068,val
2026-03-10 15:42:05,s1_fp32,135,0.0009519168849742603,0.02397589486092329,psnr_sr_rgb_sh0,29.649154840114264,29.649154840114264,29.861278653981373,28.411482217395942,28.491558444822328,29.67350204359173,29.882039840800708,28.40087791743983,28.480837463921624,0.8482167363166809,0.8190449512004853,0.8482687401771546,0.8187964862585068,val
2026-03-10 15:42:50,s1_fp32,136,0.0009506645807227311,0.025984271839261056,psnr_sr_rgb_sh0,29.657881107995216,29.657881107995216,29.86918197167204,28.411482217395942,28.491558444822328,29.682003755782013,29.88979599565997,28.40087791743983,28.480837463921624,0.8484535843133927,0.8190449512004853,0.848503846526146,0.8187964862585068,val
2026-03-10 15:43:44,s1_fp32,137,0.0009493970231495835,0.023920409977436066,psnr_sr_rgb_sh0,29.663602523303503,29.663602523303503,29.873194888614158,28.411482217395942,28.491558444822328,29.68721562026375,29.89341024876814,28.40087791743983,28.480837463921624,0.8486882942914963,0.8190449512004853,0.8487356770038604,0.8187964862585068,val
2026-03-10 15:44:41,s1_fp32,138,0.0009481142551569317,0.023741366267204286,psnr_sr_rgb_sh0,29.66896175457396,29.66896175457396,29.876227001088907,28.411482217395942,28.491558444822328,29.69207775386602,29.895995661247255,28.40087791743983,28.480837463921624,0.8488903385400772,0.8190449512004853,0.8489347106218338,0.8187964862585068,val
2026-03-10 15:45:26,s1_fp32,139,0.0009468163201617061,0.023531600832939148,psnr_sr_rgb_sh0,29.680479112431666,29.680479112431666,29.88723205408651,28.411482217395942,28.491558444822328,29.70319981873738,29.906736981195113,28.40087791743983,28.480837463921624,0.8491696119308472,0.8190449512004853,0.8492114132642746,0.8187964862585068,val
2026-03-10 15:46:13,s1_fp32,140,0.0009455032620941839,0.023666467033326626,psnr_sr_rgb_sh0,29.685894630134403,29.685894630134403,29.890694177192557,28.411482217395942,28.491558444822328,29.708069192605475,29.909697481007107,28.40087791743983,28.480837463921624,0.849403305053711,0.8190449512004853,0.8494420915842056,0.8187964862585068,val
2026-03-10 15:47:06,s1_fp32,141,0.0009441751253965021,0.024146457314491273,psnr_sr_rgb_sh0,29.69560899678654,29.69560899678654,29.899067488314305,28.411482217395942,28.491558444822328,29.71738144983122,29.917721210178147,28.40087791743983,28.480837463921624,0.8496354126930237,0.8190449512004853,0.8496717756986618,0.8187964862585068,val
2026-03-10 15:47:54,s1_fp32,142,0.0009428319550211531,0.024060772377997638,psnr_sr_rgb_sh0,29.70399651317409,29.70399651317409,29.906843135674503,28.411482217395942,28.491558444822328,29.725415270426723,29.9251942986172,28.40087791743983,28.480837463921624,0.8498563706874848,0.8190449512004853,0.8498906844854355,0.8187964862585068,val
2026-03-10 15:48:44,s1_fp32,143,0.0009414737964294635,0.0230178183875978,psnr_sr_rgb_sh0,29.714876184844467,29.714876184844467,29.917920048446113,28.411482217395942,28.491558444822328,29.73595378869939,29.93604170426951,28.40087791743983,28.480837463921624,0.850058199763298,0.8190449512004853,0.8500906199216842,0.8187964862585068,val
2026-03-10 15:49:30,s1_fp32,144,0.0009401006955900555,0.02408096570521593,psnr_sr_rgb_sh0,29.720298280115728,29.720298280115728,29.921417029325095,28.411482217395942,28.491558444822328,29.741081758373742,29.93923035745778,28.40087791743983,28.480837463921624,0.8502647560834885,0.8190449512004853,0.8502956473827362,0.8187964862585068,val
2026-03-10 15:50:16,s1_fp32,145,0.0009387126989772909,0.023117891512811184,psnr_sr_rgb_sh0,29.73207011396222,29.73207011396222,29.93242497941906,28.411482217395942,28.491558444822328,29.752578842234097,29.950073564019508,28.40087791743983,28.480837463921624,0.8504587364196777,0.8190449512004853,0.8504879415035248,0.8187964862585068,val
2026-03-10 15:51:00,s1_fp32,146,0.0009373098535696979,0.02390601245686412,psnr_sr_rgb_sh0,29.73765881479536,29.73765881479536,29.93686970831962,28.411482217395942,28.491558444822328,29.757810522455024,29.954237969698497,28.40087791743983,28.480837463921624,0.8506716948747635,0.8190449512004853,0.8506988817453385,0.8187964862585068,val
2026-03-10 15:51:43,s1_fp32,147,0.0009358922068483812,0.024186282716691494,psnr_sr_rgb_sh0,29.74809512066598,29.74809512066598,29.946521802663554,28.411482217395942,28.491558444822328,29.768007127631275,29.963696944414448,28.40087791743983,28.480837463921624,0.8508184641599655,0.8190449512004853,0.8508441120386123,0.8187964862585068,val
2026-03-10 15:52:29,s1_fp32,148,0.0009344598067954151,0.023431958220899104,psnr_sr_rgb_sh0,29.75381355338748,29.75381355338748,29.95010240770362,28.411482217395942,28.491558444822328,29.773478304405327,29.967063796283956,28.40087791743983,28.480837463921624,0.8509974098205566,0.8190449512004853,0.851021358370781,0.8187964862585068,val
2026-03-10 15:53:14,s1_fp32,149,0.0009330127018922195,0.02349154692143202,psnr_sr_rgb_sh0,29.759917109151303,29.759917109151303,29.95614028066477,28.411482217395942,28.491558444822328,29.779338439790017,29.972933080298688,28.40087791743983,28.480837463921624,0.8511974811553955,0.8190449512004853,0.8512200993299485,0.8187964862585068,val
2026-03-10 15:54:00,s1_fp32,150,0.0009315509411179181,0.022905785795301198,psnr_sr_rgb_sh0,29.765094251093473,29.765094251093473,29.960270602800424,28.411482217395942,28.491558444822328,29.784155817637853,29.9767401005024,28.40087791743983,28.480837463921624,0.8513614755868911,0.8190449512004853,0.8513824898004532,0.8187964862585068,val
2026-03-10 15:54:46,s1_fp32,151,0.0009300745739476828,0.022868414223194123,psnr_sr_rgb_sh0,29.7763505959338,29.7763505959338,29.970991405409176,28.411482217395942,28.491558444822328,29.795237931941543,29.98736151411473,28.40087791743983,28.480837463921624,0.8515285778045655,0.8190449512004853,0.8515484410524369,0.8187964862585068,val
2026-03-10 15:55:37,s1_fp32,152,0.0009285836503510562,0.0228901850245893,psnr_sr_rgb_sh0,29.786935161672574,29.786935161672574,29.98086999172347,28.411482217395942,28.491558444822328,29.80559153414189,29.997047288173793,28.40087791743983,28.480837463921624,0.8517102921009063,0.8190449512004853,0.8517288208007813,0.8187964862585068,val
2026-03-10 15:56:24,s1_fp32,153,0.0009270782207902628,0.022969718761742114,psnr_sr_rgb_sh0,29.79329772842293,29.79329772842293,29.985922513933325,28.411482217395942,28.491558444822328,29.81169269397611,30.001882381551642,28.40087791743983,28.480837463921624,0.8518834066390991,0.8190449512004853,0.851900407075882,0.8187964862585068,val
2026-03-10 15:57:12,s1_fp32,154,0.0009255583362184998,0.02347735669463873,psnr_sr_rgb_sh0,29.802857431530345,29.802857431530345,29.994865899599535,28.411482217395942,28.491558444822328,29.821007990104693,30.010629666742194,28.40087791743983,28.480837463921624,0.8520975106954575,0.8190449512004853,0.8521132880449295,0.8187964862585068,val
2026-03-10 15:58:01,s1_fp32,155,0.0009240240480782129,0.024531305562704803,psnr_sr_rgb_sh0,29.807537631803612,29.807537631803612,29.998092142996164,28.411482217395942,28.491558444822328,29.825489232839917,30.013688402244355,28.40087791743983,28.480837463921624,0.852211982011795,0.8190449512004853,0.8522267514467239,0.8187964862585068,val
2026-03-10 15:58:48,s1_fp32,156,0.0009224754082993551,0.023724157921969892,psnr_sr_rgb_sh0,29.814760020356697,29.814760020356697,30.006083213844523,28.411482217395942,28.491558444822328,29.8325513967128,30.021603125936895,28.40087791743983,28.480837463921624,0.852340635061264,0.8190449512004853,0.8523544788360595,0.8187964862585068,val
2026-03-10 15:59:37,s1_fp32,157,0.0009209124692976287,0.024134792760014533,psnr_sr_rgb_sh0,29.819996195921004,29.819996195921004,30.009900369325297,28.411482217395942,28.491558444822328,29.837573163790147,30.025208182466386,28.40087791743983,28.480837463921624,0.8524749195575714,0.8190449512004853,0.8524875104427337,0.8187964862585068,val
2026-03-10 16:00:24,s1_fp32,158,0.0009193352839727121,0.023763773739337923,psnr_sr_rgb_sh0,29.82920138010695,29.82920138010695,30.01826414936967,28.411482217395942,28.491558444822328,29.846652729299116,30.033510821776368,28.40087791743983,28.480837463921624,0.8526093608140946,0.8190449512004853,0.8526209008693695,0.8187964862585068,val
2026-03-10 16:01:13,s1_fp32,159,0.0009177439057064682,0.023405045010149478,psnr_sr_rgb_sh0,29.830935656129917,29.830935656129917,30.01895132776078,28.411482217395942,28.491558444822328,29.848225554713196,30.03400557720174,28.40087791743983,28.480837463921624,0.8527433270215988,0.8190449512004853,0.8527541708946228,0.8187964862585068,val
2026-03-10 16:02:01,s1_fp32,160,0.000916138388361139,0.02309614960104227,psnr_sr_rgb_sh0,29.838456132688304,29.838456132688304,30.02656607148645,28.411482217395942,28.491558444822328,29.85563125162198,30.041593785605347,28.40087791743983,28.480837463921624,0.8528724175691604,0.8190449512004853,0.8528824216127395,0.8187964862585068,val
2026-03-10 16:02:47,s1_fp32,161,0.0009145187862775209,0.023516814075410366,psnr_sr_rgb_sh0,29.84664648588327,29.84664648588327,30.033447167067823,28.411482217395942,28.491558444822328,29.863692193738647,30.048399030840915,28.40087791743983,28.480837463921624,0.8530270791053772,0.8190449512004853,0.853036150932312,0.8187964862585068,val
2026-03-10 16:03:32,s1_fp32,162,0.0009128851542731271,0.023319899775087832,psnr_sr_rgb_sh0,29.851255703873495,29.851255703873495,30.036174125589994,28.411482217395942,28.491558444822328,29.86817691272608,30.051009684805464,28.40087791743983,28.480837463921624,0.8531101340055466,0.8190449512004853,0.8531185364723206,0.8187964862585068,val
2026-03-10 16:04:18,s1_fp32,163,0.0009112375476403312,0.02409531584009528,psnr_sr_rgb_sh0,29.855784880098152,29.855784880098152,30.039981463224603,28.411482217395942,28.491558444822328,29.872549810177834,30.054671825999456,28.40087791743983,28.480837463921624,0.853221321105957,0.8190449512004853,0.8532290667295456,0.8187964862585068,val
2026-03-10 16:05:07,s1_fp32,164,0.0009095760221444959,0.023399845622479917,psnr_sr_rgb_sh0,29.86135868590299,29.86135868590299,30.045130217348905,28.411482217395942,28.491558444822328,29.87803677406802,30.059745528185367,28.40087791743983,28.480837463921624,0.8532784539461136,0.8190449512004853,0.8532859236001968,0.8187964862585068,val
2026-03-10 16:05:54,s1_fp32,165,0.0009079006340220861,0.02350667342543602,psnr_sr_rgb_sh0,29.86473509655178,29.86473509655178,30.047238569016,28.411482217395942,28.491558444822328,29.881256200869107,30.061694046488,28.40087791743983,28.480837463921624,0.8534168845415115,0.8190449512004853,0.8534235537052155,0.8187964862585068,val
2026-03-10 16:06:42,s1_fp32,166,0.0009062114399787647,0.02308139134198427,psnr_sr_rgb_sh0,29.86692418082487,29.86692418082487,30.04970970516921,28.411482217395942,28.491558444822328,29.883325879265705,30.064077643620863,28.40087791743983,28.480837463921624,0.8534692794084549,0.8190449512004853,0.8534753280878067,0.8187964862585068,val
2026-03-10 16:07:31,s1_fp32,167,0.0009045084971874737,0.02245259305462241,psnr_sr_rgb_sh0,29.876373740016323,29.876373740016323,30.057488067318083,28.411482217395942,28.491558444822328,29.8927078775903,30.071807988345736,28.40087791743983,28.480837463921624,0.8536088544130326,0.8190449512004853,0.8536141967773437,0.8187964862585068,val
2026-03-10 16:08:20,s1_fp32,168,0.0009027918632864998,0.02315302234143019,psnr_sr_rgb_sh0,29.879937557272914,29.879937557272914,30.061851796050096,28.411482217395942,28.491558444822328,29.896093628174732,30.076087522394022,28.40087791743983,28.480837463921624,0.8537145578861236,0.8190449512004853,0.8537191373109817,0.8187964862585068,val
2026-03-10 16:09:07,s1_fp32,169,0.0009010615963775219,0.023527745492756366,psnr_sr_rgb_sh0,29.882942718847392,29.882942718847392,30.063250195685878,28.411482217395942,28.491558444822328,29.898997385989396,30.07739455632726,28.40087791743983,28.480837463921624,0.8537671452760697,0.8190449512004853,0.8537710011005402,0.8187964862585068,val
2026-03-10 16:09:55,s1_fp32,170,0.0008993177550236464,0.02329218413680792,psnr_sr_rgb_sh0,29.884813802872873,29.884813802872873,30.063568631078116,28.411482217395942,28.491558444822328,29.90063789196061,30.077472619753618,28.40087791743983,28.480837463921624,0.8538694661855698,0.8190449512004853,0.8538720667362213,0.8187964862585068,val
2026-03-10 16:10:43,s1_fp32,171,0.0008975603982474239,0.022733856327831745,psnr_sr_rgb_sh0,29.894139989257848,29.894139989257848,30.07292244744862,28.411482217395942,28.491558444822328,29.909913372493477,30.086843534128892,28.40087791743983,28.480837463921624,0.8539799290895462,0.8190449512004853,0.8539818435907364,0.8187964862585068,val
2026-03-10 16:11:31,s1_fp32,172,0.0008957895855288517,0.02306045077741146,psnr_sr_rgb_sh0,29.896498338755702,29.896498338755702,30.074650101906467,28.411482217395942,28.491558444822328,29.912128020231716,30.088468247744817,28.40087791743983,28.480837463921624,0.8540663492679595,0.8190449512004853,0.8540675050020218,0.8187964862585068,val
2026-03-10 16:12:19,s1_fp32,173,0.0008940053768033609,0.02348237091675401,psnr_sr_rgb_sh0,29.90112989854732,29.90112989854732,30.078388505188656,28.411482217395942,28.491558444822328,29.916615828275226,30.092089075950067,28.40087791743983,28.480837463921624,0.854159084558487,0.8190449512004853,0.8541592133045196,0.8187964862585068,val
2026-03-10 16:13:06,s1_fp32,174,0.0008922078324597878,0.022954683098942042,psnr_sr_rgb_sh0,29.903482906370495,29.903482906370495,30.079813073844505,28.411482217395942,28.491558444822328,29.918904253264664,30.093461430345982,28.40087791743983,28.480837463921624,0.8542334753274917,0.8190449512004853,0.8542331647872925,0.8187964862585068,val
2026-03-10 16:13:52,s1_fp32,175,0.0008903970133383297,0.02294765956699848,psnr_sr_rgb_sh0,29.913758186594702,29.913758186594702,30.090862263110015,28.411482217395942,28.491558444822328,29.929073153550334,30.104506747609534,28.40087791743983,28.480837463921624,0.8543492490053177,0.8190449512004853,0.8543483525514602,0.8187964862585068,val
2026-03-10 16:14:38,s1_fp32,176,0.0008885729807284854,0.024206420816481115,psnr_sr_rgb_sh0,29.917630459264142,29.917630459264142,30.09435453440527,28.411482217395942,28.491558444822328,29.932868367615953,30.107983466740674,28.40087791743983,28.480837463921624,0.8544003570079803,0.8190449512004853,0.8543989193439484,0.8187964862585068,val
2026-03-10 16:15:24,s1_fp32,177,0.000886735796366982,0.023186222426593305,psnr_sr_rgb_sh0,29.91721591006543,29.91721591006543,30.092880566335175,28.411482217395942,28.491558444822328,29.932338297609082,30.106400686367763,28.40087791743983,28.480837463921624,0.8544687330722809,0.8190449512004853,0.8544664466381073,0.8187964862585068,val
2026-03-10 16:16:12,s1_fp32,178,0.0008848855224356839,0.02281662793830037,psnr_sr_rgb_sh0,29.922236724063463,29.922236724063463,30.097571592876523,28.411482217395942,28.491558444822328,29.937258981082092,30.111014085113506,28.40087791743983,28.480837463921624,0.8545486170053482,0.8190449512004853,0.854545664191246,0.8187964862585068,val
2026-03-10 16:17:00,s1_fp32,179,0.000883022221559489,0.023190421126782892,psnr_sr_rgb_sh0,29.92498012879223,29.92498012879223,30.099440201377384,28.411482217395942,28.491558444822328,29.93989829024594,30.112814926277583,28.40087791743983,28.480837463921624,0.8546368628740311,0.8190449512004853,0.8546327483654023,0.8187964862585068,val
2026-03-10 16:17:48,s1_fp32,180,0.0008811459568042091,0.022854099255055188,psnr_sr_rgb_sh0,29.931486490337115,29.931486490337115,30.105031900681333,28.411482217395942,28.491558444822328,29.946366157856016,30.11843003589214,28.40087791743983,28.480837463921624,0.8547343236207962,0.8190449512004853,0.854729653596878,0.8187964862585068,val
2026-03-10 16:18:36,s1_fp32,181,0.0008792567916744345,0.02333180161193013,psnr_sr_rgb_sh0,29.932959611522865,29.932959611522865,30.106058129127984,28.411482217395942,28.491558444822328,29.94771675860142,30.11932521413038,28.40087791743983,28.480837463921624,0.8547966086864471,0.8190449512004853,0.8547912418842316,0.8187964862585068,val
2026-03-10 16:19:23,s1_fp32,182,0.000877354790111386,0.023619631081819536,psnr_sr_rgb_sh0,29.939074669763627,29.939074669763627,30.111654195116312,28.411482217395942,28.491558444822328,29.95369450094536,30.124851649418908,28.40087791743983,28.480837463921624,0.8548745399713517,0.8190449512004853,0.8548682940006256,0.8187964862585068,val
2026-03-10 16:20:09,s1_fp32,183,0.0008754400164907496,0.023263208642601965,psnr_sr_rgb_sh0,29.942772280199566,29.942772280199566,30.115327077758046,28.411482217395942,28.491558444822328,29.957336026031527,30.128513429108736,28.40087791743983,28.480837463921624,0.8549420243501663,0.8190449512004853,0.8549352955818176,0.8187964862585068,val
2026-03-10 16:20:57,s1_fp32,184,0.000873512535620498,0.02264478653669357,psnr_sr_rgb_sh0,29.94488223103754,29.94488223103754,30.11613534307587,28.411482217395942,28.491558444822328,29.959368471833123,30.12926767546571,28.40087791743983,28.480837463921624,0.8550151878595352,0.8190449512004853,0.8550078678131103,0.8187964862585068,val
2026-03-10 16:21:45,s1_fp32,185,0.0008715724127386971,0.023531836941838264,psnr_sr_rgb_sh0,29.949038211588146,29.949038211588146,30.11995798132771,28.411482217395942,28.491558444822328,29.96342211676664,30.1330295310024,28.40087791743983,28.480837463921624,0.855101751089096,0.8190449512004853,0.8550938355922699,0.8187964862585068,val
2026-03-10 16:22:33,s1_fp32,186,0.000869619713511298,0.023383123353123664,psnr_sr_rgb_sh0,29.95226377369715,29.95226377369715,30.124409890640067,28.411482217395942,28.491558444822328,29.966718735638796,30.137613308816597,28.40087791743983,28.480837463921624,0.8551443237066269,0.8190449512004853,0.8551362776756286,0.8187964862585068,val
2026-03-10 16:23:21,s1_fp32,187,0.0008676545040299144,0.023136204481124877,psnr_sr_rgb_sh0,29.951906723743964,29.951906723743964,30.122733957847633,28.411482217395942,28.491558444822328,29.966359705716577,30.135905123472718,28.40087791743983,28.480837463921624,0.8551936095952988,0.8190449512004853,0.855185062289238,0.8187964862585068,val
2026-03-10 16:24:09,s1_fp32,188,0.0008656768508095852,0.0230438894033432,psnr_sr_rgb_sh0,29.958336189800324,29.958336189800324,30.128443912420348,28.411482217395942,28.491558444822328,29.97272087321541,30.141608132566486,28.40087791743983,28.480837463921624,0.8552672529220581,0.8190449512004853,0.8552582722902298,0.8187964862585068,val
2026-03-10 16:24:57,s1_fp32,189,0.0008636868207865244,0.023697798810899257,psnr_sr_rgb_sh0,29.96249567776731,29.96249567776731,30.131895271998104,28.411482217395942,28.491558444822328,29.9768503931759,30.145066044952,28.40087791743983,28.480837463921624,0.8553190171718598,0.8190449512004853,0.8553098309040069,0.8187964862585068,val
2026-03-10 16:25:45,s1_fp32,190,0.000861684481315854,0.0231739916652441,psnr_sr_rgb_sh0,29.964285722721296,29.964285722721296,30.133926103972186,28.411482217395942,28.491558444822328,29.97856518314396,30.14704932173933,28.40087791743983,28.480837463921624,0.855384715795517,0.8190449512004853,0.8553749185800552,0.8187964862585068,val
2026-03-10 16:26:32,s1_fp32,191,0.0008596699001693256,0.02265309600159526,psnr_sr_rgb_sh0,29.966577776802524,29.966577776802524,30.13500294162062,28.411482217395942,28.491558444822328,29.980762187760064,30.148027556875345,28.40087791743983,28.480837463921624,0.8554725521802902,0.8190449512004853,0.8554619562625885,0.8187964862585068,val
2026-03-10 16:27:20,s1_fp32,192,0.0008576431455330258,0.023351816963404416,psnr_sr_rgb_sh0,29.969935339316294,29.969935339316294,30.138409176358085,28.411482217395942,28.491558444822328,29.98407796219168,30.15143631978301,28.40087791743983,28.480837463921624,0.8555317813158035,0.8190449512004853,0.8555207812786102,0.8187964862585068,val
2026-03-10 16:28:08,s1_fp32,193,0.0008556042860050685,0.02302602805197239,psnr_sr_rgb_sh0,29.97646941767131,29.97646941767131,30.144806169161825,28.411482217395942,28.491558444822328,29.990540125023703,30.157826765870983,28.40087791743983,28.480837463921624,0.8556062179803848,0.8190449512004853,0.8555947661399841,0.8187964862585068,val
2026-03-10 16:28:55,s1_fp32,194,0.0008535533905932737,0.02283264424651861,psnr_sr_rgb_sh0,29.981177769790396,29.981177769790396,30.14896960686929,28.411482217395942,28.491558444822328,29.995208779320727,30.1620003331657,28.40087791743983,28.480837463921624,0.8556728297472,0.8190449512004853,0.8556609481573105,0.8187964862585068,val
2026-03-10 16:29:41,s1_fp32,195,0.000851490528712831,0.023269487880170345,psnr_sr_rgb_sh0,29.98331478506007,29.98331478506007,30.15152703141124,28.411482217395942,28.491558444822328,29.997196287243927,30.164435305205355,28.40087791743983,28.480837463921624,0.8557144296169281,0.8190449512004853,0.8557020312547684,0.8187964862585068,val
2026-03-10 16:30:27,s1_fp32,196,0.00084941577018395,0.023139254711568354,psnr_sr_rgb_sh0,29.987864402681463,29.987864402681463,30.155687122652623,28.411482217395942,28.491558444822328,30.00169173712873,30.16861155527014,28.40087791743983,28.480837463921624,0.8557784080505371,0.8190449512004853,0.8557655388116836,0.8187964862585068,val
2026-03-10 16:31:16,s1_fp32,197,0.0008473291852294987,0.0241533431597054,psnr_sr_rgb_sh0,29.989303311578254,29.989303311578254,30.15752013210735,28.411482217395942,28.491558444822328,30.00328749222453,30.170627745504586,28.40087791743983,28.480837463921624,0.8557628917694092,0.8190449512004853,0.8557508677244187,0.8187964862585068,val
2026-03-10 16:32:08,s1_fp32,198,0.0008452308444726248,0.02417586585506797,psnr_sr_rgb_sh0,29.987030958105397,29.987030958105397,30.154295017765765,28.411482217395942,28.491558444822328,30.00099716496074,30.1673797984442,28.40087791743983,28.480837463921624,0.8557831209897995,0.8190449512004853,0.8557706969976425,0.8187964862585068,val
2026-03-10 16:33:00,s1_fp32,199,0.0008431208189343669,0.023383763898164035,psnr_sr_rgb_sh0,29.991788460353927,29.991788460353927,30.15823418596811,28.411482217395942,28.491558444822328,30.00569011141515,30.1712996042632,28.40087791743983,28.480837463921624,0.8558268165588379,0.8190449512004853,0.8558140373229981,0.8187964862585068,val
2026-03-10 16:33:52,s1_fp32,200,0.0008409991800312493,0.023656725026667116,psnr_sr_rgb_sh0,29.992978817593304,29.992978817593304,30.159256682522464,28.411482217395942,28.491558444822328,30.00682478658355,30.172299552903155,28.40087791743983,28.480837463921624,0.8558713525533677,0.8190449512004853,0.8558579826354981,0.8187964862585068,val
2026-03-10 16:34:39,s1_fp32,201,0.0008388659995728663,0.023189834859222172,psnr_sr_rgb_sh0,29.996048585639222,29.996048585639222,30.162371710778753,28.411482217395942,28.491558444822328,30.009881059182366,30.175471593234057,28.40087791743983,28.480837463921624,0.8559192651510239,0.8190449512004853,0.8559054899215698,0.8187964862585068,val
2026-03-10 16:35:25,s1_fp32,202,0.0008367213497594501,0.02275724658742547,psnr_sr_rgb_sh0,29.99758651270539,29.99758651270539,30.16286007621812,28.411482217395942,28.491558444822328,30.011253102233034,30.175784403182362,28.40087791743983,28.480837463921624,0.8559928202629089,0.8190449512004853,0.8559780901670456,0.8187964862585068,val
2026-03-10 16:36:15,s1_fp32,203,0.0008345653031794292,0.02232053231447935,psnr_sr_rgb_sh0,30.00025023952709,30.00025023952709,30.16472617018439,28.411482217395942,28.491558444822328,30.0138608416931,30.177642663608193,28.40087791743983,28.480837463921624,0.8560316300392151,0.8190449512004853,0.8560164648294449,0.8187964862585068,val
2026-03-10 16:37:07,s1_fp32,204,0.0008323979328069688,0.02335767550393939,psnr_sr_rgb_sh0,30.00281052880443,30.00281052880443,30.167620215647865,28.411482217395942,28.491558444822328,30.016417500690768,30.18059151699276,28.40087791743983,28.480837463921624,0.8560705190896988,0.8190449512004853,0.8560549730062484,0.8187964862585068,val
2026-03-10 16:37:58,s1_fp32,205,0.0008302193119995038,0.02389557855203748,psnr_sr_rgb_sh0,30.003032315516776,30.003032315516776,30.167510699607423,28.411482217395942,28.491558444822328,30.016527065804222,30.18032307058641,28.40087791743983,28.480837463921624,0.8561102432012558,0.8190449512004853,0.8560941523313522,0.8187964862585068,val
2026-03-10 16:38:48,s1_fp32,206,0.0008280295144952537,0.022995314225554467,psnr_sr_rgb_sh0,30.00712780756486,30.00712780756486,30.1712858917396,28.411482217395942,28.491558444822328,30.020636001311182,30.184176095674665,28.40087791743983,28.480837463921624,0.8561697506904602,0.8190449512004853,0.8561534184217453,0.8187964862585068,val
2026-03-10 16:39:38,s1_fp32,207,0.0008258286144107276,0.023017201591283083,psnr_sr_rgb_sh0,30.01024029998227,30.01024029998227,30.174161586922164,28.411482217395942,28.491558444822328,30.023670566529372,30.187013134739917,28.40087791743983,28.480837463921624,0.8562319827079773,0.8190449512004853,0.8562152242660522,0.8187964862585068,val
2026-03-10 16:40:27,s1_fp32,208,0.0008236166862382162,0.022722443919628858,psnr_sr_rgb_sh0,30.014837572401866,30.014837572401866,30.17823080066419,28.411482217395942,28.491558444822328,30.02817474252834,30.19102580996675,28.40087791743983,28.480837463921624,0.8562897515296936,0.8190449512004853,0.8562726092338562,0.8187964862585068,val
2026-03-10 16:41:15,s1_fp32,209,0.0008213938048432696,0.02317120188847184,psnr_sr_rgb_sh0,30.015555419310573,30.015555419310573,30.17946315903197,28.411482217395942,28.491558444822328,30.02882357977033,30.192175716554495,28.40087791743983,28.480837463921624,0.8563225388526916,0.8190449512004853,0.8563050436973572,0.8187964862585068,val
2026-03-10 16:42:01,s1_fp32,210,0.0008191600454621642,0.023407405875623226,psnr_sr_rgb_sh0,30.016184813680546,30.016184813680546,30.179082118623704,28.411482217395942,28.491558444822328,30.029425881360805,30.1917467064292,28.40087791743983,28.480837463921624,0.8563598132133484,0.8190449512004853,0.8563420683145523,0.8187964862585068,val
2026-03-10 16:42:47,s1_fp32,211,0.0008169154836993551,0.02229785908013582,psnr_sr_rgb_sh0,30.020417465807153,30.020417465807153,30.18349427749436,28.411482217395942,28.491558444822328,30.033566724907004,30.196103090451437,28.40087791743983,28.480837463921624,0.8564030951261521,0.8190449512004853,0.8563848650455474,0.8187964862585068,val
2026-03-10 16:43:38,s1_fp32,212,0.0008146601955249188,0.02288293231278658,psnr_sr_rgb_sh0,30.02320410268449,30.02320410268449,30.18641506902912,28.411482217395942,28.491558444822328,30.036350599675707,30.199071100074903,28.40087791743983,28.480837463921624,0.8564276272058486,0.8190449512004853,0.856409495472908,0.8187964862585068,val
2026-03-10 16:44:27,s1_fp32,213,0.00081239425727198,0.02361806320026517,psnr_sr_rgb_sh0,30.02326470061327,30.02326470061327,30.18610051549125,28.411482217395942,28.491558444822328,30.036347168461685,30.19870798955769,28.40087791743983,28.480837463921624,0.8564199733734131,0.8190449512004853,0.8564016914367676,0.8187964862585068,val
2026-03-10 16:45:14,s1_fp32,214,0.00081011774563413,0.023524778969585894,psnr_sr_rgb_sh0,30.022640325820348,30.022640325820348,30.184922341865704,28.411482217395942,28.491558444822328,30.03581176963556,30.197612907351267,28.40087791743983,28.480837463921624,0.8564387375116348,0.8190449512004853,0.856420516371727,0.8187964862585068,val
2026-03-10 16:46:03,s1_fp32,215,0.0008078307376628291,0.023172221407294274,psnr_sr_rgb_sh0,30.026234794867587,30.026234794867587,30.188071649024227,28.411482217395942,28.491558444822328,30.03942991331953,30.20083169396357,28.40087791743983,28.480837463921624,0.8564734953641892,0.8190449512004853,0.8564552807807922,0.8187964862585068,val
2026-03-10 16:46:52,s1_fp32,216,0.0008055333107648,0.02346426971256733,psnr_sr_rgb_sh0,30.02778305760644,30.02778305760644,30.1900992374607,28.411482217395942,28.491558444822328,30.04095513783692,30.2028692423041,28.40087791743983,28.480837463921624,0.8564918619394303,0.8190449512004853,0.8564734357595444,0.8187964862585068,val
2026-03-10 16:47:40,s1_fp32,217,0.0008032255426994069,0.023049735501408576,psnr_sr_rgb_sh0,30.027156269228065,30.027156269228065,30.188444714689812,28.411482217395942,28.491558444822328,30.04033741614348,30.201199949646266,28.40087791743983,28.480837463921624,0.8565243065357209,0.8190449512004853,0.8565055626630783,0.8187964862585068,val
2026-03-10 16:48:29,s1_fp32,218,0.0008009075115760243,0.02374957865104079,psnr_sr_rgb_sh0,30.029643636190556,30.029643636190556,30.19105047563944,28.411482217395942,28.491558444822328,30.04270654692524,30.203716388563144,28.40087791743983,28.480837463921624,0.8565684735774994,0.8190449512004853,0.8565490829944611,0.8187964862585068,val
2026-03-10 16:49:15,s1_fp32,219,0.0007985792958513931,0.022543951496481897,psnr_sr_rgb_sh0,30.032266952901313,30.032266952901313,30.193589011751655,28.411482217395942,28.491558444822328,30.04528598344195,30.20625649554706,28.40087791743983,28.480837463921624,0.8566181844472885,0.8190449512004853,0.8565983480215072,0.8187964862585068,val
2026-03-10 16:50:02,s1_fp32,220,0.0007962409743269654,0.02241734215989709,psnr_sr_rgb_sh0,30.033811967740824,30.033811967740824,30.194755903905097,28.411482217395942,28.491558444822328,30.046828667813152,30.207426911020153,28.40087791743983,28.480837463921624,0.856650385260582,0.8190449512004853,0.8566301435232162,0.8187964862585068,val
2026-03-10 16:50:48,s1_fp32,221,0.0007938926261462366,0.023681910689920187,psnr_sr_rgb_sh0,30.034399899079318,30.034399899079318,30.194709952972513,28.411482217395942,28.491558444822328,30.047398871858295,30.20733576488307,28.40087791743983,28.480837463921624,0.8566770213842392,0.8190449512004853,0.8566564774513244,0.8187964862585068,val
2026-03-10 16:51:35,s1_fp32,222,0.0007915343307920673,0.02269308242946863,psnr_sr_rgb_sh0,30.038689742093275,30.038689742093275,30.199320452753508,28.411482217395942,28.491558444822328,30.051560842081987,30.211871166891214,28.40087791743983,28.480837463921624,0.856738783121109,0.8190449512004853,0.8567177450656891,0.8187964862585068,val
2026-03-10 16:52:24,s1_fp32,223,0.0007891661680839932,0.02260580552741885,psnr_sr_rgb_sh0,30.03956938702465,30.03956938702465,30.19946919060789,28.411482217395942,28.491558444822328,30.052383544591297,30.211976442018823,28.40087791743983,28.480837463921624,0.8567806899547576,0.8190449512004853,0.8567589724063873,0.8187964862585068,val
2026-03-10 16:53:14,s1_fp32,224,0.0007867882181755231,0.023511061854660512,psnr_sr_rgb_sh0,30.041119210160094,30.041119210160094,30.20081875666998,28.411482217395942,28.491558444822328,30.053862895415982,30.213261262730615,28.40087791743983,28.480837463921624,0.8568205243349075,0.8190449512004853,0.8567984110116958,0.8187964862585068,val
2026-03-10 16:54:02,s1_fp32,225,0.0007844005615514259,0.023363201580941677,psnr_sr_rgb_sh0,30.042812024295696,30.042812024295696,30.202677335353684,28.411482217395942,28.491558444822328,30.05548381284138,30.21507023586846,28.40087791743983,28.480837463921624,0.8568598479032516,0.8190449512004853,0.856837352514267,0.8187964862585068,val
2026-03-10 16:54:50,s1_fp32,226,0.0007820032790250074,0.023387384414672852,psnr_sr_rgb_sh0,30.045794160245947,30.045794160245947,30.205541004819064,28.411482217395942,28.491558444822328,30.05846088709904,30.21795837744688,28.40087791743983,28.480837463921624,0.8569010752439499,0.8190449512004853,0.8568782514333725,0.8187964862585068,val
2026-03-10 16:55:38,s1_fp32,227,0.0007795964517353734,0.022660478819161653,psnr_sr_rgb_sh0,30.047612263247252,30.047612263247252,30.206697520666292,28.411482217395942,28.491558444822328,30.060214185699287,30.219067230117435,28.40087791743983,28.480837463921624,0.856939492225647,0.8190449512004853,0.8569163781404495,0.8187964862585068,val
2026-03-10 16:56:26,s1_fp32,228,0.0007771801611446858,0.02289506271481514,psnr_sr_rgb_sh0,30.04774272555359,30.04774272555359,30.206409897629452,28.411482217395942,28.491558444822328,30.06031653281426,30.21875811097357,28.40087791743983,28.480837463921624,0.8569715678691864,0.8190449512004853,0.8569480121135712,0.8187964862585068,val
2026-03-10 16:57:14,s1_fp32,229,0.000774754489035403,0.023332282789051532,psnr_sr_rgb_sh0,30.05099694441104,30.05099694441104,30.209768916153276,28.411482217395942,28.491558444822328,30.063494949400656,30.222085524405184,28.40087791743983,28.480837463921624,0.857007851600647,0.8190449512004853,0.8569840526580811,0.8187964862585068,val
2026-03-10 16:58:02,s1_fp32,230,0.0007723195175075137,0.022702991999685763,psnr_sr_rgb_sh0,30.052813656501854,30.052813656501854,30.211572916242027,28.411482217395942,28.491558444822328,30.065248960796495,30.223836261794023,28.40087791743983,28.480837463921624,0.8570411372184753,0.8190449512004853,0.8570169466733932,0.8187964862585068,val
2026-03-10 16:58:49,s1_fp32,231,0.0007698753289757565,0.023274677023291588,psnr_sr_rgb_sh0,30.053205537410648,30.053205537410648,30.211115416742068,28.411482217395942,28.491558444822328,30.06564353683274,30.22331806541565,28.40087791743983,28.480837463921624,0.8570571607351303,0.8190449512004853,0.8570325827598572,0.8187964862585068,val
2026-03-10 16:59:35,s1_fp32,232,0.0007674220061668323,0.022234395202249287,psnr_sr_rgb_sh0,30.05433262112986,30.05433262112986,30.21194395334659,28.411482217395942,28.491558444822328,30.0667248461375,30.224092640214018,28.40087791743983,28.480837463921624,0.8570939302444458,0.8190449512004853,0.8570689111948013,0.8187964862585068,val
2026-03-10 17:00:21,s1_fp32,233,0.0007649596321166025,0.022684236727654933,psnr_sr_rgb_sh0,30.05889329931854,30.05889329931854,30.21730457459587,28.411482217395942,28.491558444822328,30.07119154172639,30.229388895234816,28.40087791743983,28.480837463921624,0.8571302211284637,0.8190449512004853,0.8571048718690872,0.8187964862585068,val
2026-03-10 17:01:10,s1_fp32,234,0.00076248829016728,0.023017456606030464,psnr_sr_rgb_sh0,30.061412899146248,30.061412899146248,30.21949244961137,28.411482217395942,28.491558444822328,30.0736829107588,30.2315743966297,28.40087791743983,28.480837463921624,0.8571646374464035,0.8190449512004853,0.8571389287710189,0.8187964862585068,val
2026-03-10 17:01:59,s1_fp32,235,0.0007600080639646077,0.02253290470689535,psnr_sr_rgb_sh0,30.062422618133233,30.062422618133233,30.22058021922817,28.411482217395942,28.491558444822328,30.074690421555843,30.232668700579197,28.40087791743983,28.480837463921624,0.8571764326095581,0.8190449512004853,0.857150729894638,0.8187964862585068,val
2026-03-10 17:02:46,s1_fp32,236,0.0007575190374550272,0.023386845774948598,psnr_sr_rgb_sh0,30.06274196209698,30.06274196209698,30.220406494067046,28.411482217395942,28.491558444822328,30.074980902541697,30.232446926187773,28.40087791743983,28.480837463921624,0.8571880972385406,0.8190449512004853,0.8571623945236206,0.8187964862585068,val
2026-03-10 17:03:34,s1_fp32,237,0.0007550212948828377,0.022663378212600945,psnr_sr_rgb_sh0,30.06424186087635,30.06424186087635,30.22196612171868,28.411482217395942,28.491558444822328,30.07643433370514,30.233982744757572,28.40087791743983,28.480837463921624,0.8572032362222671,0.8190449512004853,0.8571771413087845,0.8187964862585068,val
2026-03-10 17:04:22,s1_fp32,238,0.000752514920787345,0.0223656271584332,psnr_sr_rgb_sh0,30.066577057001556,30.066577057001556,30.22441780844692,28.411482217395942,28.491558444822328,30.078724762587303,30.236410544753443,28.40087791743983,28.480837463921624,0.8572273474931716,0.8190449512004853,0.8572010737657547,0.8187964862585068,val
2026-03-10 17:05:09,s1_fp32,239,0.00075,0.02314521150663495,psnr_sr_rgb_sh0,30.068204820260036,30.068204820260036,30.225756189646926,28.411482217395942,28.491558444822328,30.080282512858375,30.237692148700884,28.40087791743983,28.480837463921624,0.8572478371858597,0.8190449512004853,0.8572212606668472,0.8187964862585068,val
2026-03-10 17:05:57,s1_fp32,240,0.0007474766176415271,0.022734266892075538,psnr_sr_rgb_sh0,30.067744632565127,30.067744632565127,30.224723047484915,28.411482217395942,28.491558444822328,30.079788546061174,30.236602566127935,28.40087791743983,28.480837463921624,0.8572694635391236,0.8190449512004853,0.8572424954175949,0.8187964862585068,val
2026-03-10 17:06:43,s1_fp32,241,0.0007449448591190436,0.02255934404209256,psnr_sr_rgb_sh0,30.071778877982577,30.071778877982577,30.22938913753291,28.411482217395942,28.491558444822328,30.083769013812056,30.241254069001126,28.40087791743983,28.480837463921624,0.8572998970746994,0.8190449512004853,0.8572728788852692,0.8187964862585068,val
2026-03-10 17:07:29,s1_fp32,242,0.0007424048101231686,0.023324799425899982,psnr_sr_rgb_sh0,30.07269905672656,30.07269905672656,30.22951238863446,28.411482217395942,28.491558444822328,30.084683108768548,30.241392153947373,28.40087791743983,28.480837463921624,0.8573201411962509,0.8190449512004853,0.8572929930686951,0.8187964862585068,val
2026-03-10 17:08:18,s1_fp32,243,0.0007398565566251232,0.022268359456211327,psnr_sr_rgb_sh0,30.074527956852517,30.074527956852517,30.231867428450368,28.411482217395942,28.491558444822328,30.086533461555117,30.24377584011433,28.40087791743983,28.480837463921624,0.8573487812280655,0.8190449512004853,0.8573214203119278,0.8187964862585068,val
2026-03-10 17:09:07,s1_fp32,244,0.0007373001848738202,0.022936007902026177,psnr_sr_rgb_sh0,30.07727296947048,30.07727296947048,30.23455311808362,28.411482217395942,28.491558444822328,30.089267421940207,30.246484752597087,28.40087791743983,28.480837463921624,0.8573687988519668,0.8190449512004853,0.8573415023088455,0.8187964862585068,val
2026-03-10 17:09:54,s1_fp32,245,0.0007347357813929454,0.023162090573459863,psnr_sr_rgb_sh0,30.077092071191778,30.077092071191778,30.23386732710423,28.411482217395942,28.491558444822328,30.089066110071474,30.245751656563943,28.40087791743983,28.480837463921624,0.8573922628164291,0.8190449512004853,0.8573645508289337,0.8187964862585068,val
2026-03-10 17:10:42,s1_fp32,246,0.0007321634329780285,0.022362640667706726,psnr_sr_rgb_sh0,30.078533021453485,30.078533021453485,30.23554092208618,28.411482217395942,28.491558444822328,30.090471966749917,30.24740225307105,28.40087791743983,28.480837463921624,0.8574141412973404,0.8190449512004853,0.8573863458633423,0.8187964862585068,val
2026-03-10 17:11:30,s1_fp32,247,0.0007295832266935059,0.022743652649223803,psnr_sr_rgb_sh0,30.081167456087115,30.081167456087115,30.23794053305745,28.411482217395942,28.491558444822328,30.09302927651414,30.249700614882293,28.40087791743983,28.480837463921624,0.8574634110927581,0.8190449512004853,0.8574351644515992,0.8187964862585068,val
2026-03-10 17:12:17,s1_fp32,248,0.0007269952498697733,0.02237419778481126,psnr_sr_rgb_sh0,30.0826219455713,30.0826219455713,30.23908404272604,28.411482217395942,28.491558444822328,30.0944428277831,30.25082651908845,28.40087791743983,28.480837463921624,0.8574915671348572,0.8190449512004853,0.857463122010231,0.8187964862585068,val
2026-03-10 17:13:04,s1_fp32,249,0.0007243995901002312,0.02302485262975097,psnr_sr_rgb_sh0,30.082798257445234,30.082798257445234,30.239214177397663,28.411482217395942,28.491558444822328,30.094653480265197,30.25102255932178,28.40087791743983,28.480837463921624,0.8575089740753173,0.8190449512004853,0.8574803167581558,0.8187964862585068,val
2026-03-10 17:13:50,s1_fp32,250,0.0007217963352383181,0.022821882180869578,psnr_sr_rgb_sh0,30.085347253336565,30.085347253336565,30.24187742657094,28.411482217395942,28.491558444822328,30.097182614212514,30.25366500115937,28.40087791743983,28.480837463921624,0.8575254482030868,0.8190449512004853,0.8574967294931412,0.8187964862585068,val
2026-03-10 17:14:36,s1_fp32,251,0.0007191855733945387,0.022202246449887754,psnr_sr_rgb_sh0,30.087042646088108,30.087042646088108,30.243944171821465,28.411482217395942,28.491558444822328,30.098782389153843,30.255626133306105,28.40087791743983,28.480837463921624,0.8575527405738831,0.8190449512004853,0.8575237756967544,0.8187964862585068,val
2026-03-10 17:15:24,s1_fp32,252,0.0007165673929334815,0.022921885158866645,psnr_sr_rgb_sh0,30.086825777629155,30.086825777629155,30.243021738997644,28.411482217395942,28.491558444822328,30.0985771656266,30.25475336473904,28.40087791743983,28.480837463921624,0.8575697445869446,0.8190449512004853,0.8575404417514801,0.8187964862585068,val
2026-03-10 17:16:12,s1_fp32,253,0.0007139418824708272,0.02269408356398344,psnr_sr_rgb_sh0,30.088601132509325,30.088601132509325,30.2451164447128,28.411482217395942,28.491558444822328,30.10027457594731,30.256764543971503,28.40087791743983,28.480837463921624,0.8575870442390442,0.8190449512004853,0.8575574964284897,0.8187964862585068,val
2026-03-10 17:17:00,s1_fp32,254,0.0007113091308703497,0.02261442579329014,psnr_sr_rgb_sh0,30.08890320376424,30.08890320376424,30.24468875424287,28.411482217395942,28.491558444822328,30.100518578184893,30.256265547454124,28.40087791743983,28.480837463921624,0.8576080906391144,0.8190449512004853,0.857578131556511,0.8187964862585068,val
2026-03-10 17:17:48,s1_fp32,255,0.000708669227240909,0.021936311684548855,psnr_sr_rgb_sh0,30.09021916853226,30.09021916853226,30.245827762996022,28.411482217395942,28.491558444822328,30.101819890772017,30.257426481594194,28.40087791743983,28.480837463921624,0.8576375633478165,0.8190449512004853,0.8576074063777923,0.8187964862585068,val
2026-03-10 17:18:35,s1_fp32,256,0.0007060222609334342,0.02262248983606696,psnr_sr_rgb_sh0,30.092373845162882,30.092373845162882,30.248159581355257,28.411482217395942,28.491558444822328,30.10386002387653,30.25967223844597,28.40087791743983,28.480837463921624,0.8576660692691803,0.8190449512004853,0.8576356464624405,0.8187964862585068,val
2026-03-10 17:19:23,s1_fp32,257,0.0007033683215379002,0.022648394890129566,psnr_sr_rgb_sh0,30.094024542156472,30.094024542156472,30.249549183649815,28.411482217395942,28.491558444822328,30.105483460570973,30.261037970118153,28.40087791743983,28.480837463921624,0.8577046036720276,0.8190449512004853,0.8576738250255584,0.8187964862585068,val
2026-03-10 17:20:10,s1_fp32,258,0.0007007074988802946,0.022909070085734128,psnr_sr_rgb_sh0,30.094666446612308,30.094666446612308,30.2500703595731,28.411482217395942,28.491558444822328,30.10613511873706,30.26161647885161,28.40087791743983,28.480837463921624,0.8577036809921265,0.8190449512004853,0.8576729065179824,0.8187964862585068,val
2026-03-10 17:20:56,s1_fp32,259,0.0006980398830195785,0.022545446027070284,psnr_sr_rgb_sh0,30.09567544843833,30.09567544843833,30.25099792437423,28.411482217395942,28.491558444822328,30.107106983662604,30.262502706933777,28.40087791743983,28.480837463921624,0.8577315390110016,0.8190449512004853,0.8577005237340927,0.8187964862585068,val
2026-03-10 17:21:42,s1_fp32,260,0.0006953655642446368,0.022269102185964583,psnr_sr_rgb_sh0,30.09663082710421,30.09663082710421,30.251455729614694,28.411482217395942,28.491558444822328,30.108033546185087,30.262932088424208,28.40087791743983,28.480837463921624,0.857765964269638,0.8190449512004853,0.8577346765995025,0.8187964862585068,val
2026-03-10 17:22:29,s1_fp32,261,0.0006926846330712242,0.02264464208856225,psnr_sr_rgb_sh0,30.09918364782767,30.09918364782767,30.254623622126054,28.411482217395942,28.491558444822328,30.11051757604878,30.266068367372558,28.40087791743983,28.480837463921624,0.857791890501976,0.8190449512004853,0.8577604568004609,0.8187964862585068,val
2026-03-10 17:23:15,s1_fp32,262,0.0006899971802388996,0.023709726445376875,psnr_sr_rgb_sh0,30.09961514496796,30.09961514496796,30.25419577730765,28.411482217395942,28.491558444822328,30.11095297139723,30.265635947403556,28.40087791743983,28.480837463921624,0.8578173184394836,0.8190449512004853,0.8577855408191681,0.8187964862585068,val
2026-03-10 17:24:01,s1_fp32,263,0.0006873032967079561,0.022938185203820467,psnr_sr_rgb_sh0,30.099929600662087,30.099929600662087,30.254385748466483,28.411482217395942,28.491558444822328,30.111328002596075,30.265892711711334,28.40087791743983,28.480837463921624,0.8578288584947587,0.8190449512004853,0.8577969193458557,0.8187964862585068,val
2026-03-10 17:24:49,s1_fp32,264,0.0006846030736563422,0.022980736494064333,psnr_sr_rgb_sh0,30.100740996824058,30.100740996824058,30.254939321162922,28.411482217395942,28.491558444822328,30.11208281677102,30.26639408685102,28.40087791743983,28.480837463921624,0.8578460758924484,0.8190449512004853,0.857813936471939,0.8187964862585068,val
2026-03-10 17:25:37,s1_fp32,265,0.0006818966024765758,0.0229342245683074,psnr_sr_rgb_sh0,30.102637117758974,30.102637117758974,30.256754815823943,28.411482217395942,28.491558444822328,30.11389666341516,30.26814096481668,28.40087791743983,28.480837463921624,0.8578721386194229,0.8190449512004853,0.8578397893905639,0.8187964862585068,val
2026-03-10 17:26:24,s1_fp32,266,0.0006791839747726501,0.023323112241923807,psnr_sr_rgb_sh0,30.103186406668257,30.103186406668257,30.257214928673765,28.411482217395942,28.491558444822328,30.114430130002734,30.268587556347114,28.40087791743983,28.480837463921624,0.8578692543506622,0.8190449512004853,0.8578367424011231,0.8187964862585068,val
2026-03-10 17:27:13,s1_fp32,267,0.0006764652823569344,0.02329170310869813,psnr_sr_rgb_sh0,30.103800293477818,30.103800293477818,30.257683303117616,28.411482217395942,28.491558444822328,30.115029103137484,30.269044491076382,28.40087791743983,28.480837463921624,0.8578838807344437,0.8190449512004853,0.8578512477874756,0.8187964862585068,val
2026-03-10 17:28:01,s1_fp32,268,0.0006737406172470657,0.023446589689701796,psnr_sr_rgb_sh0,30.104623598586603,30.104623598586603,30.25827124782588,28.411482217395942,28.491558444822328,30.115865922227066,30.269680095599796,28.40087791743983,28.480837463921624,0.8579005593061447,0.8190449512004853,0.8578679603338242,0.8187964862585068,val
2026-03-10 17:28:49,s1_fp32,269,0.0006710100716628344,0.023197318017482756,psnr_sr_rgb_sh0,30.105646548752347,30.105646548752347,30.259377426076135,28.411482217395942,28.491558444822328,30.116860900492046,30.270737478323635,28.40087791743983,28.480837463921624,0.8579197978973389,0.8190449512004853,0.8578868776559829,0.8187964862585068,val
2026-03-10 17:29:36,s1_fp32,270,0.0006682737380230633,0.023364478815346958,psnr_sr_rgb_sh0,30.106554705862237,30.106554705862237,30.260183649601103,28.411482217395942,28.491558444822328,30.117735161270193,30.271537015064414,28.40087791743983,28.480837463921624,0.857922003865242,0.8190449512004853,0.8578891861438751,0.8187964862585068,val
2026-03-10 17:30:24,s1_fp32,271,0.0006655317089424791,0.022466370556503534,psnr_sr_rgb_sh0,30.106750667045077,30.106750667045077,30.260089528001593,28.411482217395942,28.491558444822328,30.117982697854,30.271491206971408,28.40087791743983,28.480837463921624,0.8579446053504944,0.8190449512004853,0.8579113435745239,0.8187964862585068,val
2026-03-10 17:31:12,s1_fp32,272,0.0006627840772285784,0.022848973385989665,psnr_sr_rgb_sh0,30.106950871846948,30.106950871846948,30.260167931051043,28.411482217395942,28.491558444822328,30.118161733577523,30.271537576516156,28.40087791743983,28.480837463921624,0.8579665768146515,0.8190449512004853,0.8579331380128861,0.8187964862585068,val
2026-03-10 17:32:00,s1_fp32,273,0.0006600309358784857,0.02276146238669753,psnr_sr_rgb_sh0,30.108292366606193,30.108292366606193,30.261176429259248,28.411482217395942,28.491558444822328,30.119497241585854,30.27257701138035,28.40087791743983,28.480837463921624,0.8579942536354065,0.8190449512004853,0.8579606145620347,0.8187964862585068,val
2026-03-10 17:32:47,s1_fp32,274,0.0006572723780758069,0.022751603722572327,psnr_sr_rgb_sh0,30.109754540743175,30.109754540743175,30.262680114940153,28.411482217395942,28.491558444822328,30.120892663302357,30.27402205412864,28.40087791743983,28.480837463921624,0.8580176651477813,0.8190449512004853,0.857983832359314,0.8187964862585068,val
2026-03-10 17:33:33,s1_fp32,275,0.0006545084971874737,0.022098168190568687,psnr_sr_rgb_sh0,30.11075663172908,30.11075663172908,30.263787309485554,28.411482217395942,28.491558444822328,30.12187900630248,30.27509609083955,28.40087791743983,28.480837463921624,0.8580529302358627,0.8190449512004853,0.8580187225341797,0.8187964862585068,val
2026-03-10 17:34:19,s1_fp32,276,0.0006517393867605854,0.02368558807298541,psnr_sr_rgb_sh0,30.11121443880109,30.11121443880109,30.263815403435537,28.411482217395942,28.491558444822328,30.12230284822034,30.2750884610258,28.40087791743983,28.480837463921624,0.8580730944871903,0.8190449512004853,0.8580387508869172,0.8187964862585068,val
2026-03-10 17:35:04,s1_fp32,277,0.0006489651405192409,0.02274734225124121,psnr_sr_rgb_sh0,30.11217151899426,30.11217151899426,30.264139107879725,28.411482217395942,28.491558444822328,30.123253632945126,30.27541938664833,28.40087791743983,28.480837463921624,0.8580967110395431,0.8190449512004853,0.8580621761083603,0.8187964862585068,val
2026-03-10 17:35:48,s1_fp32,278,0.0006461858523613684,0.0229958457313478,psnr_sr_rgb_sh0,30.113221835871787,30.113221835871787,30.265363758768608,28.411482217395942,28.491558444822328,30.12424713945835,30.276561632353086,28.40087791743983,28.480837463921624,0.8581145465373993,0.8190449512004853,0.8580798250436783,0.8187964862585068,val
2026-03-10 17:36:31,s1_fp32,279,0.0006434016163555452,0.022266505248844624,psnr_sr_rgb_sh0,30.11533910698004,30.11533910698004,30.267264934707228,28.411482217395942,28.491558444822328,30.126337447342447,30.278486404495684,28.40087791743983,28.480837463921624,0.8581514126062393,0.8190449512004853,0.8581166911125183,0.8187964862585068,val
2026-03-10 17:37:15,s1_fp32,280,0.0006406125267378153,0.022644071206450463,psnr_sr_rgb_sh0,30.116402210126406,30.116402210126406,30.268072298925116,28.411482217395942,28.491558444822328,30.127418876139686,30.279308069193775,28.40087791743983,28.480837463921624,0.8581727468967437,0.8190449512004853,0.8581380343437195,0.8187964862585068,val
2026-03-10 17:37:59,s1_fp32,281,0.0006378186779084996,0.022828263230621815,psnr_sr_rgb_sh0,30.11763377587787,30.11763377587787,30.269389172427335,28.411482217395942,28.491558444822328,30.128596405960263,30.28055551891766,28.40087791743983,28.480837463921624,0.8582045674324036,0.8190449512004853,0.8581696236133576,0.8187964862585068,val
2026-03-10 17:38:44,s1_fp32,282,0.0006350201644290005,0.022960690837353467,psnr_sr_rgb_sh0,30.118087247506473,30.118087247506473,30.269898224949284,28.411482217395942,28.491558444822328,30.129039820068325,30.28107188505427,28.40087791743983,28.480837463921624,0.8582204812765122,0.8190449512004853,0.8581856226921082,0.8187964862585068,val
2026-03-10 17:39:29,s1_fp32,283,0.0006322170810186012,0.022176320999860763,psnr_sr_rgb_sh0,30.120747958295002,30.120747958295002,30.27263001749321,28.411482217395942,28.491558444822328,30.131576397553612,30.28368056682172,28.40087791743983,28.480837463921624,0.8582454526424408,0.8190449512004853,0.8582102310657501,0.8187964862585068,val
2026-03-10 17:40:12,s1_fp32,284,0.0006294095225512603,0.023165074978023767,psnr_sr_rgb_sh0,30.12172716534836,30.12172716534836,30.273192503320352,28.411482217395942,28.491558444822328,30.132490225654333,30.284197428010092,28.40087791743983,28.480837463921624,0.8582737845182419,0.8190449512004853,0.8582381564378738,0.8187964862585068,val
2026-03-10 17:40:57,s1_fp32,285,0.000626597584052401,0.02283419394865632,psnr_sr_rgb_sh0,30.121620675581507,30.121620675581507,30.273085031739548,28.411482217395942,28.491558444822328,30.132446714066706,30.284165071130587,28.40087791743983,28.480837463921624,0.858280963897705,0.8190449512004853,0.8582452851533889,0.8187964862585068,val
2026-03-10 17:41:43,s1_fp32,286,0.000623781360695693,0.022812999468296766,psnr_sr_rgb_sh0,30.12279974103556,30.12279974103556,30.27415851798605,28.411482217395942,28.491558444822328,30.133539311506084,30.285143868579613,28.40087791743983,28.480837463921624,0.858301317691803,0.8190449512004853,0.8582652747631073,0.8187964862585068,val
2026-03-10 17:42:28,s1_fp32,287,0.0006209609477998338,0.02309994453564286,psnr_sr_rgb_sh0,30.12265648599021,30.12265648599021,30.273643657794363,28.411482217395942,28.491558444822328,30.13339342419576,30.284631805898517,28.40087791743983,28.480837463921624,0.8583078867197037,0.8190449512004853,0.8582717084884643,0.8187964862585068,val
2026-03-10 17:43:13,s1_fp32,288,0.0006181364408253208,0.0215711766295135,psnr_sr_rgb_sh0,30.122052521975487,30.122052521975487,30.27275874295633,28.411482217395942,28.491558444822328,30.132826432263904,30.28380532293831,28.40087791743983,28.480837463921624,0.8583037811517715,0.8190449512004853,0.85826740026474,0.8187964862585068,val
2026-03-10 17:43:58,s1_fp32,289,0.0006153079353712201,0.022809038031846286,psnr_sr_rgb_sh0,30.124355563417588,30.124355563417588,30.275261376656218,28.411482217395942,28.491558444822328,30.135042471513167,30.286251057683327,28.40087791743983,28.480837463921624,0.858332965373993,0.8190449512004853,0.8582963132858277,0.8187964862585068,val
2026-03-10 17:44:43,s1_fp32,290,0.0006124755271719325,0.022790048718452454,psnr_sr_rgb_sh0,30.12499601055393,30.12499601055393,30.27604328644252,28.411482217395942,28.491558444822328,30.135690288576527,30.28703910207222,28.40087791743983,28.480837463921624,0.8583359724283218,0.8190449512004853,0.8582995194196701,0.8187964862585068,val
2026-03-10 17:45:28,s1_fp32,291,0.0006096393120939516,0.02243167635053396,psnr_sr_rgb_sh0,30.12501638796575,30.12501638796575,30.275960717818492,28.411482217395942,28.491558444822328,30.1356688040011,30.28688834387115,28.40087791743983,28.480837463921624,0.8583461171388627,0.8190449512004853,0.8583093243837356,0.8187964862585068,val
2026-03-10 17:46:13,s1_fp32,292,0.0006067993861326201,0.02299811700358987,psnr_sr_rgb_sh0,30.125541960170022,30.125541960170022,30.276305206324867,28.411482217395942,28.491558444822328,30.136223354443892,30.287289372404143,28.40087791743983,28.480837463921624,0.8583706682920456,0.8190449512004853,0.858333888053894,0.8187964862585068,val
2026-03-10 17:46:57,s1_fp32,293,0.0006039558454088796,0.023952858112752436,psnr_sr_rgb_sh0,30.126249018865057,30.126249018865057,30.2768427270024,28.411482217395942,28.491558444822328,30.13694356890001,30.28783705422697,28.40087791743983,28.480837463921624,0.858382408618927,0.8190449512004853,0.8583456939458847,0.8187964862585068,val
2026-03-10 17:47:42,s1_fp32,294,0.000601108786166019,0.02305434251204133,psnr_sr_rgb_sh0,30.127001608314195,30.127001608314195,30.277402904037952,28.411482217395942,28.491558444822328,30.137619193190805,30.288307696854186,28.40087791743983,28.480837463921624,0.8584065580368042,0.8190449512004853,0.858369477391243,0.8187964862585068,val
2026-03-10 17:48:27,s1_fp32,295,0.0005982583047664151,0.023065675646066666,psnr_sr_rgb_sh0,30.128692261028476,30.128692261028476,30.27935105219233,28.411482217395942,28.491558444822328,30.13932611793127,30.290286694283704,28.40087791743983,28.480837463921624,0.8584246152639389,0.8190449512004853,0.8583878260850907,0.8187964862585068,val
2026-03-10 17:49:12,s1_fp32,296,0.0005954044976882724,0.023392907343804836,psnr_sr_rgb_sh0,30.129299476186056,30.129299476186056,30.27961325716878,28.411482217395942,28.491558444822328,30.1399513044374,30.290559870535922,28.40087791743983,28.480837463921624,0.858446062207222,0.8190449512004853,0.8584091854095459,0.8187964862585068,val
2026-03-10 17:49:56,s1_fp32,297,0.0005925474615223572,0.0233997293561697,psnr_sr_rgb_sh0,30.13066435517528,30.13066435517528,30.28121482602155,28.411482217395942,28.491558444822328,30.1412595056204,30.29207230091866,28.40087791743983,28.480837463921624,0.8584634405374527,0.8190449512004853,0.858426621556282,0.8187964862585068,val
2026-03-10 17:50:41,s1_fp32,298,0.0005896872929687287,0.022602949142456055,psnr_sr_rgb_sh0,30.129409669261946,30.129409669261946,30.279594702989474,28.411482217395942,28.491558444822328,30.140064683600528,30.290508552993632,28.40087791743983,28.480837463921624,0.858460214138031,0.8190449512004853,0.8584231340885162,0.8187964862585068,val
2026-03-10 17:51:26,s1_fp32,299,0.0005868240888334653,0.022582319732755422,psnr_sr_rgb_sh0,30.131014369498562,30.131014369498562,30.281103701828133,28.411482217395942,28.491558444822328,30.141623828893152,30.29198485710167,28.40087791743983,28.480837463921624,0.8584845978021621,0.8190449512004853,0.8584474623203278,0.8187964862585068,val
2026-03-10 17:52:10,s1_fp32,300,0.0005839579460253886,0.022314658425748347,psnr_sr_rgb_sh0,30.132538493206322,30.132538493206322,30.282574199674674,28.411482217395942,28.491558444822328,30.143115291326477,30.293420997296757,28.40087791743983,28.480837463921624,0.8585169106721878,0.8190449512004853,0.8584798246622085,0.8187964862585068,val
2026-03-10 17:52:55,s1_fp32,301,0.0005810889615527838,0.022949167620390655,psnr_sr_rgb_sh0,30.132321652373825,30.132321652373825,30.282114323686443,28.411482217395942,28.491558444822328,30.142878622650677,30.29295305923357,28.40087791743983,28.480837463921624,0.8585208594799042,0.8190449512004853,0.8584837317466736,0.8187964862585068,val
2026-03-10 17:53:40,s1_fp32,302,0.0005782172325201155,0.023156803734600544,psnr_sr_rgb_sh0,30.133501718993685,30.133501718993685,30.2832935295215,28.411482217395942,28.491558444822328,30.144038982853452,30.294095420660074,28.40087791743983,28.480837463921624,0.8585300606489181,0.8190449512004853,0.858493110537529,0.8187964862585068,val
2026-03-10 17:54:24,s1_fp32,303,0.0005753428561247416,0.022450527045875787,psnr_sr_rgb_sh0,30.13362828078628,30.13362828078628,30.28328632093629,28.411482217395942,28.491558444822328,30.14423005968546,30.294162525149986,28.40087791743983,28.480837463921624,0.8585467970371247,0.8190449512004853,0.8585096335411072,0.8187964862585068,val
2026-03-10 17:55:08,s1_fp32,304,0.0005724659296536234,0.02233107877895236,psnr_sr_rgb_sh0,30.13489502208024,30.13489502208024,30.284768096839613,28.411482217395942,28.491558444822328,30.145464460847776,30.295619772960777,28.40087791743983,28.480837463921624,0.8585793215036392,0.8190449512004853,0.8585418802499771,0.8187964862585068,val
2026-03-10 17:55:53,s1_fp32,305,0.0005695865504800327,0.02250250954180956,psnr_sr_rgb_sh0,30.135898857019402,30.135898857019402,30.285411923769928,28.411482217395942,28.491558444822328,30.146463870054916,30.296291108433003,28.40087791743983,28.480837463921624,0.858598860502243,0.8190449512004853,0.858561600446701,0.8187964862585068,val
2026-03-10 17:56:38,s1_fp32,306,0.0005667048160602564,0.021952957715839147,psnr_sr_rgb_sh0,30.13622023941134,30.13622023941134,30.28533427668667,28.411482217395942,28.491558444822328,30.146711967153763,30.296097544037778,28.40087791743983,28.480837463921624,0.8586237382888794,0.8190449512004853,0.858585854768753,0.8187964862585068,val
2026-03-10 17:57:23,s1_fp32,307,0.0005638208239302974,0.022782888524234296,psnr_sr_rgb_sh0,30.1374097651048,30.1374097651048,30.28652061205794,28.411482217395942,28.491558444822328,30.147869837636605,30.297277225342228,28.40087791743983,28.480837463921624,0.8586396491527557,0.8190449512004853,0.8586016136407852,0.8187964862585068,val
2026-03-10 17:58:08,s1_fp32,308,0.0005609346717025737,0.023341682981699707,psnr_sr_rgb_sh0,30.137851892384287,30.137851892384287,30.286771509769594,28.411482217395942,28.491558444822328,30.148334700467895,30.29756538032724,28.40087791743983,28.480837463921624,0.8586660575866699,0.8190449512004853,0.8586278247833252,0.8187964862585068,val
2026-03-10 17:58:52,s1_fp32,309,0.0005580464570626152,0.022376852072775365,psnr_sr_rgb_sh0,30.13878701894082,30.13878701894082,30.28731942112779,28.411482217395942,28.491558444822328,30.14926184821936,30.298145350579457,28.40087791743983,28.480837463921624,0.8586910790205002,0.8190449512004853,0.8586527210474014,0.8187964862585068,val
2026-03-10 17:59:35,s1_fp32,310,0.0005551562777657559,0.023240648563951253,psnr_sr_rgb_sh0,30.140558151720107,30.140558151720107,30.289402952239012,28.411482217395942,28.491558444822328,30.15093846235641,30.300146180929545,28.40087791743983,28.480837463921624,0.8587137877941131,0.8190449512004853,0.8586752569675445,0.8187964862585068,val
2026-03-10 18:00:20,s1_fp32,311,0.0005522642316338268,0.022098652571439743,psnr_sr_rgb_sh0,30.13994827861819,30.13994827861819,30.288144548049686,28.411482217395942,28.491558444822328,30.15033500777378,30.298901823097985,28.40087791743983,28.480837463921624,0.8587255698442459,0.8190449512004853,0.8586866611242294,0.8187964862585068,val
2026-03-10 18:01:05,s1_fp32,312,0.000549370416551844,0.02231668559834361,psnr_sr_rgb_sh0,30.141485333923086,30.141485333923086,30.289761168521803,28.411482217395942,28.491558444822328,30.151806169150383,30.30048939641977,28.40087791743983,28.480837463921624,0.858744695186615,0.8190449512004853,0.858705570101738,0.8187964862585068,val
2026-03-10 18:01:49,s1_fp32,313,0.0005464749304646962,0.022971870340406896,psnr_sr_rgb_sh0,30.142503221624924,30.142503221624924,30.290687984912164,28.411482217395942,28.491558444822328,30.152777055800968,30.301393820384373,28.40087791743983,28.480837463921624,0.8587479960918426,0.8190449512004853,0.8587087988853455,0.8187964862585068,val
2026-03-10 18:02:33,s1_fp32,314,0.0005435778713738292,0.0228378664329648,psnr_sr_rgb_sh0,30.144241043468792,30.144241043468792,30.292826662379806,28.411482217395942,28.491558444822328,30.154425467652764,30.303435303957748,28.40087791743983,28.480837463921624,0.8587704575061799,0.8190449512004853,0.8587310993671418,0.8187964862585068,val
2026-03-10 18:03:17,s1_fp32,315,0.0005406793373339292,0.022729882523417472,psnr_sr_rgb_sh0,30.143655740925265,30.143655740925265,30.292007053408646,28.411482217395942,28.491558444822328,30.153865215654868,30.302651819980607,28.40087791743983,28.480837463921624,0.8587772762775421,0.8190449512004853,0.858737643957138,0.8187964862585068,val
2026-03-10 18:04:01,s1_fp32,316,0.0005377794264496041,0.02259806336835027,psnr_sr_rgb_sh0,30.143990572144798,30.143990572144798,30.292159800224425,28.411482217395942,28.491558444822328,30.154181917839836,30.302790697802514,28.40087791743983,28.480837463921624,0.8587902498245239,0.8190449512004853,0.858750456571579,0.8187964862585068,val
2026-03-10 18:04:44,s1_fp32,317,0.0005348782368720626,0.02187340157106519,psnr_sr_rgb_sh0,30.14456447977435,30.14456447977435,30.292690605775928,28.411482217395942,28.491558444822328,30.154767630949415,30.30335532195157,28.40087791743983,28.480837463921624,0.8588057368993759,0.8190449512004853,0.8587658613920212,0.8187964862585068,val
2026-03-10 18:05:28,s1_fp32,318,0.0005319758667957928,0.023264685086905955,psnr_sr_rgb_sh0,30.146171777202785,30.146171777202785,30.294220647074376,28.411482217395942,28.491558444822328,30.156385128296797,30.304923489036845,28.40087791743983,28.480837463921624,0.8588300460577011,0.8190449512004853,0.8587900763750076,0.8187964862585068,val
2026-03-10 18:06:12,s1_fp32,319,0.0005290724144552379,0.02249145897105336,psnr_sr_rgb_sh0,30.14700065317593,30.14700065317593,30.294949079814113,28.411482217395942,28.491558444822328,30.157164258079273,30.30558839905457,28.40087791743983,28.480837463921624,0.8588520848751068,0.8190449512004853,0.8588118696212769,0.8187964862585068,val
2026-03-10 18:06:57,s1_fp32,320,0.000526167978121472,0.022293197140097618,psnr_sr_rgb_sh0,30.14778597999863,30.14778597999863,30.29545269762553,28.411482217395942,28.491558444822328,30.157908063040022,30.306059999370913,28.40087791743983,28.480837463921624,0.8588598906993866,0.8190449512004853,0.8588196492195129,0.8187964862585068,val
2026-03-10 18:07:41,s1_fp32,321,0.0005232626560988735,0.023014132343232633,psnr_sr_rgb_sh0,30.149065283444887,30.149065283444887,30.296980373591204,28.411482217395942,28.491558444822328,30.159150260138002,30.30755270629392,28.40087791743983,28.480837463921624,0.8588784569501877,0.8190449512004853,0.8588381224870681,0.8187964862585068,val
2026-03-10 18:08:24,s1_fp32,322,0.000520356546721798,0.02246944323182106,psnr_sr_rgb_sh0,30.148554432577594,30.148554432577594,30.296211198232484,28.411482217395942,28.491558444822328,30.15872318564439,30.30687654212022,28.40087791743983,28.480837463921624,0.8588851630687714,0.8190449512004853,0.8588449323177337,0.8187964862585068,val
2026-03-10 18:09:08,s1_fp32,323,0.0005174497483512506,0.023283066749572753,psnr_sr_rgb_sh0,30.14981169945936,30.14981169945936,30.297449652476292,28.411482217395942,28.491558444822328,30.159963436078627,30.30809892634375,28.40087791743983,28.480837463921624,0.8589045870304107,0.8190449512004853,0.8588641864061356,0.8187964862585068,val
2026-03-10 18:09:52,s1_fp32,324,0.0005145423593715557,0.022656597662717104,psnr_sr_rgb_sh0,30.150924908810143,30.150924908810143,30.29864708857633,28.411482217395942,28.491558444822328,30.16103789038126,30.309241387723254,28.40087791743983,28.480837463921624,0.8589278489351273,0.8190449512004853,0.8588876008987427,0.8187964862585068,val
2026-03-10 18:10:37,s1_fp32,325,0.0005116344781870281,0.02151907991617918,psnr_sr_rgb_sh0,30.151333456919712,30.151333456919712,30.298999406518423,28.411482217395942,28.491558444822328,30.161473465739007,30.309631553753658,28.40087791743983,28.480837463921624,0.8589446401596069,0.8190449512004853,0.8589043921232223,0.8187964862585068,val
2026-03-10 18:11:21,s1_fp32,326,0.0005087262032186418,0.022205895632505416,psnr_sr_rgb_sh0,30.152616369943527,30.152616369943527,30.30020951486563,28.411482217395942,28.491558444822328,30.162692193456678,30.310793464807162,28.40087791743983,28.480837463921624,0.8589672642946243,0.8190449512004853,0.8589268434047699,0.8187964862585068,val
2026-03-10 18:12:06,s1_fp32,327,0.0005058176329006986,0.022527957707643508,psnr_sr_rgb_sh0,30.153018901892725,30.153018901892725,30.3003464821067,28.411482217395942,28.491558444822328,30.163070093710687,30.310935242647858,28.40087791743983,28.480837463921624,0.8589902758598328,0.8190449512004853,0.8589495176076889,0.8187964862585068,val
2026-03-10 18:12:51,s1_fp32,328,0.000502908865677497,0.022071360722184182,psnr_sr_rgb_sh0,30.154370942028766,30.154370942028766,30.301816856812444,28.411482217395942,28.491558444822328,30.16435800940735,30.312354323225165,28.40087791743983,28.480837463921624,0.859012246131897,0.8190449512004853,0.8589711850881576,0.8187964862585068,val
2026-03-10 18:13:36,s1_fp32,329,0.0005,0.0229577274620533,psnr_sr_rgb_sh0,30.15417738816086,30.15417738816086,30.30152041611148,28.411482217395942,28.491558444822328,30.164155990851146,30.312027868437177,28.40087791743983,28.480837463921624,0.8590232014656067,0.8190449512004853,0.8589819008111954,0.8187964862585068,val
2026-03-10 18:14:21,s1_fp32,330,0.0004970911343225031,0.022616564966738223,psnr_sr_rgb_sh0,30.15543933370451,30.15543933370451,30.302590302105827,28.411482217395942,28.491558444822328,30.165416518078928,30.31313557104681,28.40087791743983,28.480837463921624,0.8590409964323044,0.8190449512004853,0.8589995551109314,0.8187964862585068,val
2026-03-10 18:15:05,s1_fp32,331,0.0004941823670993016,0.02232274804264307,psnr_sr_rgb_sh0,30.156206775810343,30.156206775810343,30.303392839003045,28.411482217395942,28.491558444822328,30.16615712388024,30.313903191702494,28.40087791743983,28.480837463921624,0.859056214094162,0.8190449512004853,0.8590146553516388,0.8187964862585068,val
2026-03-10 18:15:50,s1_fp32,332,0.0004912737967813582,0.021681213304400444,psnr_sr_rgb_sh0,30.156015569867222,30.156015569867222,30.303064988209293,28.411482217395942,28.491558444822328,30.16599676807454,30.313612838464934,28.40087791743983,28.480837463921624,0.8590681403875351,0.8190449512004853,0.8590264564752579,0.8187964862585068,val
2026-03-10 18:16:35,s1_fp32,333,0.0004883655218129719,0.02239995701238513,psnr_sr_rgb_sh0,30.15594558206288,30.15594558206288,30.302894847832878,28.411482217395942,28.491558444822328,30.16593346623185,30.31343824002633,28.40087791743983,28.480837463921624,0.8590688049793244,0.8190449512004853,0.8590271419286728,0.8187964862585068,val
2026-03-10 18:17:20,s1_fp32,334,0.0004854576406284443,0.02207890683785081,psnr_sr_rgb_sh0,30.15717015568521,30.15717015568521,30.303974081017714,28.411482217395942,28.491558444822328,30.167149535425303,30.31453021253325,28.40087791743983,28.480837463921624,0.8590890675783157,0.8190449512004853,0.8590473675727844,0.8187964862585068,val
2026-03-10 18:18:05,s1_fp32,335,0.0004825502516487497,0.02175954308360815,psnr_sr_rgb_sh0,30.157338906076085,30.157338906076085,30.303984614270156,28.411482217395942,28.491558444822328,30.167282438211426,30.314506332152128,28.40087791743983,28.480837463921624,0.8590964055061341,0.8190449512004853,0.8590545189380646,0.8187964862585068,val
2026-03-10 18:18:49,s1_fp32,336,0.0004796434532782021,0.022531451638787985,psnr_sr_rgb_sh0,30.159094276725103,30.159094276725103,30.30591564476539,28.411482217395942,28.491558444822328,30.16895439453588,30.316350184679585,28.40087791743983,28.480837463921624,0.8591205322742462,0.8190449512004853,0.8590786111354828,0.8187964862585068,val
2026-03-10 18:19:34,s1_fp32,337,0.0004767373439011267,0.022450837977230548,psnr_sr_rgb_sh0,30.15951658381718,30.15951658381718,30.306244002976076,28.411482217395942,28.491558444822328,30.169344956954955,30.31664352472076,28.40087791743983,28.480837463921624,0.8591345643997192,0.8190449512004853,0.8590923118591308,0.8187964862585068,val
2026-03-10 18:20:19,s1_fp32,338,0.0004738320218785281,0.022410542219877243,psnr_sr_rgb_sh0,30.16037071101969,30.16037071101969,30.306836670275842,28.411482217395942,28.491558444822328,30.170182497165218,30.317265179185664,28.40087791743983,28.480837463921624,0.8591485786437988,0.8190449512004853,0.8591063719987869,0.8187964862585068,val
2026-03-10 18:21:04,s1_fp32,339,0.0004709275855447621,0.02322045963257551,psnr_sr_rgb_sh0,30.160619132259185,30.160619132259185,30.307003981651242,28.411482217395942,28.491558444822328,30.170420875330286,30.317420083426004,28.40087791743983,28.480837463921624,0.8591550439596176,0.8190449512004853,0.8591127932071686,0.8187964862585068,val
2026-03-10 18:21:48,s1_fp32,340,0.0004680241332042072,0.02257076233625412,psnr_sr_rgb_sh0,30.161603942848355,30.161603942848355,30.308087033761765,28.411482217395942,28.491558444822328,30.171339661611345,30.31845748820495,28.40087791743983,28.480837463921624,0.8591658163070679,0.8190449512004853,0.8591233348846435,0.8187964862585068,val
2026-03-10 18:22:31,s1_fp32,341,0.00046512176312793734,0.021928291879594327,psnr_sr_rgb_sh0,30.161336211198158,30.161336211198158,30.307551811612417,28.411482217395942,28.491558444822328,30.17109608936447,30.317942166744587,28.40087791743983,28.480837463921624,0.8591851532459259,0.8190449512004853,0.8591422683000565,0.8187964862585068,val
2026-03-10 18:23:16,s1_fp32,342,0.0004622205735503961,0.022779222428798675,psnr_sr_rgb_sh0,30.162138771345575,30.162138771345575,30.308198261454223,28.411482217395942,28.491558444822328,30.171894446652253,30.31858864105069,28.40087791743983,28.480837463921624,0.8591944819688797,0.8190449512004853,0.8591516304016114,0.8187964862585068,val
2026-03-10 18:24:01,s1_fp32,343,0.00045932066266607093,0.022457933593541382,psnr_sr_rgb_sh0,30.163199469515174,30.163199469515174,30.309425861613764,28.411482217395942,28.491558444822328,30.17286886783024,30.319737290534796,28.40087791743983,28.480837463921624,0.8592105782032013,0.8190449512004853,0.8591675019264221,0.8187964862585068,val
2026-03-10 18:24:45,s1_fp32,344,0.00045642212862617086,0.021651842836290597,psnr_sr_rgb_sh0,30.163587070163963,30.163587070163963,30.309652556104766,28.411482217395942,28.491558444822328,30.173247822211707,30.31997156311721,28.40087791743983,28.480837463921624,0.8592301976680755,0.8190449512004853,0.8591870892047883,0.8187964862585068,val
2026-03-10 18:25:30,s1_fp32,345,0.0004535250695353039,0.02191023211926222,psnr_sr_rgb_sh0,30.164194904031202,30.164194904031202,30.310140511653014,28.411482217395942,28.491558444822328,30.173866433698734,30.3204874622355,28.40087791743983,28.480837463921624,0.8592492741346359,0.8190449512004853,0.8592060834169388,0.8187964862585068,val
2026-03-10 18:26:14,s1_fp32,346,0.0004506295834481561,0.022517415918409823,psnr_sr_rgb_sh0,30.16442108574584,30.16442108574584,30.31028847986395,28.411482217395942,28.491558444822328,30.174057468467176,30.32057925791487,28.40087791743983,28.480837463921624,0.8592582613229751,0.8190449512004853,0.859214860200882,0.8187964862585068,val
2026-03-10 18:26:59,s1_fp32,347,0.00044773576836617336,0.022305943574756383,psnr_sr_rgb_sh0,30.165678918638186,30.165678918638186,30.311482323566853,28.411482217395942,28.491558444822328,30.175290642686004,30.32175230547416,28.40087791743983,28.480837463921624,0.8592801773548127,0.8190449512004853,0.859236724972725,0.8187964862585068,val
2026-03-10 18:27:43,s1_fp32,348,0.00044484372223424414,0.022574248369783164,psnr_sr_rgb_sh0,30.16709992699228,30.16709992699228,30.312903758314686,28.411482217395942,28.491558444822328,30.176619651612395,30.32309055073313,28.40087791743983,28.480837463921624,0.8593064790964127,0.8190449512004853,0.8592626422643661,0.8187964862585068,val
2026-03-10 18:28:28,s1_fp32,349,0.0004419535429373848,0.0217418890632689,psnr_sr_rgb_sh0,30.167457220338466,30.167457220338466,30.313217878518444,28.411482217395942,28.491558444822328,30.17697220635692,30.323399830532313,28.40087791743983,28.480837463921624,0.8593211036920547,0.8190449512004853,0.8592771261930465,0.8187964862585068,val
2026-03-10 18:29:12,s1_fp32,350,0.00043906532829742634,0.021959573682397603,psnr_sr_rgb_sh0,30.167979777233267,30.167979777233267,30.313643193077176,28.411482217395942,28.491558444822328,30.177493381510388,30.323851831865028,28.40087791743983,28.480837463921624,0.8593394374847412,0.8190449512004853,0.8592952609062194,0.8187964862585068,val
2026-03-10 18:29:56,s1_fp32,351,0.0004361791760697027,0.021976115088909863,psnr_sr_rgb_sh0,30.168828191094267,30.168828191094267,30.31434243322346,28.411482217395942,28.491558444822328,30.178344210886962,30.324558594726522,28.40087791743983,28.480837463921624,0.8593586623668671,0.8190449512004853,0.8593144863843918,0.8187964862585068,val
2026-03-10 18:30:42,s1_fp32,352,0.00043329518393974364,0.022430784460157158,psnr_sr_rgb_sh0,30.168750824116156,30.168750824116156,30.314174300131043,28.411482217395942,28.491558444822328,30.17824692435504,30.324383017333037,28.40087791743983,28.480837463921624,0.8593671327829361,0.8190449512004853,0.8593227458000183,0.8187964862585068,val
2026-03-10 18:31:28,s1_fp32,353,0.0004304134495199674,0.022674520816653967,psnr_sr_rgb_sh0,30.169274474925743,30.169274474925743,30.314309007845765,28.411482217395942,28.491558444822328,30.178715233053612,30.324483576942857,28.40087791743983,28.480837463921624,0.8593716794252395,0.8190449512004853,0.8593270319700241,0.8187964862585068,val
2026-03-10 18:32:13,s1_fp32,354,0.0004275340703463767,0.021850238423794507,psnr_sr_rgb_sh0,30.170160197187393,30.170160197187393,30.315292115301148,28.411482217395942,28.491558444822328,30.179540706344486,30.325389748763254,28.40087791743983,28.480837463921624,0.8593861234188079,0.8190449512004853,0.8593414121866226,0.8187964862585068,val
2026-03-10 18:32:58,s1_fp32,355,0.00042465714387525844,0.022457828260958195,psnr_sr_rgb_sh0,30.17028865344106,30.17028865344106,30.315659281606443,28.411482217395942,28.491558444822328,30.179663895025875,30.325743187733437,28.40087791743983,28.480837463921624,0.8593865728378296,0.8190449512004853,0.8593418872356415,0.8187964862585068,val
2026-03-10 18:33:44,s1_fp32,356,0.0004217827674798845,0.02232777699828148,psnr_sr_rgb_sh0,30.170749060937293,30.170749060937293,30.316042468124447,28.411482217395942,28.491558444822328,30.180122161879023,30.32612231253117,28.40087791743983,28.480837463921624,0.859401729106903,0.8190449512004853,0.8593569368124008,0.8187964862585068,val
2026-03-10 18:34:28,s1_fp32,357,0.00041891103844721633,0.022469445280730724,psnr_sr_rgb_sh0,30.170866971169083,30.170866971169083,30.31590398904772,28.411482217395942,28.491558444822328,30.18023549529607,30.32601713217437,28.40087791743983,28.480837463921624,0.8594091039896011,0.8190449512004853,0.8593642085790634,0.8187964862585068,val
2026-03-10 18:35:14,s1_fp32,358,0.0004160420539746115,0.022648828625679015,psnr_sr_rgb_sh0,30.171217333575598,30.171217333575598,30.31620756435668,28.411482217395942,28.491558444822328,30.180557882439686,30.326285878807283,28.40087791743983,28.480837463921624,0.8594218671321869,0.8190449512004853,0.8593767786026001,0.8187964862585068,val
2026-03-10 18:36:00,s1_fp32,359,0.00041317591116653486,0.022943825386464597,psnr_sr_rgb_sh0,30.172426466009576,30.172426466009576,30.317482489139135,28.411482217395942,28.491558444822328,30.181664226335425,30.327453476619265,28.40087791743983,28.480837463921624,0.8594357579946518,0.8190449512004853,0.8593905675411224,0.8187964862585068,val
2026-03-10 18:36:45,s1_fp32,360,0.0004103127070312713,0.022985351905226707,psnr_sr_rgb_sh0,30.172135268947144,30.172135268947144,30.317133201409494,28.411482217395942,28.491558444822328,30.181472312661175,30.32723138686947,28.40087791743983,28.480837463921624,0.8594255995750427,0.8190449512004853,0.8593807327747345,0.8187964862585068,val
2026-03-10 18:37:30,s1_fp32,361,0.0004074525384776428,0.022489591762423516,psnr_sr_rgb_sh0,30.172599378017978,30.172599378017978,30.317861021871167,28.411482217395942,28.491558444822328,30.181931379611456,30.327944209913383,28.40087791743983,28.480837463921624,0.859432145357132,0.8190449512004853,0.8593873089551926,0.8187964862585068,val
2026-03-10 18:38:16,s1_fp32,362,0.0004045955023117276,0.022306241169571875,psnr_sr_rgb_sh0,30.172755814806496,30.172755814806496,30.317836258077186,28.411482217395942,28.491558444822328,30.18208911042726,30.327920816826072,28.40087791743983,28.480837463921624,0.8594449746608734,0.8190449512004853,0.8594000047445297,0.8187964862585068,val
2026-03-10 18:39:01,s1_fp32,363,0.0004017416952335849,0.022531623989343642,psnr_sr_rgb_sh0,30.173416508921118,30.173416508921118,30.318376086773974,28.411482217395942,28.491558444822328,30.18273364432373,30.328463513120827,28.40087791743983,28.480837463921624,0.8594621342420578,0.8190449512004853,0.8594173616170884,0.8187964862585068,val
2026-03-10 18:39:46,s1_fp32,364,0.00039889121383398113,0.022704952303320168,psnr_sr_rgb_sh0,30.17349454591463,30.17349454591463,30.31825754195374,28.411482217395942,28.491558444822328,30.182855446632974,30.328367492971573,28.40087791743983,28.480837463921624,0.8594724357128143,0.8190449512004853,0.8594275420904159,0.8187964862585068,val
2026-03-10 18:40:30,s1_fp32,365,0.0003960441545911204,0.022536955233663322,psnr_sr_rgb_sh0,30.174108546155516,30.174108546155516,30.318945192333832,28.411482217395942,28.491558444822328,30.183444790735997,30.32902419242287,28.40087791743983,28.480837463921624,0.8594819962978363,0.8190449512004853,0.8594370299577713,0.8187964862585068,val
2026-03-10 18:41:16,s1_fp32,366,0.00039320061386738007,0.021902094446122646,psnr_sr_rgb_sh0,30.174834218736592,30.174834218736592,30.319391077743518,28.411482217395942,28.491558444822328,30.1841945520144,30.329509909176224,28.40087791743983,28.480837463921624,0.8594989031553268,0.8190449512004853,0.8594539088010787,0.8187964862585068,val
2026-03-10 18:42:00,s1_fp32,367,0.0003903606879060483,0.02150396302342415,psnr_sr_rgb_sh0,30.17480263898523,30.17480263898523,30.319363962686317,28.411482217395942,28.491558444822328,30.184161604032642,30.329472862160742,28.40087791743983,28.480837463921624,0.8595070207118988,0.8190449512004853,0.8594619083404541,0.8187964862585068,val
2026-03-10 18:42:44,s1_fp32,368,0.0003875244728280676,0.023654786050319673,psnr_sr_rgb_sh0,30.17583062806926,30.17583062806926,30.32040737638189,28.411482217395942,28.491558444822328,30.18510199919347,30.330422463810397,28.40087791743983,28.480837463921624,0.8595223945379257,0.8190449512004853,0.8594770669937134,0.8187964862585068,val
2026-03-10 18:43:29,s1_fp32,369,0.00038469206462877993,0.022501873057335614,psnr_sr_rgb_sh0,30.176483804155836,30.176483804155836,30.320915923662415,28.411482217395942,28.491558444822328,30.185725453273054,30.330890900725457,28.40087791743983,28.480837463921624,0.8595337516069412,0.8190449512004853,0.859488337635994,0.8187964862585068,val
2026-03-10 18:44:13,s1_fp32,370,0.0003818635591746793,0.02242361653596163,psnr_sr_rgb_sh0,30.176833147160615,30.176833147160615,30.32133698915199,28.411482217395942,28.491558444822328,30.18608834741927,30.331324030660486,28.40087791743983,28.480837463921624,0.8595471161603928,0.8190449512004853,0.8595016950368881,0.8187964862585068,val
2026-03-10 18:44:58,s1_fp32,371,0.0003790390522001662,0.022075336258858443,psnr_sr_rgb_sh0,30.177575305042506,30.177575305042506,30.32177346417749,28.411482217395942,28.491558444822328,30.18680797577974,30.331725405294414,28.40087791743983,28.480837463921624,0.8595662021636963,0.8190449512004853,0.8595205968618393,0.8187964862585068,val
2026-03-10 18:45:42,s1_fp32,372,0.00037621863930430713,0.022941107265651225,psnr_sr_rgb_sh0,30.177955765364622,30.177955765364622,30.322400086704455,28.411482217395942,28.491558444822328,30.18718190742998,30.332334602449595,28.40087791743983,28.480837463921624,0.8595776879787445,0.8190449512004853,0.8595320332050324,0.8187964862585068,val
2026-03-10 18:46:28,s1_fp32,373,0.00037340241594759917,0.022706629801541568,psnr_sr_rgb_sh0,30.178132023357467,30.178132023357467,30.32215769771909,28.411482217395942,28.491558444822328,30.18735136120488,30.332095797820738,28.40087791743983,28.480837463921624,0.8595833057165145,0.8190449512004853,0.8595375680923462,0.8187964862585068,val
2026-03-10 18:47:13,s1_fp32,374,0.0003705904774487396,0.02256561439484358,psnr_sr_rgb_sh0,30.179228605487737,30.179228605487737,30.32327900315652,28.411482217395942,28.491558444822328,30.188432477479626,30.333208795556384,28.40087791743983,28.480837463921624,0.859600630402565,0.8190449512004853,0.8595550405979157,0.8187964862585068,val
2026-03-10 18:47:58,s1_fp32,375,0.00036778291898139905,0.022596240863204,psnr_sr_rgb_sh0,30.179996083613382,30.179996083613382,30.32401700327583,28.411482217395942,28.491558444822328,30.18916594402518,30.33388799021649,28.40087791743983,28.480837463921624,0.8596181142330169,0.8190449512004853,0.859572371840477,0.8187964862585068,val
2026-03-10 18:48:43,s1_fp32,376,0.0003649798355709997,0.022147247474640606,psnr_sr_rgb_sh0,30.17977138254569,30.17977138254569,30.323843259235765,28.411482217395942,28.491558444822328,30.1889500399184,30.333716992596624,28.40087791743983,28.480837463921624,0.8596254271268845,0.8190449512004853,0.8595795112848282,0.8187964862585068,val
2026-03-10 18:49:29,s1_fp32,377,0.00036218132209150044,0.02234739150851965,psnr_sr_rgb_sh0,30.180420038132002,30.180420038132002,30.324313818665097,28.411482217395942,28.491558444822328,30.189594254460914,30.33419544897408,28.40087791743983,28.480837463921624,0.8596397411823272,0.8190449512004853,0.8595937252044678,0.8187964862585068,val
2026-03-10 18:50:14,s1_fp32,378,0.00035938747326218467,0.02221110401675105,psnr_sr_rgb_sh0,30.18123299298231,30.18123299298231,30.324991615585226,28.411482217395942,28.491558444822328,30.19038719055823,30.33487903813557,28.40087791743983,28.480837463921624,0.8596581828594207,0.8190449512004853,0.8596120285987854,0.8187964862585068,val
2026-03-10 18:50:59,s1_fp32,379,0.00035659838364445503,0.02225573182106018,psnr_sr_rgb_sh0,30.181812193728256,30.181812193728256,30.325577156149325,28.411482217395942,28.491558444822328,30.190923707171468,30.335405724895605,28.40087791743983,28.480837463921624,0.8596744042634964,0.8190449512004853,0.8596280229091644,0.8187964862585068,val
2026-03-10 18:51:44,s1_fp32,380,0.00035381414763863166,0.02257992472499609,psnr_sr_rgb_sh0,30.182316044396643,30.182316044396643,30.32619194175771,28.411482217395942,28.491558444822328,30.191432237843422,30.336033744082258,28.40087791743983,28.480837463921624,0.8596844285726547,0.8190449512004853,0.8596380150318146,0.8187964862585068,val
2026-03-10 18:52:29,s1_fp32,381,0.000351034859480759,0.022844888381659986,psnr_sr_rgb_sh0,30.18346258159218,30.18346258159218,30.327355998911095,28.411482217395942,28.491558444822328,30.19249322483141,30.3370987603474,28.40087791743983,28.480837463921624,0.8596988999843598,0.8190449512004853,0.859652573466301,0.8187964862585068,val
2026-03-10 18:53:14,s1_fp32,382,0.00034826061323941484,0.02256037646904588,psnr_sr_rgb_sh0,30.183409242229974,30.183409242229974,30.327113354250542,28.411482217395942,28.491558444822328,30.19250060153718,30.3369541823586,28.40087791743983,28.480837463921624,0.859707778096199,0.8190449512004853,0.8596612721681595,0.8187964862585068,val
2026-03-10 18:53:59,s1_fp32,383,0.00034549150281252633,0.022092153131961823,psnr_sr_rgb_sh0,30.183772408857244,30.183772408857244,30.327562508781046,28.411482217395942,28.491558444822328,30.192842375806446,30.337376126305475,28.40087791743983,28.480837463921624,0.8597161841392517,0.8190449512004853,0.8596695280075073,0.8187964862585068,val
2026-03-10 18:54:44,s1_fp32,384,0.00034272762192419327,0.022473438419401647,psnr_sr_rgb_sh0,30.184220607665928,30.184220607665928,30.327939756702786,28.411482217395942,28.491558444822328,30.193254442493522,30.33770911371563,28.40087791743983,28.480837463921624,0.8597286421060563,0.8190449512004853,0.8596818155050278,0.8187964862585068,val
2026-03-10 18:55:29,s1_fp32,385,0.00033996906412151417,0.022861675657331944,psnr_sr_rgb_sh0,30.18454235059188,30.18454235059188,30.328092912347127,28.411482217395942,28.491558444822328,30.193575089132842,30.337878293917978,28.40087791743983,28.480837463921624,0.8597305834293365,0.8190449512004853,0.8596836602687836,0.8187964862585068,val
2026-03-10 18:56:14,s1_fp32,386,0.00033721592277142175,0.021405412163585425,psnr_sr_rgb_sh0,30.184911319757155,30.184911319757155,30.328555416107665,28.411482217395942,28.491558444822328,30.193913359282288,30.338322694325576,28.40087791743983,28.480837463921624,0.85973253428936,0.8190449512004853,0.8596856546401977,0.8187964862585068,val
2026-03-10 18:56:59,s1_fp32,387,0.000334468291057521,0.0229100389406085,psnr_sr_rgb_sh0,30.185433070451598,30.185433070451598,30.329027006103512,28.411482217395942,28.491558444822328,30.19442477998509,30.338778650319355,28.40087791743983,28.480837463921624,0.8597449028491974,0.8190449512004853,0.8596980935335159,0.8187964862585068,val
2026-03-10 18:57:44,s1_fp32,388,0.0003317262619769368,0.02258181281387806,psnr_sr_rgb_sh0,30.185650506624114,30.185650506624114,30.32927110611592,28.411482217395942,28.491558444822328,30.194679615479853,30.339084862375284,28.40087791743983,28.480837463921624,0.8597469025850296,0.8190449512004853,0.8597000753879547,0.8187964862585068,val
2026-03-10 18:58:29,s1_fp32,389,0.0003289899283371657,0.02215175773948431,psnr_sr_rgb_sh0,30.185866176170226,30.185866176170226,30.329405220714452,28.411482217395942,28.491558444822328,30.194935342180006,30.339268659424658,28.40087791743983,28.480837463921624,0.8597585332393646,0.8190449512004853,0.85971171438694,0.8187964862585068,val
2026-03-10 18:59:15,s1_fp32,390,0.0003262593827529343,0.022420865222811698,psnr_sr_rgb_sh0,30.186538995686583,30.186538995686583,30.33010303377358,28.411482217395942,28.491558444822328,30.195594780767745,30.339946360524262,28.40087791743983,28.480837463921624,0.8597748619318009,0.8190449512004853,0.859727891087532,0.8187964862585068,val
2026-03-10 19:00:00,s1_fp32,391,0.00032353471764306563,0.023004988115280865,psnr_sr_rgb_sh0,30.186838966398764,30.186838966398764,30.33021198014519,28.411482217395942,28.491558444822328,30.195918770499183,30.340077091501694,28.40087791743983,28.480837463921624,0.8597805339097977,0.8190449512004853,0.8597336679697036,0.8187964862585068,val
2026-03-10 19:00:45,s1_fp32,392,0.00032081602522734986,0.022042581886053084,psnr_sr_rgb_sh0,30.187491671567482,30.187491671567482,30.33084025198286,28.411482217395942,28.491558444822328,30.196530068737644,30.340667654249,28.40087791743983,28.480837463921624,0.8598022544384003,0.8190449512004853,0.8597550970315934,0.8187964862585068,val
2026-03-10 19:01:31,s1_fp32,393,0.0003181033975234244,0.023031528554856778,psnr_sr_rgb_sh0,30.187826903432036,30.187826903432036,30.330998751822822,28.411482217395942,28.491558444822328,30.196840823187653,30.340804460741143,28.40087791743983,28.480837463921624,0.8598110789060592,0.8190449512004853,0.8597639369964599,0.8187964862585068,val
2026-03-10 19:02:16,s1_fp32,394,0.00031539692634365783,0.02174600964412093,psnr_sr_rgb_sh0,30.187865484314816,30.187865484314816,30.331020984869088,28.411482217395942,28.491558444822328,30.196913602831483,30.34087506749846,28.40087791743983,28.480837463921624,0.8598193544149398,0.8190449512004853,0.859772065281868,0.8187964862585068,val
2026-03-10 19:03:01,s1_fp32,395,0.00031269670329204396,0.021785261947661637,psnr_sr_rgb_sh0,30.188085508062805,30.188085508062805,30.331320574656573,28.411482217395942,28.491558444822328,30.197132447070317,30.341159872907735,28.40087791743983,28.480837463921624,0.8598288214206695,0.8190449512004853,0.8597815144062042,0.8187964862585068,val
2026-03-10 19:03:46,s1_fp32,396,0.00031000281976110056,0.022048850376158953,psnr_sr_rgb_sh0,30.188420743835813,30.188420743835813,30.331677999996806,28.411482217395942,28.491558444822328,30.197475756447684,30.341524154036456,28.40087791743983,28.480837463921624,0.8598357272148133,0.8190449512004853,0.8597884094715118,0.8187964862585068,val
2026-03-10 19:04:31,s1_fp32,397,0.00030731536692877595,0.022846292071044445,psnr_sr_rgb_sh0,30.189126352363246,30.189126352363246,30.332356766548838,28.411482217395942,28.491558444822328,30.198153045448407,30.342174521812108,28.40087791743983,28.480837463921624,0.8598500955104827,0.8190449512004853,0.8598027038574219,0.8187964862585068,val
2026-03-10 19:05:15,s1_fp32,398,0.0003046344357553632,0.02194535415619612,psnr_sr_rgb_sh0,30.18987807268776,30.18987807268776,30.333057430609134,28.411482217395942,28.491558444822328,30.198842372831223,30.342813814371382,28.40087791743983,28.480837463921624,0.8598623985052108,0.8190449512004853,0.8598150897026062,0.8187964862585068,val
2026-03-10 19:06:01,s1_fp32,399,0.0003019601169804216,0.022671190034598113,psnr_sr_rgb_sh0,30.190220997200417,30.190220997200417,30.33342227067259,28.411482217395942,28.491558444822328,30.199143267167184,30.34312306926011,28.40087791743983,28.480837463921624,0.8598722910881043,0.8190449512004853,0.859824845790863,0.8187964862585068,val
2026-03-10 19:06:46,s1_fp32,400,0.0002992925011197053,0.02258585538715124,psnr_sr_rgb_sh0,30.190703292675106,30.190703292675106,30.333878199970957,28.411482217395942,28.491558444822328,30.199602441241694,30.343538301931584,28.40087791743983,28.480837463921624,0.859887745976448,0.8190449512004853,0.8598400968313217,0.8187964862585068,val
2026-03-10 19:07:31,s1_fp32,401,0.0002966316784621,0.0219903970323503,psnr_sr_rgb_sh0,30.191292024554006,30.191292024554006,30.334363116668793,28.411482217395942,28.491558444822328,30.20015281470856,30.343994516369527,28.40087791743983,28.480837463921624,0.8599010175466537,0.8190449512004853,0.8598533058166504,0.8187964862585068,val
2026-03-10 19:08:17,s1_fp32,402,0.0002939777390665658,0.021918221116065978,psnr_sr_rgb_sh0,30.191757905649528,30.191757905649528,30.334831889896492,28.411482217395942,28.491558444822328,30.200603427763,30.34444934421143,28.40087791743983,28.480837463921624,0.8599111980199814,0.8190449512004853,0.8598634672164917,0.8187964862585068,val
2026-03-10 19:09:02,s1_fp32,403,0.0002913307727590911,0.02204152775928378,psnr_sr_rgb_sh0,30.19230536615278,30.19230536615278,30.33536212041921,28.411482217395942,28.491558444822328,30.201104015961782,30.344937627065725,28.40087791743983,28.480837463921624,0.8599256211519242,0.8190449512004853,0.859877638220787,0.8187964862585068,val
2026-03-10 19:09:48,s1_fp32,404,0.0002886908691296504,0.02290023263543844,psnr_sr_rgb_sh0,30.192675631639403,30.192675631639403,30.335781175480403,28.411482217395942,28.491558444822328,30.201426185669153,30.345270614376957,28.40087791743983,28.480837463921624,0.8599345886707306,0.8190449512004853,0.8598863542079925,0.8187964862585068,val
2026-03-10 19:10:33,s1_fp32,405,0.000286058117529173,0.021834522541612385,psnr_sr_rgb_sh0,30.192879870790993,30.192879870790993,30.335969899048386,28.411482217395942,28.491558444822328,30.201597587910992,30.34543302123729,28.40087791743983,28.480837463921624,0.8599431228637695,0.8190449512004853,0.8598947978019714,0.8187964862585068,val
2026-03-10 19:11:17,s1_fp32,406,0.00028343260706651866,0.02243937652558088,psnr_sr_rgb_sh0,30.19344840539489,30.19344840539489,30.33633843214941,28.411482217395942,28.491558444822328,30.20215791220342,30.345807968168828,28.40087791743983,28.480837463921624,0.8599544185400009,0.8190449512004853,0.8599059450626373,0.8187964862585068,val
2026-03-10 19:12:02,s1_fp32,407,0.00028081442660546124,0.021811208091676235,psnr_sr_rgb_sh0,30.193700440780628,30.193700440780628,30.336373317966377,28.411482217395942,28.491558444822328,30.202426997359566,30.345889799022046,28.40087791743983,28.480837463921624,0.8599623656272888,0.8190449512004853,0.8599139875173569,0.8187964862585068,val
2026-03-10 19:12:47,s1_fp32,408,0.00027820366476168226,0.022417782060801982,psnr_sr_rgb_sh0,30.19384830043492,30.19384830043492,30.336712437429487,28.411482217395942,28.491558444822328,30.202600627004458,30.346262056421455,28.40087791743983,28.480837463921624,0.8599720376729966,0.8190449512004853,0.8599235510826111,0.8187964862585068,val
2026-03-10 19:13:32,s1_fp32,409,0.00027560040989976894,0.022365202587097885,psnr_sr_rgb_sh0,30.194147816068362,30.194147816068362,30.336983224176194,28.411482217395942,28.491558444822328,30.20291806147129,30.346550947966435,28.40087791743983,28.480837463921624,0.8599773985147476,0.8190449512004853,0.8599290436506272,0.8187964862585068,val
2026-03-10 19:14:16,s1_fp32,410,0.00027300475013022663,0.022719251997768877,psnr_sr_rgb_sh0,30.194880013881843,30.194880013881843,30.33758604972609,28.411482217395942,28.491558444822328,30.203620322139066,30.3471308736984,28.40087791743983,28.480837463921624,0.8599862611293793,0.8190449512004853,0.8599378103017807,0.8187964862585068,val
2026-03-10 19:15:04,s1_fp32,411,0.0002704167733064941,0.02233245551586151,psnr_sr_rgb_sh0,30.1945897573339,30.1945897573339,30.33723159984655,28.411482217395942,28.491558444822328,30.203373630501172,30.346836039696385,28.40087791743983,28.480837463921624,0.8599890583753586,0.8190449512004853,0.8599403339624405,0.8187964862585068,val
2026-03-10 19:15:48,s1_fp32,412,0.00026783656702197156,0.021430211905390024,psnr_sr_rgb_sh0,30.19504311782579,30.19504311782579,30.337552052882174,28.411482217395942,28.491558444822328,30.203764805339162,30.347108243225502,28.40087791743983,28.480837463921624,0.8599957168102265,0.8190449512004853,0.8599469786882401,0.8187964862585068,val
2026-03-10 19:16:32,s1_fp32,413,0.00026526421860705474,0.02230558153241873,psnr_sr_rgb_sh0,30.19530231917289,30.19530231917289,30.337757729034475,28.411482217395942,28.491558444822328,30.204023604772225,30.347325603710438,28.40087791743983,28.480837463921624,0.860006320476532,0.8190449512004853,0.8599575936794281,0.8187964862585068,val
2026-03-10 19:17:16,s1_fp32,414,0.0002626998151261798,0.0225073803588748,psnr_sr_rgb_sh0,30.19601073979665,30.19601073979665,30.338403896376914,28.411482217395942,28.491558444822328,30.204695062075178,30.34794882326191,28.40087791743983,28.480837463921624,0.8600217825174332,0.8190449512004853,0.8599728816747665,0.8187964862585068,val
2026-03-10 19:17:59,s1_fp32,415,0.0002601434433748771,0.02241696957498789,psnr_sr_rgb_sh0,30.196448919029784,30.196448919029784,30.338833201744528,28.411482217395942,28.491558444822328,30.20512674209538,30.348350128988415,28.40087791743983,28.480837463921624,0.8600305634737014,0.8190449512004853,0.8599816602468491,0.8187964862585068,val
2026-03-10 19:18:42,s1_fp32,416,0.0002575951898768315,0.02176922919228673,psnr_sr_rgb_sh0,30.196721582561082,30.196721582561082,30.33910449367009,28.411482217395942,28.491558444822328,30.20542740256602,30.34864811451015,28.40087791743983,28.480837463921624,0.8600374114513397,0.8190449512004853,0.8599884521961212,0.8187964862585068,val
2026-03-10 19:19:26,s1_fp32,417,0.00025505514088095655,0.02166472911834717,psnr_sr_rgb_sh0,30.197065773196343,30.197065773196343,30.339344253460023,28.411482217395942,28.491558444822328,30.205731199507632,30.348855885422232,28.40087791743983,28.480837463921624,0.860042091012001,0.8190449512004853,0.8599930429458618,0.8187964862585068,val
2026-03-10 19:20:10,s1_fp32,418,0.000252523382358473,0.02242604598402977,psnr_sr_rgb_sh0,30.196989221713412,30.196989221713412,30.339167528941537,28.411482217395942,28.491558444822328,30.205689915098603,30.348735240833072,28.40087791743983,28.480837463921624,0.8600412911176681,0.8190449512004853,0.8599921500682831,0.8187964862585068,val
2026-03-10 19:20:54,s1_fp32,419,0.0002500000000000001,0.022418440263718368,psnr_sr_rgb_sh0,30.197393180820555,30.197393180820555,30.33956463865966,28.411482217395942,28.491558444822328,30.206080949771323,30.349111785507052,28.40087791743983,28.480837463921624,0.8600478672981262,0.8190449512004853,0.8599987727403641,0.8187964862585068,val
2026-03-10 19:21:38,s1_fp32,420,0.00024748507921265513,0.022092227581888436,psnr_sr_rgb_sh0,30.197653817015066,30.197653817015066,30.339837642230492,28.411482217395942,28.491558444822328,30.20630898057475,30.349354397642223,28.40087791743983,28.480837463921624,0.8600565552711487,0.8190449512004853,0.8600072330236435,0.8187964862585068,val
2026-03-10 19:22:22,s1_fp32,421,0.0002449787051171624,0.022650529555976393,psnr_sr_rgb_sh0,30.19844719124126,30.19844719124126,30.34049765012763,28.411482217395942,28.491558444822328,30.20707130498573,30.34998782156326,28.40087791743983,28.480837463921624,0.860070977807045,0.8190449512004853,0.8600215309858322,0.8187964862585068,val
2026-03-10 19:23:06,s1_fp32,422,0.00024248096254497287,0.021930586844682694,psnr_sr_rgb_sh0,30.198825220618115,30.198825220618115,30.34074355691965,28.411482217395942,28.491558444822328,30.207467682192085,30.35026589421038,28.40087791743983,28.480837463921624,0.860085569024086,0.8190449512004853,0.8600359815359115,0.8187964862585068,val
2026-03-10 19:23:49,s1_fp32,423,0.00023999193603539232,0.022289173565804957,psnr_sr_rgb_sh0,30.199257857324465,30.199257857324465,30.34106760152984,28.411482217395942,28.491558444822328,30.207872385245963,30.35057392213303,28.40087791743983,28.480837463921624,0.8601008814573288,0.8190449512004853,0.8600511538982392,0.8187964862585068,val
2026-03-10 19:24:34,s1_fp32,424,0.00023751170983271996,0.0223494291305542,psnr_sr_rgb_sh0,30.19959795073672,30.19959795073672,30.341365944473413,28.411482217395942,28.491558444822328,30.20819516221988,30.350854303199228,28.40087791743983,28.480837463921624,0.8601143109798431,0.8190449512004853,0.8600644952058792,0.8187964862585068,val
2026-03-10 19:25:17,s1_fp32,425,0.0002350403678833976,0.02166559437289834,psnr_sr_rgb_sh0,30.199611757064925,30.199611757064925,30.341370365518607,28.411482217395942,28.491558444822328,30.208185779461214,30.35083668596549,28.40087791743983,28.480837463921624,0.8601138800382614,0.8190449512004853,0.8600638771057129,0.8187964862585068,val
2026-03-10 19:26:01,s1_fp32,426,0.00023257799383316798,0.02222567729651928,psnr_sr_rgb_sh0,30.20009489763256,30.20009489763256,30.341890667977765,28.411482217395942,28.491558444822328,30.208614569791333,30.351295468278717,28.40087791743983,28.480837463921624,0.8601236718893052,0.8190449512004853,0.8600735557079315,0.8187964862585068,val
2026-03-10 19:26:45,s1_fp32,427,0.00023012467102424372,0.02265507746487856,psnr_sr_rgb_sh0,30.200504468587575,30.200504468587575,30.342428767613733,28.411482217395942,28.491558444822328,30.20901280475388,30.351795956356618,28.40087791743983,28.480837463921624,0.8601330703496933,0.8190449512004853,0.8600827884674073,0.8187964862585068,val
2026-03-10 19:27:29,s1_fp32,428,0.00022768048249248646,0.023096641078591346,psnr_sr_rgb_sh0,30.200663683079938,30.200663683079938,30.342496926999356,28.411482217395942,28.491558444822328,30.20917298886478,30.351876463966637,28.40087791743983,28.480837463921624,0.8601392191648484,0.8190449512004853,0.8600889307260513,0.8187964862585068,val
2026-03-10 19:28:12,s1_fp32,429,0.000225245510964597,0.022431481406092645,psnr_sr_rgb_sh0,30.20132927196724,30.20132927196724,30.34326459839352,28.411482217395942,28.491558444822328,30.209760914650932,30.352542357069446,28.40087791743983,28.480837463921624,0.8601508617401123,0.8190449512004853,0.8601004964113236,0.8187964862585068,val
2026-03-10 19:28:56,s1_fp32,430,0.00022281983885531425,0.02218781679868698,psnr_sr_rgb_sh0,30.201534989324625,30.201534989324625,30.34340770632235,28.411482217395942,28.491558444822328,30.209972557440107,30.352702364686664,28.40087791743983,28.480837463921624,0.8601557433605194,0.8190449512004853,0.8601052993535996,0.8187964862585068,val
2026-03-10 19:29:39,s1_fp32,431,0.00022040354826462666,0.02199368763715029,psnr_sr_rgb_sh0,30.201564069555694,30.201564069555694,30.3434049175589,28.411482217395942,28.491558444822328,30.210063273570555,30.35279110231577,28.40087791743983,28.480837463921624,0.8601611036062241,0.8190449512004853,0.8601106250286102,0.8187964862585068,val
2026-03-10 19:30:23,s1_fp32,432,0.0002179967209749929,0.021745977699756624,psnr_sr_rgb_sh0,30.201716364087066,30.201716364087066,30.343547128773313,28.411482217395942,28.491558444822328,30.21017103310212,30.35287255184915,28.40087791743983,28.480837463921624,0.8601716196537018,0.8190449512004853,0.8601209807395935,0.8187964862585068,val
2026-03-10 19:31:07,s1_fp32,433,0.0002155994384485742,0.022457911279052497,psnr_sr_rgb_sh0,30.202099230993532,30.202099230993532,30.34391196905869,28.411482217395942,28.491558444822328,30.210518570967224,30.3531900301373,28.40087791743983,28.480837463921624,0.8601830452680588,0.8190449512004853,0.8601321876049042,0.8187964862585068,val
2026-03-10 19:31:51,s1_fp32,434,0.00021321178182447708,0.022846359349787234,psnr_sr_rgb_sh0,30.202608381489437,30.202608381489437,30.344376509199943,28.411482217395942,28.491558444822328,30.21099584022867,30.353633347893773,28.40087791743983,28.480837463921624,0.8601944530010224,0.8190449512004853,0.8601435393095016,0.8187964862585068,val
2026-03-10 19:32:35,s1_fp32,435,0.00021083383191600674,0.02202359024435282,psnr_sr_rgb_sh0,30.202793757247186,30.202793757247186,30.344403589315355,28.411482217395942,28.491558444822328,30.211157261907328,30.353647988262217,28.40087791743983,28.480837463921624,0.8602007788419723,0.8190449512004853,0.8601497399806977,0.8187964862585068,val
2026-03-10 19:33:18,s1_fp32,436,0.00020846566920793263,0.02185179363936186,psnr_sr_rgb_sh0,30.20348010265017,30.20348010265017,30.3450885968163,28.411482217395942,28.491558444822328,30.21177941648492,30.354263938181976,28.40087791743983,28.480837463921624,0.8602162289619446,0.8190449512004853,0.8601649916172027,0.8187964862585068,val
2026-03-10 19:34:02,s1_fp32,437,0.00020610737385376348,0.0222881792858243,psnr_sr_rgb_sh0,30.20377694369168,30.20377694369168,30.345388343359264,28.411482217395942,28.491558444822328,30.212073689756618,30.354558684001887,28.40087791743983,28.480837463921624,0.8602256202697753,0.8190449512004853,0.8601743674278259,0.8187964862585068,val
2026-03-10 19:34:46,s1_fp32,438,0.00020375902567303471,0.022007073014974593,psnr_sr_rgb_sh0,30.203849952544807,30.203849952544807,30.34551647272606,28.411482217395942,28.491558444822328,30.212168432906704,30.354711658016182,28.40087791743983,28.480837463921624,0.8602353459596634,0.8190449512004853,0.860183801651001,0.8187964862585068,val
2026-03-10 19:35:30,s1_fp32,439,0.00020142070414860702,0.022242296189069748,psnr_sr_rgb_sh0,30.20406566884983,30.20406566884983,30.345567576784433,28.411482217395942,28.491558444822328,30.212368519288162,30.354768286204084,28.40087791743983,28.480837463921624,0.860240667462349,0.8190449512004853,0.860189043879509,0.8187964862585068,val
2026-03-10 19:36:13,s1_fp32,440,0.00019909248842397582,0.02201148448511958,psnr_sr_rgb_sh0,30.204217106952683,30.204217106952683,30.34585236190408,28.411482217395942,28.491558444822328,30.21249847028452,30.355012050855425,28.40087791743983,28.480837463921624,0.8602431505918503,0.8190449512004853,0.8601914006471634,0.8187964862585068,val
2026-03-10 19:36:57,s1_fp32,441,0.00019677445730059345,0.022212966848164796,psnr_sr_rgb_sh0,30.204461227040095,30.204461227040095,30.34606880487156,28.411482217395942,28.491558444822328,30.212728629017764,30.355218036052158,28.40087791743983,28.480837463921624,0.8602477049827576,0.8190449512004853,0.8601958918571472,0.8187964862585068,val
2026-03-10 19:37:41,s1_fp32,442,0.0001944666892352001,0.02256302984431386,psnr_sr_rgb_sh0,30.20502555035361,30.20502555035361,30.34660544903175,28.411482217395942,28.491558444822328,30.21325179002979,30.355719715181653,28.40087791743983,28.480837463921624,0.8602552771568298,0.8190449512004853,0.8602033698558808,0.8187964862585068,val
2026-03-10 19:38:25,s1_fp32,443,0.00019216926233717085,0.02229301443323493,psnr_sr_rgb_sh0,30.205547228516753,30.205547228516753,30.34707625633697,28.411482217395942,28.491558444822328,30.213724374493726,30.356136491184184,28.40087791743983,28.480837463921624,0.8602687859535217,0.8190449512004853,0.8602167230844497,0.8187964862585068,val
2026-03-10 19:39:09,s1_fp32,444,0.00018988225436587002,0.021998012773692607,psnr_sr_rgb_sh0,30.205645041632298,30.205645041632298,30.3472158786484,28.411482217395942,28.491558444822328,30.21384892385198,30.35630197531949,28.40087791743983,28.480837463921624,0.8602716416120529,0.8190449512004853,0.86021948158741,0.8187964862585068,val
2026-03-10 19:39:52,s1_fp32,445,0.00018760574272802001,0.02247650783509016,psnr_sr_rgb_sh0,30.20603733087235,30.20603733087235,30.347530303345025,28.411482217395942,28.491558444822328,30.21420146265261,30.35657996296783,28.40087791743983,28.480837463921624,0.8602778643369675,0.8190449512004853,0.8602255326509476,0.8187964862585068,val
2026-03-10 19:40:36,s1_fp32,446,0.00018533980447508135,0.02273010527715087,psnr_sr_rgb_sh0,30.205987043009273,30.205987043009273,30.347363813552025,28.411482217395942,28.491558444822328,30.214148677812215,30.35642344145416,28.40087791743983,28.480837463921624,0.8602780246734619,0.8190449512004853,0.8602255791425705,0.8187964862585068,val
2026-03-10 19:41:20,s1_fp32,447,0.0001830845163006448,0.022221812754869463,psnr_sr_rgb_sh0,30.20612303620487,30.20612303620487,30.34748110027208,28.411482217395942,28.491558444822328,30.21427667120865,30.356523786469552,28.40087791743983,28.480837463921624,0.860285502076149,0.8190449512004853,0.8602329951524734,0.8187964862585068,val
2026-03-10 19:42:03,s1_fp32,448,0.00018083995453783603,0.02197068478912115,psnr_sr_rgb_sh0,30.206605999790913,30.206605999790913,30.347910088446994,28.411482217395942,28.491558444822328,30.214694790776154,30.35688670918574,28.40087791743983,28.480837463921624,0.8602943974733352,0.8190449512004853,0.8602417826652526,0.8187964862585068,val
2026-03-10 19:42:46,s1_fp32,449,0.0001786061951567303,0.022818528581410646,psnr_sr_rgb_sh0,30.206541550856805,30.206541550856805,30.34780836338007,28.411482217395942,28.491558444822328,30.214653898219805,30.35682823027742,28.40087791743983,28.480837463921624,0.8603030216693878,0.8190449512004853,0.8602502292394638,0.8187964862585068,val
2026-03-10 19:43:30,s1_fp32,450,0.00017638331376178384,0.022011870574206113,psnr_sr_rgb_sh0,30.206544753098473,30.206544753098473,30.34770636928927,28.411482217395942,28.491558444822328,30.214652043192743,30.356719008776267,28.40087791743983,28.480837463921624,0.8603047877550125,0.8190449512004853,0.8602519154548645,0.8187964862585068,val
2026-03-10 19:44:14,s1_fp32,451,0.00017417138558927244,0.021843937300145624,psnr_sr_rgb_sh0,30.206691457486695,30.206691457486695,30.347830041593326,28.411482217395942,28.491558444822328,30.214788010997168,30.356829166919056,28.40087791743983,28.480837463921624,0.8603074949979782,0.8190449512004853,0.8602546513080597,0.8187964862585068,val
2026-03-10 19:44:57,s1_fp32,452,0.00017197048550474643,0.0224439787119627,psnr_sr_rgb_sh0,30.206908667184535,30.206908667184535,30.34798402620939,28.411482217395942,28.491558444822328,30.214989451909034,30.35697691172095,28.40087791743983,28.480837463921624,0.8603145170211792,0.8190449512004853,0.8602615636587143,0.8187964862585068,val
2026-03-10 19:45:41,s1_fp32,453,0.00016978068800049622,0.02207469616085291,psnr_sr_rgb_sh0,30.207314653705147,30.207314653705147,30.34832775415651,28.411482217395942,28.491558444822328,30.215386178527424,30.357333513665274,28.40087791743983,28.480837463921624,0.8603232383728028,0.8190449512004853,0.8602701842784881,0.8187964862585068,val
2026-03-10 19:46:25,s1_fp32,454,0.00016760206719303107,0.02223676297813654,psnr_sr_rgb_sh0,30.207758159802264,30.207758159802264,30.34888971116204,28.411482217395942,28.491558444822328,30.21575672613863,30.357812816476088,28.40087791743983,28.480837463921624,0.8603269982337952,0.8190449512004853,0.8602739065885544,0.8187964862585068,val
2026-03-10 19:47:08,s1_fp32,455,0.00016543469682057105,0.02247034516185522,psnr_sr_rgb_sh0,30.207963891316943,30.207963891316943,30.34901825186123,28.411482217395942,28.491558444822328,30.21597436777818,30.357963199646647,28.40087791743983,28.480837463921624,0.8603309053182602,0.8190449512004853,0.8602777564525604,0.8187964862585068,val
2026-03-10 19:47:52,s1_fp32,456,0.00016327865024054982,0.021426067911088465,psnr_sr_rgb_sh0,30.208120532825056,30.208120532825056,30.349193217111864,28.411482217395942,28.491558444822328,30.216113960422923,30.358101625205748,28.40087791743983,28.480837463921624,0.8603388077020645,0.8190449512004853,0.8602856624126435,0.8187964862585068,val
2026-03-10 19:48:36,s1_fp32,457,0.0001611340004271339,0.022173067554831505,psnr_sr_rgb_sh0,30.208339222027337,30.208339222027337,30.34936221360447,28.411482217395942,28.491558444822328,30.21637353231263,30.358324813751246,28.40087791743983,28.480837463921624,0.8603481620550155,0.8190449512004853,0.860294958949089,0.8187964862585068,val
2026-03-10 19:49:19,s1_fp32,458,0.00015900081996875082,0.021541708968579768,psnr_sr_rgb_sh0,30.20845403246821,30.20845403246821,30.34950516678643,28.411482217395942,28.491558444822328,30.216475052730424,30.35846224941839,28.40087791743983,28.480837463921624,0.8603520506620407,0.8190449512004853,0.8602987641096115,0.8187964862585068,val
2026-03-10 19:50:03,s1_fp32,459,0.00015687918106563326,0.021874037254601717,psnr_sr_rgb_sh0,30.208697528437405,30.208697528437405,30.349642908722473,28.411482217395942,28.491558444822328,30.216693434373106,30.358587164464012,28.40087791743983,28.480837463921624,0.8603591120243073,0.8190449512004853,0.8603056877851486,0.8187964862585068,val
2026-03-10 19:50:47,s1_fp32,460,0.00015476915552737532,0.02199199140071869,psnr_sr_rgb_sh0,30.209256611507445,30.209256611507445,30.3501944833145,28.411482217395942,28.491558444822328,30.217212930289193,30.35909601964605,28.40087791743983,28.480837463921624,0.8603704011440277,0.8190449512004853,0.8603167963027955,0.8187964862585068,val
2026-03-10 19:51:30,s1_fp32,461,0.00015267081477050133,0.022137757763266562,psnr_sr_rgb_sh0,30.209459338806404,30.209459338806404,30.350391269318514,28.411482217395942,28.491558444822328,30.21741965409872,30.359304777803057,28.40087791743983,28.480837463921624,0.860375594496727,0.8190449512004853,0.8603219437599182,0.8187964862585068,val
2026-03-10 19:52:14,s1_fp32,462,0.00015058422981604997,0.022262906804680824,psnr_sr_rgb_sh0,30.209626941670503,30.209626941670503,30.35047596123177,28.411482217395942,28.491558444822328,30.21758583126094,30.359398302438027,28.40087791743983,28.480837463921624,0.8603845173120499,0.8190449512004853,0.8603306943178177,0.8187964862585068,val
2026-03-10 19:52:58,s1_fp32,463,0.00014850947128716913,0.022192609198391437,psnr_sr_rgb_sh0,30.20995683204676,30.20995683204676,30.35082511162731,28.411482217395942,28.491558444822328,30.21789864095945,30.359721821879845,28.40087791743983,28.480837463921624,0.860387705564499,0.8190449512004853,0.860333857536316,0.8187964862585068,val
2026-03-10 19:53:41,s1_fp32,464,0.00014644660940672628,0.022463691234588624,psnr_sr_rgb_sh0,30.21017403819316,30.21017403819316,30.35099381971102,28.411482217395942,28.491558444822328,30.21810678140488,30.35988512572169,28.40087791743983,28.480837463921624,0.8603946965932846,0.8190449512004853,0.8603407883644104,0.8187964862585068,val
2026-03-10 19:54:25,s1_fp32,465,0.00014439571399493145,0.02261913612484932,psnr_sr_rgb_sh0,30.210634976412507,30.210634976412507,30.351408528352184,28.411482217395942,28.491558444822328,30.2185316542577,30.360268230155313,28.40087791743983,28.480837463921624,0.8604032337665558,0.8190449512004853,0.8603494799137116,0.8187964862585068,val
2026-03-10 19:55:08,s1_fp32,466,0.00014235685446697434,0.02244270583614707,psnr_sr_rgb_sh0,30.21090546566602,30.21090546566602,30.351609997234327,28.411482217395942,28.491558444822328,30.21878720398703,30.36046605598419,28.40087791743983,28.480837463921624,0.8604116809368133,0.8190449512004853,0.860357820391655,0.8187964862585068,val
2026-03-10 19:55:52,s1_fp32,467,0.00014033009983067452,0.0223272910900414,psnr_sr_rgb_sh0,30.211435778654085,30.211435778654085,30.35214004546802,28.411482217395942,28.491558444822328,30.21923582371674,30.36091712440995,28.40087791743983,28.480837463921624,0.8604204016923904,0.8190449512004853,0.8603665667772293,0.8187964862585068,val
2026-03-10 19:56:36,s1_fp32,468,0.000138315518684146,0.022715183347463606,psnr_sr_rgb_sh0,30.211764491742954,30.211764491742954,30.35244441279381,28.411482217395942,28.491558444822328,30.219549341355822,30.361190135770045,28.40087791743983,28.480837463921624,0.8604268914461136,0.8190449512004853,0.8603729248046875,0.8187964862585068,val
2026-03-10 19:57:20,s1_fp32,469,0.00013631317921347562,0.022992417868226766,psnr_sr_rgb_sh0,30.21213531881508,30.21213531881508,30.35278682775779,28.411482217395942,28.491558444822328,30.219928038366483,30.361552444059857,28.40087791743983,28.480837463921624,0.8604354017972946,0.8190449512004853,0.8603812259435654,0.8187964862585068,val
2026-03-10 19:58:03,s1_fp32,470,0.00013432314919041476,0.02249517146497965,psnr_sr_rgb_sh0,30.212309621272933,30.212309621272933,30.35293243423228,28.411482217395942,28.491558444822328,30.22008306654868,30.361678178835454,28.40087791743983,28.480837463921624,0.8604412341117859,0.8190449512004853,0.8603870433568954,0.8187964862585068,val
2026-03-10 19:58:46,s1_fp32,471,0.00013234549597008571,0.02223688155412674,psnr_sr_rgb_sh0,30.212493765835088,30.212493765835088,30.353017432684652,28.411482217395942,28.491558444822328,30.22026642113056,30.361780039090956,28.40087791743983,28.480837463921624,0.8604464995861053,0.8190449512004853,0.8603923308849335,0.8187964862585068,val
2026-03-10 19:59:30,s1_fp32,472,0.00013038028648870205,0.02273526994511485,psnr_sr_rgb_sh0,30.212593278753204,30.212593278753204,30.353105289181812,28.411482217395942,28.491558444822328,30.220349938539954,30.36184564263525,28.40087791743983,28.480837463921624,0.8604512971639633,0.8190449512004853,0.8603971290588379,0.8187964862585068,val
2026-03-10 20:00:14,s1_fp32,473,0.00012842758726130281,0.02216773193329573,psnr_sr_rgb_sh0,30.212639061462298,30.212639061462298,30.353060558068137,28.411482217395942,28.491558444822328,30.220369481728962,30.361770831221875,28.40087791743983,28.480837463921624,0.8604523867368699,0.8190449512004853,0.8603979939222336,0.8187964862585068,val
2026-03-10 20:00:57,s1_fp32,474,0.00012648746437950208,0.02254201890900731,psnr_sr_rgb_sh0,30.21277029951631,30.21277029951631,30.353222046611666,28.411482217395942,28.491558444822328,30.220497331230955,30.361933754497514,28.40087791743983,28.480837463921624,0.8604592478275299,0.8190449512004853,0.8604048275947571,0.8187964862585068,val
2026-03-10 20:01:41,s1_fp32,475,0.0001245599835092504,0.021758054438978432,psnr_sr_rgb_sh0,30.212881704761493,30.212881704761493,30.35328920526184,28.411482217395942,28.491558444822328,30.22060095484826,30.36200580955026,28.40087791743983,28.480837463921624,0.8604614615440369,0.8190449512004853,0.8604069101810455,0.8187964862585068,val
2026-03-10 20:02:25,s1_fp32,476,0.000122645209888614,0.022528181578963996,psnr_sr_rgb_sh0,30.213142911381553,30.213142911381553,30.353572297716696,28.411482217395942,28.491558444822328,30.22087843429911,30.362308238337747,28.40087791743983,28.480837463921624,0.8604684990644454,0.8190449512004853,0.8604139429330826,0.8187964862585068,val
2026-03-10 20:03:08,s1_fp32,477,0.00012074320832556557,0.022313390411436557,psnr_sr_rgb_sh0,30.21336654150691,30.21336654150691,30.35368815906289,28.411482217395942,28.491558444822328,30.221108848444942,30.362441996095328,28.40087791743983,28.480837463921624,0.8604729735851288,0.8190449512004853,0.8604183578491211,0.8187964862585068,val
2026-03-10 20:03:52,s1_fp32,478,0.00011885404319579107,0.022381374780088663,psnr_sr_rgb_sh0,30.213513755377086,30.213513755377086,30.35385202155492,28.411482217395942,28.491558444822328,30.22120756266072,30.362540332447644,28.40087791743983,28.480837463921624,0.8604740816354751,0.8190449512004853,0.8604193860292435,0.8187964862585068,val
2026-03-10 20:04:35,s1_fp32,479,0.00011697777844051105,0.022604582123458384,psnr_sr_rgb_sh0,30.213735361367807,30.213735361367807,30.354078271391423,28.411482217395942,28.491558444822328,30.221408613281515,30.362745746621602,28.40087791743983,28.480837463921624,0.8604792010784149,0.8190449512004853,0.8604243719577789,0.8187964862585068,val
2026-03-10 20:05:19,s1_fp32,480,0.00011511447756431604,0.02189447281882167,psnr_sr_rgb_sh0,30.21363400513284,30.21363400513284,30.35405906316362,28.411482217395942,28.491558444822328,30.221337571572946,30.362746982041482,28.40087791743983,28.480837463921624,0.8604785597324371,0.8190449512004853,0.8604236674308777,0.8187964862585068,val
2026-03-10 20:06:02,s1_fp32,481,0.00011326420363301809,0.02176202416419983,psnr_sr_rgb_sh0,30.213916436802325,30.213916436802325,30.354297090158358,28.411482217395942,28.491558444822328,30.221604076204677,30.362974417433424,28.40087791743983,28.480837463921624,0.8604855716228486,0.8190449512004853,0.8604306983947754,0.8187964862585068,val
2026-03-10 20:06:46,s1_fp32,482,0.00011142701927151455,0.022577573824673892,psnr_sr_rgb_sh0,30.21413046632873,30.21413046632873,30.35452588900601,28.411482217395942,28.491558444822328,30.221750024604834,30.363131959506795,28.40087791743983,28.480837463921624,0.8604876697063446,0.8190449512004853,0.8604327130317688,0.8187964862585068,val
2026-03-10 20:07:29,s1_fp32,483,0.0001096029866616704,0.021719951219856738,psnr_sr_rgb_sh0,30.214358184724507,30.214358184724507,30.35471917377116,28.411482217395942,28.491558444822328,30.22196797960959,30.36331457819858,28.40087791743983,28.480837463921624,0.8604966080188752,0.8190449512004853,0.8604415917396545,0.8187964862585068,val
2026-03-10 20:08:13,s1_fp32,484,0.00010779216754021215,0.021416826639324427,psnr_sr_rgb_sh0,30.214513312463314,30.214513312463314,30.354884498363795,28.411482217395942,28.491558444822328,30.222102651823175,30.363457285470886,28.40087791743983,28.480837463921624,0.8605027687549591,0.8190449512004853,0.8604475939273835,0.8187964862585068,val
2026-03-10 20:08:57,s1_fp32,485,0.00010599462319663906,0.021793296653777362,psnr_sr_rgb_sh0,30.21459652517051,30.21459652517051,30.355034629143077,28.411482217395942,28.491558444822328,30.22217848825673,30.363590323334144,28.40087791743983,28.480837463921624,0.8605073654651642,0.8190449512004853,0.8604521113634109,0.8187964862585068,val
2026-03-10 20:09:41,s1_fp32,486,0.00010421041447114837,0.021706186793744565,psnr_sr_rgb_sh0,30.214828912304462,30.214828912304462,30.35522256874771,28.411482217395942,28.491558444822328,30.22239342847728,30.363764069518542,28.40087791743983,28.480837463921624,0.8605113625526428,0.8190449512004853,0.8604560953378677,0.8187964862585068,val
2026-03-10 20:10:24,s1_fp32,487,0.00010243960175257604,0.021871388126164674,psnr_sr_rgb_sh0,30.215141956217966,30.215141956217966,30.355456691806083,28.411482217395942,28.491558444822328,30.222687522292226,30.363977946704676,28.40087791743983,28.480837463921624,0.8605200850963592,0.8190449512004853,0.8604646009206772,0.8187964862585068,val
2026-03-10 20:11:08,s1_fp32,488,0.00010068224497635369,0.022605402637273075,psnr_sr_rgb_sh0,30.215503683808937,30.215503683808937,30.35583018515573,28.411482217395942,28.491558444822328,30.22304284654285,30.36433978081498,28.40087791743983,28.480837463921624,0.8605297261476517,0.8190449512004853,0.8604742187261581,0.8187964862585068,val
2026-03-10 20:11:51,s1_fp32,489,9.893840362247809e-05,0.021942215766757728,psnr_sr_rgb_sh0,30.215644923892377,30.215644923892377,30.355956896379904,28.411482217395942,28.491558444822328,30.22318843876918,30.364489878000796,28.40087791743983,28.480837463921624,0.8605343490839005,0.8190449512004853,0.8604788380861282,0.8187964862585068,val
2026-03-10 20:12:34,s1_fp32,490,9.720813671350031e-05,0.021790658961981534,psnr_sr_rgb_sh0,30.215782055593696,30.215782055593696,30.356119772349516,28.411482217395942,28.491558444822328,30.223295737422728,30.36461844863816,28.40087791743983,28.480837463921624,0.8605347049236297,0.8190449512004853,0.860479154586792,0.8187964862585068,val
2026-03-10 20:13:18,s1_fp32,491,9.549150281252633e-05,0.021659604776650666,psnr_sr_rgb_sh0,30.215904956024772,30.215904956024772,30.35626798504558,28.411482217395942,28.491558444822328,30.223421974826493,30.364776688048327,28.40087791743983,28.480837463921624,0.8605391091108322,0.8190449512004853,0.8604835438728332,0.8187964862585068,val
2026-03-10 20:14:02,s1_fp32,492,9.378856002123548e-05,0.022122070416808127,psnr_sr_rgb_sh0,30.216058727271626,30.216058727271626,30.356389576126286,28.411482217395942,28.491558444822328,30.223560804842723,30.364880256754805,28.40087791743983,28.480837463921624,0.8605453675985336,0.8190449512004853,0.8604897063970566,0.8187964862585068,val
2026-03-10 20:14:46,s1_fp32,493,9.209936597791407e-05,0.022590317502617835,psnr_sr_rgb_sh0,30.21637600491446,30.21637600491446,30.356681342407278,28.411482217395942,28.491558444822328,30.223852056118673,30.36514641996375,28.40087791743983,28.480837463921624,0.8605541926622391,0.8190449512004853,0.8604984545707702,0.8187964862585068,val
2026-03-10 20:15:29,s1_fp32,494,9.042397785550405e-05,0.02231746383011341,psnr_sr_rgb_sh0,30.21652738213522,30.21652738213522,30.3567756622866,28.411482217395942,28.491558444822328,30.223989952384372,30.365235162090304,28.40087791743983,28.480837463921624,0.8605616754293441,0.8190449512004853,0.8605058526992798,0.8187964862585068,val
2026-03-10 20:16:13,s1_fp32,495,8.876245235966885e-05,0.022708449978381395,psnr_sr_rgb_sh0,30.216808103885793,30.216808103885793,30.356985349215357,28.411482217395942,28.491558444822328,30.224273509969297,30.365460855082787,28.40087791743983,28.480837463921624,0.860569320321083,0.8190449512004853,0.8605134934186935,0.8187964862585068,val
2026-03-10 20:16:57,s1_fp32,496,8.711484572687295e-05,0.022521286569535733,psnr_sr_rgb_sh0,30.216832809551033,30.216832809551033,30.356969429019877,28.411482217395942,28.491558444822328,30.224270601421118,30.365405502603505,28.40087791743983,28.480837463921624,0.8605706834793091,0.8190449512004853,0.8605148535966873,0.8187964862585068,val
2026-03-10 20:17:40,s1_fp32,497,8.548121372247918e-05,0.021664798744022846,psnr_sr_rgb_sh0,30.21710642381093,30.21710642381093,30.35728197530823,28.411482217395942,28.491558444822328,30.224543611002108,30.365711675813746,28.40087791743983,28.480837463921624,0.8605802297592163,0.8190449512004853,0.8605242377519607,0.8187964862585068,val
2026-03-10 20:18:24,s1_fp32,498,8.386161163886118e-05,0.022151852082461117,psnr_sr_rgb_sh0,30.217235793485244,30.217235793485244,30.357382460085606,28.411482217395942,28.491558444822328,30.22468394796335,30.36583449747678,28.40087791743983,28.480837463921624,0.8605872702598572,0.8190449512004853,0.8605311596393586,0.8187964862585068,val
2026-03-10 20:19:08,s1_fp32,499,8.225609429353187e-05,0.022119475081562995,psnr_sr_rgb_sh0,30.21737842846015,30.21737842846015,30.35747863086718,28.411482217395942,28.491558444822328,30.224812050576475,30.365926101804558,28.40087791743983,28.480837463921624,0.860590117573738,0.8190449512004853,0.860533891916275,0.8187964862585068,val
2026-03-10 20:19:52,s1_fp32,500,8.066471602728804e-05,0.021855663172900677,psnr_sr_rgb_sh0,30.217697655915867,30.217697655915867,30.35775978022884,28.411482217395942,28.491558444822328,30.225075402649416,30.3661426564452,28.40087791743983,28.480837463921624,0.8605948901176452,0.8190449512004853,0.8605385529994964,0.8187964862585068,val
2026-03-10 20:20:36,s1_fp32,501,7.908753070237123e-05,0.022768177539110184,psnr_sr_rgb_sh0,30.217761656556032,30.217761656556032,30.357857092917758,28.411482217395942,28.491558444822328,30.22513925150109,30.36623714829929,28.40087791743983,28.480837463921624,0.8605989742279053,0.8190449512004853,0.8605426150560379,0.8187964862585068,val
2026-03-10 20:21:19,s1_fp32,502,7.752459170064491e-05,0.02177326660603285,psnr_sr_rgb_sh0,30.21779963261746,30.21779963261746,30.357829076153973,28.411482217395942,28.491558444822328,30.22519601971823,30.366245428415933,28.40087791743983,28.480837463921624,0.8606034731864929,0.8190449512004853,0.8605471122264862,0.8187964862585068,val
2026-03-10 20:22:03,s1_fp32,503,7.597595192178702e-05,0.0225518430583179,psnr_sr_rgb_sh0,30.218396950109103,30.218396950109103,30.3584216331438,28.411482217395942,28.491558444822328,30.22575140320769,30.366796026475832,28.40087791743983,28.480837463921624,0.8606137126684189,0.8190449512004853,0.860557319521904,0.8187964862585068,val
2026-03-10 20:22:46,s1_fp32,504,7.444166378150013e-05,0.02187585536390543,psnr_sr_rgb_sh0,30.218490197087775,30.218490197087775,30.358579143339085,28.411482217395942,28.491558444822328,30.225846831103578,30.36695275248745,28.40087791743983,28.480837463921624,0.8606195110082626,0.8190449512004853,0.8605630326271058,0.8187964862585068,val
2026-03-10 20:23:30,s1_fp32,505,7.292177920973725e-05,0.022313310522586106,psnr_sr_rgb_sh0,30.218622320411917,30.218622320411917,30.358720158961773,28.411482217395942,28.491558444822328,30.225963203959363,30.36707868150357,28.40087791743983,28.480837463921624,0.8606208121776581,0.8190449512004853,0.8605643254518509,0.8187964862585068,val
2026-03-10 20:24:14,s1_fp32,506,7.14163496489439e-05,0.022218872122466565,psnr_sr_rgb_sh0,30.21887932205956,30.21887932205956,30.358958587101505,28.411482217395942,28.491558444822328,30.22620519584352,30.36730098513757,28.40087791743983,28.480837463921624,0.8606275552511216,0.8190449512004853,0.8605709278583527,0.8187964862585068,val
2026-03-10 20:24:57,s1_fp32,507,6.992542605231739e-05,0.021768203992396592,psnr_sr_rgb_sh0,30.219094936945584,30.219094936945584,30.359032323235287,28.411482217395942,28.491558444822328,30.22645695620006,30.367435319536366,28.40087791743983,28.480837463921624,0.8606327724456787,0.8190449512004853,0.8605761677026749,0.8187964862585068,val
2026-03-10 20:25:40,s1_fp32,508,6.844905888208181e-05,0.021352151688188315,psnr_sr_rgb_sh0,30.219660437527324,30.219660437527324,30.359591112349676,28.411482217395942,28.491558444822328,30.22695835231009,30.36791461563183,28.40087791743983,28.480837463921624,0.8606459873914719,0.8190449512004853,0.8605893272161483,0.8187964862585068,val
2026-03-10 20:26:24,s1_fp32,509,6.698729810778065e-05,0.021911704652011393,psnr_sr_rgb_sh0,30.219775259884074,30.219775259884074,30.359687554561507,28.411482217395942,28.491558444822328,30.22705402581898,30.367994021301357,28.40087791743983,28.480837463921624,0.8606490975618363,0.8190449512004853,0.8605923628807068,0.8187964862585068,val
2026-03-10 20:27:07,s1_fp32,510,6.554019320458493e-05,0.022040022891014813,psnr_sr_rgb_sh0,30.21988031622425,30.21988031622425,30.35971560271797,28.411482217395942,28.491558444822328,30.227163389063023,30.36803282851565,28.40087791743983,28.480837463921624,0.8606508964300156,0.8190449512004853,0.860594173669815,0.8187964862585068,val
2026-03-10 20:27:51,s1_fp32,511,6.410779315161885e-05,0.022827735114842655,psnr_sr_rgb_sh0,30.2200559794646,30.2200559794646,30.359924351176005,28.411482217395942,28.491558444822328,30.227350298414038,30.368252040050265,28.40087791743983,28.480837463921624,0.8606557530164719,0.8190449512004853,0.8605991107225418,0.8187964862585068,val
2026-03-10 20:28:34,s1_fp32,512,6.269014643030213e-05,0.02236885029822588,psnr_sr_rgb_sh0,30.22017839933454,30.22017839933454,30.36008716810576,28.411482217395942,28.491558444822328,30.227465476753846,30.368395937033245,28.40087791743983,28.480837463921624,0.8606567317247391,0.8190449512004853,0.8606000584363938,0.8187964862585068,val
2026-03-10 20:29:17,s1_fp32,513,6.128730102270897e-05,0.021914213355630638,psnr_sr_rgb_sh0,30.220505673473,30.220505673473,30.360366794215974,28.411482217395942,28.491558444822328,30.227764241200198,30.36866005972603,28.40087791743983,28.480837463921624,0.8606658935546875,0.8190449512004853,0.8606091338396072,0.8187964862585068,val
2026-03-10 20:30:01,s1_fp32,514,5.989930440994451e-05,0.021930150352418423,psnr_sr_rgb_sh0,30.220823335684816,30.220823335684816,30.360660332430246,28.411482217395942,28.491558444822328,30.228048760370353,30.36890516523322,28.40087791743983,28.480837463921624,0.8606687903404235,0.8190449512004853,0.8606120550632477,0.8187964862585068,val
2026-03-10 20:30:44,s1_fp32,515,5.852620357053651e-05,0.022118751779198646,psnr_sr_rgb_sh0,30.22096585727145,30.22096585727145,30.360884576293124,28.411482217395942,28.491558444822328,30.228187263883413,30.369109738282987,28.40087791743983,28.480837463921624,0.8606747311353683,0.8190449512004853,0.8606179177761077,0.8187964862585068,val
2026-03-10 20:31:28,s1_fp32,516,5.716804497884698e-05,0.022977413572371007,psnr_sr_rgb_sh0,30.2212749931683,30.2212749931683,30.361181372081273,28.411482217395942,28.491558444822328,30.22847296900609,30.36940051605641,28.40087791743983,28.480837463921624,0.8606820046901703,0.8190449512004853,0.8606250441074371,0.8187964862585068,val
2026-03-10 20:32:12,s1_fp32,517,5.5824874603498056e-05,0.022767084836959838,psnr_sr_rgb_sh0,30.22133850011011,30.22133850011011,30.36122070297101,28.411482217395942,28.491558444822328,30.22853515192902,30.369440464791822,28.40087791743983,28.480837463921624,0.860682492852211,0.8190449512004853,0.8606255823373794,0.8187964862585068,val
2026-03-10 20:32:55,s1_fp32,518,5.449673790581611e-05,0.021361550558358432,psnr_sr_rgb_sh0,30.221368124630935,30.221368124630935,30.361251384226325,28.411482217395942,28.491558444822328,30.22855973231106,30.369469417047817,28.40087791743983,28.480837463921624,0.8606847333908081,0.8190449512004853,0.8606277549266815,0.8187964862585068,val
2026-03-10 20:33:39,s1_fp32,519,5.318367983829392e-05,0.02200830798596144,psnr_sr_rgb_sh0,30.221396704344286,30.221396704344286,30.36124300310902,28.411482217395942,28.491558444822328,30.228593399987943,30.369474554981437,28.40087791743983,28.480837463921624,0.8606854337453842,0.8190449512004853,0.8606284314393997,0.8187964862585068,val
2026-03-10 20:34:22,s1_fp32,520,5.1885744843068295e-05,0.022743804585188626,psnr_sr_rgb_sh0,30.221446090416045,30.221446090416045,30.361298797088253,28.411482217395942,28.491558444822328,30.228649161009013,30.369529696401017,28.40087791743983,28.480837463921624,0.8606901627779007,0.8190449512004853,0.860633111000061,0.8187964862585068,val
2026-03-10 20:35:06,s1_fp32,521,5.060297685041659e-05,0.02204397341236472,psnr_sr_rgb_sh0,30.22141593919469,30.22141593919469,30.361266943080683,28.411482217395942,28.491558444822328,30.22864534358126,30.369533731252417,28.40087791743983,28.480837463921624,0.8606932252645493,0.8190449512004853,0.8606361877918244,0.8187964862585068,val
2026-03-10 20:35:49,s1_fp32,522,4.933541927726887e-05,0.02237136347219348,psnr_sr_rgb_sh0,30.221346740991244,30.221346740991244,30.361171486017497,28.411482217395942,28.491558444822328,30.22857607667349,30.369430710832795,28.40087791743983,28.480837463921624,0.8606942993402481,0.8190449512004853,0.8606372535228729,0.8187964862585068,val
2026-03-10 20:36:33,s1_fp32,523,4.8083115025739754e-05,0.021961603369563817,psnr_sr_rgb_sh0,30.221579988706804,30.221579988706804,30.361438808746957,28.411482217395942,28.491558444822328,30.228795925173568,30.36969562638974,28.40087791743983,28.480837463921624,0.8606996458768844,0.8190449512004853,0.8606424874067307,0.8187964862585068,val
2026-03-10 20:37:16,s1_fp32,524,4.684610648167503e-05,0.022352628242224455,psnr_sr_rgb_sh0,30.22175049902885,30.22175049902885,30.361592848866035,28.411482217395942,28.491558444822328,30.228976002751377,30.369859046995206,28.40087791743983,28.480837463921624,0.8607032215595245,0.8190449512004853,0.8606460237503052,0.8187964862585068,val
2026-03-10 20:38:00,s1_fp32,525,4.562443551321788e-05,0.022618374917656184,psnr_sr_rgb_sh0,30.221898122195906,30.221898122195906,30.361663372616885,28.411482217395942,28.491558444822328,30.22911924933898,30.369928073786827,28.40087791743983,28.480837463921624,0.8607096338272094,0.8190449512004853,0.8606524443626404,0.8187964862585068,val
2026-03-10 20:38:43,s1_fp32,526,4.441814346939149e-05,0.022830371223390104,psnr_sr_rgb_sh0,30.22206952938542,30.22206952938542,30.361870642964067,28.411482217395942,28.491558444822328,30.229274174164562,30.370112421413005,28.40087791743983,28.480837463921624,0.8607134890556335,0.8190449512004853,0.8606562149524689,0.8187964862585068,val
2026-03-10 20:39:27,s1_fp32,527,4.322727117869951e-05,0.022689127083867788,psnr_sr_rgb_sh0,30.222381659931422,30.222381659931422,30.362206522188316,28.411482217395942,28.491558444822328,30.229552460462973,30.37040233018274,28.40087791743983,28.480837463921624,0.8607178580760956,0.8190449512004853,0.8606605488061905,0.8187964862585068,val
2026-03-10 20:40:10,s1_fp32,528,4.205185894774455e-05,0.021336763724684717,psnr_sr_rgb_sh0,30.22259497016057,30.22259497016057,30.36242752564765,28.411482217395942,28.491558444822328,30.229755751512634,30.37062075113101,28.40087791743983,28.480837463921624,0.860722862482071,0.8190449512004853,0.8606654769182205,0.8187964862585068,val
2026-03-10 20:40:54,s1_fp32,529,4.0891946559863055e-05,0.022041772864758967,psnr_sr_rgb_sh0,30.222721130331493,30.222721130331493,30.362474784163044,28.411482217395942,28.491558444822328,30.229861800730095,30.37065388117979,28.40087791743983,28.480837463921624,0.86072838306427,0.8190449512004853,0.8606708884239197,0.8187964862585068,val
2026-03-10 20:41:37,s1_fp32,530,3.974757327377981e-05,0.022025360725820065,psnr_sr_rgb_sh0,30.22292924414144,30.22292924414144,30.362634176526495,28.411482217395942,28.491558444822328,30.230041435967284,30.370792892531323,28.40087791743983,28.480837463921624,0.8607346260547638,0.8190449512004853,0.8606770724058151,0.8187964862585068,val
2026-03-10 20:42:21,s1_fp32,531,3.861877782227885e-05,0.02255563288927078,psnr_sr_rgb_sh0,30.222964701639945,30.222964701639945,30.36263499373958,28.411482217395942,28.491558444822328,30.23009110103333,30.37080532656447,28.40087791743983,28.480837463921624,0.8607387405633926,0.8190449512004853,0.8606811660528183,0.8187964862585068,val
2026-03-10 20:43:04,s1_fp32,532,3.750559841089196e-05,0.022081793658435343,psnr_sr_rgb_sh0,30.223040933577366,30.223040933577366,30.36274611080886,28.411482217395942,28.491558444822328,30.23013722832567,30.370872010617294,28.40087791743983,28.480837463921624,0.8607388812303544,0.8190449512004853,0.8606812399625778,0.8187964862585068,val
2026-03-10 20:43:48,s1_fp32,533,3.6408072716606344e-05,0.02269330505281687,psnr_sr_rgb_sh0,30.22307163986967,30.22307163986967,30.36283042021073,28.411482217395942,28.491558444822328,30.230168806009296,30.370942076763804,28.40087791743983,28.480837463921624,0.860743682384491,0.8190449512004853,0.8606859600543976,0.8187964862585068,val
2026-03-10 20:44:32,s1_fp32,534,3.532623788658873e-05,0.022058416809886693,psnr_sr_rgb_sh0,30.223278019295456,30.223278019295456,30.362996729334046,28.411482217395942,28.491558444822328,30.23034664227589,30.371088165380876,28.40087791743983,28.480837463921624,0.8607503283023834,0.8190449512004853,0.8606925612688064,0.8187964862585068,val
2026-03-10 20:45:16,s1_fp32,535,3.426013053692878e-05,0.02211782764643431,psnr_sr_rgb_sh0,30.22332713930536,30.22332713930536,30.363024996705246,28.411482217395942,28.491558444822328,30.230399025841397,30.37112134645369,28.40087791743983,28.480837463921624,0.8607540148496627,0.8190449512004853,0.8606962233781814,0.8187964862585068,val
2026-03-10 20:45:59,s1_fp32,536,3.3209786751399184e-05,0.022064365576952696,psnr_sr_rgb_sh0,30.223461863789712,30.223461863789712,30.363126681231943,28.411482217395942,28.491558444822328,30.230532808488164,30.371226539025574,28.40087791743983,28.480837463921624,0.860759842991829,0.8190449512004853,0.860702103972435,0.8187964862585068,val
2026-03-10 20:46:42,s1_fp32,537,3.217524208023431e-05,0.02186389423906803,psnr_sr_rgb_sh0,30.223456577143565,30.223456577143565,30.363126761620496,28.411482217395942,28.491558444822328,30.230511932728856,30.371210768211576,28.40087791743983,28.480837463921624,0.8607577216625214,0.8190449512004853,0.8606999188661575,0.8187964862585068,val
2026-03-10 20:47:26,s1_fp32,538,3.115653153892761e-05,0.021482928451150657,psnr_sr_rgb_sh0,30.223575981454196,30.223575981454196,30.36323648211615,28.411482217395942,28.491558444822328,30.230620388208568,30.371309124390827,28.40087791743983,28.480837463921624,0.8607593566179276,0.8190449512004853,0.8607014495134354,0.8187964862585068,val
2026-03-10 20:48:09,s1_fp32,539,3.0153689607045842e-05,0.02213969621807337,psnr_sr_rgb_sh0,30.224012920905924,30.224012920905924,30.363675124495444,28.411482217395942,28.491558444822328,30.231021592768453,30.37171215515485,28.40087791743983,28.480837463921624,0.8607683396339416,0.8190449512004853,0.8607103735208511,0.8187964862585068,val
2026-03-10 20:48:53,s1_fp32,540,2.9166750227062387e-05,0.02212628547102213,psnr_sr_rgb_sh0,30.22414303543833,30.22414303543833,30.363813979645414,28.411482217395942,28.491558444822328,30.231151846775575,30.371850361048875,28.40087791743983,28.480837463921624,0.860772911310196,0.8190449512004853,0.8607149481773376,0.8187964862585068,val
2026-03-10 20:49:37,s1_fp32,541,2.8195746803208243e-05,0.022519303001463414,psnr_sr_rgb_sh0,30.224127499306828,30.224127499306828,30.363715183076614,28.411482217395942,28.491558444822328,30.231161415791426,30.371789574190405,28.40087791743983,28.480837463921624,0.860771786570549,0.8190449512004853,0.8607138770818711,0.8187964862585068,val
2026-03-10 20:50:21,s1_fp32,542,2.724071220034158e-05,0.022119623254984618,psnr_sr_rgb_sh0,30.224261022584322,30.224261022584322,30.363866405178978,28.411482217395942,28.491558444822328,30.231301423635724,30.371944037449417,28.40087791743983,28.480837463921624,0.860774559378624,0.8190449512004853,0.8607166057825089,0.8187964862585068,val
2026-03-10 20:51:05,s1_fp32,543,2.63016787428354e-05,0.022672945633530617,psnr_sr_rgb_sh0,30.224392018732953,30.224392018732953,30.36404522920259,28.411482217395942,28.491558444822328,30.231426311884352,30.37211376171699,28.40087791743983,28.480837463921624,0.8607775145769119,0.8190449512004853,0.8607195681333542,0.8187964862585068,val
2026-03-10 20:51:49,s1_fp32,544,2.537867821348305e-05,0.022127301432192326,psnr_sr_rgb_sh0,30.224382309225025,30.224382309225025,30.364032297070857,28.411482217395942,28.491558444822328,30.23141653809389,30.372107457294284,28.40087791743983,28.480837463921624,0.8607771974802018,0.8190449512004853,0.8607192367315293,0.8187964862585068,val
2026-03-10 20:52:32,s1_fp32,545,2.4471741852423235e-05,0.021707849092781544,psnr_sr_rgb_sh0,30.224220489048435,30.224220489048435,30.363867174197978,28.411482217395942,28.491558444822328,30.231267712791936,30.37195757299485,28.40087791743983,28.480837463921624,0.8607759249210357,0.8190449512004853,0.860717989206314,0.8187964862585068,val
2026-03-10 20:53:15,s1_fp32,546,2.3580900356081904e-05,0.021949268355965616,psnr_sr_rgb_sh0,30.224358704861917,30.224358704861917,30.364039954233405,28.411482217395942,28.491558444822328,30.231378618106742,30.37210443139962,28.40087791743983,28.480837463921624,0.8607796454429626,0.8190449512004853,0.8607216370105744,0.8187964862585068,val
2026-03-10 20:53:59,s1_fp32,547,2.2706183876134045e-05,0.022154899816960096,psnr_sr_rgb_sh0,30.224516136152182,30.224516136152182,30.364266868100184,28.411482217395942,28.491558444822328,30.231515282651895,30.3723020860327,28.40087791743983,28.480837463921624,0.8607799738645554,0.8190449512004853,0.8607219642400742,0.8187964862585068,val
2026-03-10 20:54:42,s1_fp32,548,2.1847622018482283e-05,0.022357796151190996,psnr_sr_rgb_sh0,30.224677645798785,30.224677645798785,30.364388969410697,28.411482217395942,28.491558444822328,30.231666727909605,30.372421483378925,28.40087791743983,28.480837463921624,0.8607848459482192,0.8190449512004853,0.8607268023490906,0.8187964862585068,val
2026-03-10 20:55:25,s1_fp32,549,2.100524384225555e-05,0.0229660209082067,psnr_sr_rgb_sh0,30.224654758082867,30.224654758082867,30.364398817033038,28.411482217395942,28.491558444822328,30.231644711839703,30.37242472084163,28.40087791743983,28.480837463921624,0.8607879465818405,0.8190449512004853,0.8607299774885178,0.8187964862585068,val
2026-03-10 20:56:09,s1_fp32,550,2.0179077858825447e-05,0.022064602375030516,psnr_sr_rgb_sh0,30.22476788319545,30.22476788319545,30.36445259259266,28.411482217395942,28.491558444822328,30.231747595855076,30.37247598143743,28.40087791743983,28.480837463921624,0.8607918030023575,0.8190449512004853,0.8607337611913681,0.8187964862585068,val
2026-03-10 20:56:52,s1_fp32,551,1.9369152030840554e-05,0.02274842893704772,psnr_sr_rgb_sh0,30.224788187151706,30.224788187151706,30.36445981229875,28.411482217395942,28.491558444822328,30.231763255097185,30.372473606094808,28.40087791743983,28.480837463921624,0.8607953161001205,0.8190449512004853,0.8607372611761093,0.8187964862585068,val
2026-03-10 20:57:35,s1_fp32,552,1.8575493771281205e-05,0.022269388381391763,psnr_sr_rgb_sh0,30.22492556226288,30.22492556226288,30.36455788168173,28.411482217395942,28.491558444822328,30.231900987355505,30.372577451133353,28.40087791743983,28.480837463921624,0.8608024328947067,0.8190449512004853,0.8607443660497666,0.8187964862585068,val
2026-03-10 20:58:19,s1_fp32,553,1.779812994253055e-05,0.02274145659059286,psnr_sr_rgb_sh0,30.225001351355694,30.225001351355694,30.364664625079023,28.411482217395942,28.491558444822328,30.231991230115085,30.372699686251682,28.40087791743983,28.480837463921624,0.8608049976825715,0.8190449512004853,0.8607468461990356,0.8187964862585068,val
2026-03-10 20:59:02,s1_fp32,554,1.70370868554659e-05,0.021441571433097124,psnr_sr_rgb_sh0,30.22512921714745,30.22512921714745,30.364765045558162,28.411482217395942,28.491558444822328,30.23209855181817,30.372779974483382,28.40087791743983,28.480837463921624,0.8608073872327805,0.8190449512004853,0.8607491981983185,0.8187964862585068,val
2026-03-10 20:59:45,s1_fp32,555,1.6292390268568102e-05,0.022135494984686376,psnr_sr_rgb_sh0,30.225102000950898,30.225102000950898,30.364727948037697,28.411482217395942,28.491558444822328,30.232053271011697,30.372724054445207,28.40087791743983,28.480837463921624,0.86080675303936,0.8190449512004853,0.8607485496997833,0.8187964862585068,val
2026-03-10 21:00:29,s1_fp32,556,1.556406538704963e-05,0.022137734554708004,psnr_sr_rgb_sh0,30.225187469154445,30.225187469154445,30.36481737651544,28.411482217395942,28.491558444822328,30.232136132103864,30.372807847739022,28.40087791743983,28.480837463921624,0.8608092772960663,0.8190449512004853,0.8607509905099868,0.8187964862585068,val
2026-03-10 21:01:14,s1_fp32,557,1.4852136862001764e-05,0.022164127193391323,psnr_sr_rgb_sh0,30.225144933952862,30.225144933952862,30.364768795538836,28.411482217395942,28.491558444822328,30.23209416956019,30.372756807593667,28.40087791743983,28.480837463921624,0.8608070504665375,0.8190449512004853,0.8607487440109253,0.8187964862585068,val
2026-03-10 21:01:57,s1_fp32,558,1.4156628789559923e-05,0.022153277304023503,psnr_sr_rgb_sh0,30.22525467741498,30.22525467741498,30.364866410601284,28.411482217395942,28.491558444822328,30.232217562042948,30.372867697495366,28.40087791743983,28.480837463921624,0.860809994339943,0.8190449512004853,0.8607517546415329,0.8187964862585068,val
2026-03-10 21:02:41,s1_fp32,559,1.3477564710088097e-05,0.02209073379635811,psnr_sr_rgb_sh0,30.225449416839325,30.225449416839325,30.365054173470206,28.411482217395942,28.491558444822328,30.232377295844106,30.373013056210137,28.40087791743983,28.480837463921624,0.8608120530843735,0.8190449512004853,0.8607537710666656,0.8187964862585068,val
2026-03-10 21:03:24,s1_fp32,560,1.2814967607382432e-05,0.02198169918730855,psnr_sr_rgb_sh0,30.225476069839857,30.225476069839857,30.365076499398615,28.411482217395942,28.491558444822328,30.23240647186679,30.37303812037109,28.40087791743983,28.480837463921624,0.8608121949434281,0.8190449512004853,0.8607539039850235,0.8187964862585068,val
2026-03-10 21:04:08,s1_fp32,561,1.2168859907892904e-05,0.022185555286705495,psnr_sr_rgb_sh0,30.22551214655885,30.22551214655885,30.36509967121735,28.411482217395942,28.491558444822328,30.23245898701778,30.37308709814026,28.40087791743983,28.480837463921624,0.8608151239156723,0.8190449512004853,0.8607568448781967,0.8187964862585068,val
2026-03-10 21:04:52,s1_fp32,562,1.1539263479964535e-05,0.02193087453022599,psnr_sr_rgb_sh0,30.225608713710116,30.225608713710116,30.365166686490067,28.411482217395942,28.491558444822328,30.232548262667382,30.373150228802338,28.40087791743983,28.480837463921624,0.8608183884620666,0.8190449512004853,0.8607601875066757,0.8187964862585068,val
2026-03-10 21:05:36,s1_fp32,563,1.0926199633097156e-05,0.02199407061561942,psnr_sr_rgb_sh0,30.22555864602477,30.22555864602477,30.36509985289832,28.411482217395942,28.491558444822328,30.232513825767064,30.37309956289632,28.40087791743983,28.480837463921624,0.8608189201354981,0.8190449512004853,0.860760737657547,0.8187964862585068,val
2026-03-10 21:06:19,s1_fp32,564,1.0329689117224261e-05,0.022402376737445592,psnr_sr_rgb_sh0,30.225724428974075,30.225724428974075,30.365283739214465,28.411482217395942,28.491558444822328,30.232652413695046,30.37325145474488,28.40087791743983,28.480837463921624,0.8608211416006089,0.8190449512004853,0.8607628935575485,0.8187964862585068,val
2026-03-10 21:07:02,s1_fp32,565,9.749752122010347e-06,0.022157584633678198,psnr_sr_rgb_sh0,30.22583710041858,30.22583710041858,30.365403205533703,28.411482217395942,28.491558444822328,30.23276181632806,30.373367001127193,28.40087791743983,28.480837463921624,0.8608249747753143,0.8190449512004853,0.8607666426897049,0.8187964862585068,val
2026-03-10 21:07:50,s1_fp32,566,9.186408276168012e-06,0.02243649907410145,psnr_sr_rgb_sh0,30.225714100897253,30.225714100897253,30.365261473824194,28.411482217395942,28.491558444822328,30.232639490835286,30.373239819601473,28.40087791743983,28.480837463921624,0.8608224278688431,0.8190449512004853,0.860764104127884,0.8187964862585068,val
2026-03-10 21:08:37,s1_fp32,567,8.639676646793382e-06,0.021713372319936752,psnr_sr_rgb_sh0,30.22567336494785,30.22567336494785,30.365214399018996,28.411482217395942,28.491558444822328,30.232605111462263,30.37319051726338,28.40087791743983,28.480837463921624,0.8608244055509567,0.8190449512004853,0.8607660722732544,0.8187964862585068,val
2026-03-10 21:09:21,s1_fp32,568,8.109575738720621e-06,0.022186411637812854,psnr_sr_rgb_sh0,30.225583551110287,30.225583551110287,30.365136348521787,28.411482217395942,28.491558444822328,30.232509337845908,30.37310568779924,28.40087791743983,28.480837463921624,0.860822861790657,0.8190449512004853,0.8607645410299302,0.8187964862585068,val
2026-03-10 21:10:06,s1_fp32,569,7.59612349389599e-06,0.022882047463208436,psnr_sr_rgb_sh0,30.225504814182294,30.225504814182294,30.365058543037343,28.411482217395942,28.491558444822328,30.232426871294777,30.373021244792096,28.40087791743983,28.480837463921624,0.8608219540119171,0.8190449512004853,0.8607636457681656,0.8187964862585068,val
2026-03-10 21:10:51,s1_fp32,570,7.099337290770169e-06,0.021949431840330363,psnr_sr_rgb_sh0,30.22553379408259,30.22553379408259,30.365102655500237,28.411482217395942,28.491558444822328,30.232460198422817,30.37307412987645,28.40087791743983,28.480837463921624,0.8608242881298065,0.8190449512004853,0.8607659435272217,0.8187964862585068,val
2026-03-10 21:11:35,s1_fp32,571,6.61923394371039e-06,0.022544882800430058,psnr_sr_rgb_sh0,30.225470216893232,30.225470216893232,30.36506040669009,28.411482217395942,28.491558444822328,30.232397126011897,30.37302820432688,28.40087791743983,28.480837463921624,0.8608235102891922,0.8190449512004853,0.8607651722431183,0.8187964862585068,val
2026-03-10 21:12:20,s1_fp32,572,6.15582970243117e-06,0.022389365192502737,psnr_sr_rgb_sh0,30.225499058471836,30.225499058471836,30.36506901746952,28.411482217395942,28.491558444822328,30.23240792891279,30.373016647193086,28.40087791743983,28.480837463921624,0.8608234763145447,0.8190449512004853,0.8607650822401047,0.8187964862585068,val
2026-03-10 21:13:04,s1_fp32,573,5.709140251444201e-06,0.02277797045186162,psnr_sr_rgb_sh0,30.225544624667492,30.225544624667492,30.365074003526914,28.411482217395942,28.491558444822328,30.23246350602915,30.373038698022842,28.40087791743983,28.480837463921624,0.8608269208669662,0.8190449512004853,0.8607685565948486,0.8187964862585068,val
2026-03-10 21:13:48,s1_fp32,574,5.279180709527765e-06,0.022256320249289273,psnr_sr_rgb_sh0,30.225528325299152,30.225528325299152,30.365050616330713,28.411482217395942,28.491558444822328,30.232455138259787,30.373030598573433,28.40087791743983,28.480837463921624,0.860827654004097,0.8190449512004853,0.8607692730426788,0.8187964862585068,val
2026-03-10 21:14:33,s1_fp32,575,4.865965629214819e-06,0.02190728234127164,psnr_sr_rgb_sh0,30.225530662245195,30.225530662245195,30.365068794173826,28.411482217395942,28.491558444822328,30.23246212688823,30.373050213566675,28.40087791743983,28.480837463921624,0.8608304071426391,0.8190449512004853,0.8607720392942428,0.8187964862585068,val
2026-03-10 21:15:17,s1_fp32,576,4.469508996300664e-06,0.02135376673191786,psnr_sr_rgb_sh0,30.225465340598735,30.225465340598735,30.364994094856502,28.411482217395942,28.491558444822328,30.232394136823277,30.372977962139256,28.40087791743983,28.480837463921624,0.8608304858207703,0.8190449512004853,0.86077212870121,0.8187964862585068,val
2026-03-10 21:16:01,s1_fp32,577,4.089824229369155e-06,0.022320194020867348,psnr_sr_rgb_sh0,30.225498486757353,30.225498486757353,30.36500976024393,28.411482217395942,28.491558444822328,30.232420200319375,30.372987443779635,28.40087791743983,28.480837463921624,0.8608321332931519,0.8190449512004853,0.8607737457752228,0.8187964862585068,val
2026-03-10 21:16:45,s1_fp32,578,3.7269241793390084e-06,0.022007327526807785,psnr_sr_rgb_sh0,30.22562035464252,30.22562035464252,30.365165665893556,28.411482217395942,28.491558444822328,30.232526210007777,30.37312221461436,28.40087791743983,28.480837463921624,0.8608347034454346,0.8190449512004853,0.8607762694358826,0.8187964862585068,val
2026-03-10 21:17:29,s1_fp32,579,3.3808211290284885e-06,0.023357307836413384,psnr_sr_rgb_sh0,30.22564738945916,30.22564738945916,30.365176566013762,28.411482217395942,28.491558444822328,30.23254792901028,30.37313356558711,28.40087791743983,28.480837463921624,0.8608361178636551,0.8190449512004853,0.8607776248455048,0.8187964862585068,val
2026-03-10 21:18:14,s1_fp32,580,3.0515267927400113e-06,0.022153167184442282,psnr_sr_rgb_sh0,30.22565049742294,30.22565049742294,30.365150663122463,28.411482217395942,28.491558444822328,30.232565887799137,30.373122411523553,28.40087791743983,28.480837463921624,0.8608361083269119,0.8190449512004853,0.8607776689529419,0.8187964862585068,val
2026-03-10 21:18:58,s1_fp32,581,2.739052315863355e-06,0.022188005466014148,psnr_sr_rgb_sh0,30.225621269232946,30.225621269232946,30.365128541984046,28.411482217395942,28.491558444822328,30.23253699452908,30.37309665070075,28.40087791743983,28.480837463921624,0.8608367240428925,0.8190449512004853,0.8607782346010208,0.8187964862585068,val
2026-03-10 21:19:42,s1_fp32,582,2.4434082744984598e-06,0.021678148098289968,psnr_sr_rgb_sh0,30.225661586133572,30.225661586133572,30.365196821749507,28.411482217395942,28.491558444822328,30.23258061471557,30.373151553485812,28.40087791743983,28.480837463921624,0.8608373868465423,0.8190449512004853,0.8607789361476899,0.8187964862585068,val
2026-03-10 21:20:26,s1_fp32,583,2.1646046750978256e-06,0.022174180001020432,psnr_sr_rgb_sh0,30.22570424381727,30.22570424381727,30.365230661278225,28.411482217395942,28.491558444822328,30.23262748041925,30.373193392459488,28.40087791743983,28.480837463921624,0.860839050412178,0.8190449512004853,0.8607805782556534,0.8187964862585068,val
2026-03-10 21:21:11,s1_fp32,584,1.9026509541272275e-06,0.0230656991712749,psnr_sr_rgb_sh0,30.225731245886955,30.225731245886955,30.3652356298777,28.411482217395942,28.491558444822328,30.232653857610487,30.37320189376089,28.40087791743983,28.480837463921624,0.8608404725790024,0.8190449512004853,0.8607820212841034,0.8187964862585068,val
2026-03-10 21:21:57,s1_fp32,585,1.6575559777469718e-06,0.02217455977573991,psnr_sr_rgb_sh0,30.225796610861824,30.225796610861824,30.365274788927948,28.411482217395942,28.491558444822328,30.232708423992634,30.373236092470506,28.40087791743983,28.480837463921624,0.8608431279659271,0.8190449512004853,0.860784655213356,0.8187964862585068,val
2026-03-10 21:22:41,s1_fp32,586,1.429328041511302e-06,0.02259890325367451,psnr_sr_rgb_sh0,30.22576558119502,30.22576558119502,30.36526891292452,28.411482217395942,28.491558444822328,30.232686221186682,30.373234173958764,28.40087791743983,28.480837463921624,0.8608431833982467,0.8190449512004853,0.8607847094535828,0.8187964862585068,val
2026-03-10 21:23:26,s1_fp32,587,1.2179748700879012e-06,0.02224327513948083,psnr_sr_rgb_sh0,30.22571664135493,30.22571664135493,30.365198213602206,28.411482217395942,28.491558444822328,30.232635996036926,30.373158940370676,28.40087791743983,28.480837463921624,0.8608418244123459,0.8190449512004853,0.8607833427190781,0.8187964862585068,val
2026-03-10 21:24:10,s1_fp32,588,1.023503616996324e-06,0.021990523152053357,psnr_sr_rgb_sh0,30.225721021913344,30.225721021913344,30.365221401791146,28.411482217395942,28.491558444822328,30.232637020666278,30.37317870306143,28.40087791743983,28.480837463921624,0.8608411127328872,0.8190449512004853,0.8607825911045075,0.8187964862585068,val
2026-03-10 21:24:55,s1_fp32,589,8.459208643659122e-07,0.021703081484884024,psnr_sr_rgb_sh0,30.225772693062908,30.225772693062908,30.365256882206676,28.411482217395942,28.491558444822328,30.232689896008484,30.37321211697518,28.40087791743983,28.480837463921624,0.8608417934179307,0.8190449512004853,0.8607832878828049,0.8187964862585068,val
2026-03-10 21:25:40,s1_fp32,590,6.852326227130834e-07,0.02190142909064889,psnr_sr_rgb_sh0,30.22585672792616,30.22585672792616,30.36534274443811,28.411482217395942,28.491558444822328,30.23276786903487,30.37329146085951,28.40087791743983,28.480837463921624,0.8608433496952057,0.8190449512004853,0.8607848232984543,0.8187964862585068,val
2026-03-10 21:26:25,s1_fp32,591,5.41444330737717e-07,0.021975135188549755,psnr_sr_rgb_sh0,30.22592585843367,30.22592585843367,30.36544521866049,28.411482217395942,28.491558444822328,30.232824096768486,30.37337628913913,28.40087791743983,28.480837463921624,0.8608444380760193,0.8190449512004853,0.8607859003543854,0.8187964862585068,val
2026-03-10 21:27:11,s1_fp32,592,4.1456085513935646e-07,0.021476875599473713,psnr_sr_rgb_sh0,30.225987620233933,30.225987620233933,30.365504837289077,28.411482217395942,28.491558444822328,30.232891399070187,30.373440105139316,28.40087791743983,28.480837463921624,0.86084557056427,0.8190449512004853,0.8607870024442673,0.8187964862585068,val
2026-03-10 21:27:58,s1_fp32,593,3.0458649045211895e-07,0.022322002984583377,psnr_sr_rgb_sh0,30.226025130835318,30.226025130835318,30.36552672324659,28.411482217395942,28.491558444822328,30.232927919633326,30.37346851486166,28.40087791743983,28.480837463921624,0.8608459109067916,0.8190449512004853,0.8607873487472534,0.8187964862585068,val
2026-03-10 21:28:44,s1_fp32,594,2.1152495889970036e-07,0.02269246170297265,psnr_sr_rgb_sh0,30.226078901396836,30.226078901396836,30.365570537149928,28.411482217395942,28.491558444822328,30.232985391459614,30.373518766201823,28.40087791743983,28.480837463921624,0.8608471763134002,0.8190449512004853,0.8607885974645615,0.8187964862585068,val
2026-03-10 21:29:29,s1_fp32,595,1.3537941026914301e-07,0.021688432078808547,psnr_sr_rgb_sh0,30.226053199753142,30.226053199753142,30.365561112297634,28.411482217395942,28.491558444822328,30.23297262028053,30.3735179084871,28.40087791743983,28.480837463921624,0.8608482551574707,0.8190449512004853,0.8607896828651428,0.8187964862585068,val
2026-03-10 21:30:14,s1_fp32,596,7.615242180436521e-08,0.021561886593699457,psnr_sr_rgb_sh0,30.226111658360377,30.226111658360377,30.365636884541686,28.411482217395942,28.491558444822328,30.233027260678142,30.373585648826715,28.40087791743983,28.480837463921624,0.8608493334054947,0.8190449512004853,0.8607907181978226,0.8187964862585068,val
2026-03-10 21:31:02,s1_fp32,597,3.384599811889766e-08,0.02213766185566783,psnr_sr_rgb_sh0,30.226141682861176,30.226141682861176,30.365649240857184,28.411482217395942,28.491558444822328,30.233049153487546,30.373593481474195,28.40087791743983,28.480837463921624,0.8608503526449204,0.8190449512004853,0.8607917106151581,0.8187964862585068,val
2026-03-10 21:31:48,s1_fp32,598,8.461571127882373e-09,0.02196052810177207,psnr_sr_rgb_sh0,30.22622021054498,30.22622021054498,30.365735473548916,28.411482217395942,28.491558444822328,30.23312340137558,30.373669695152742,28.40087791743983,28.480837463921624,0.8608526825904846,0.8190449512004853,0.8607940143346786,0.8187964862585068,val
2026-03-10 21:32:33,s1_fp32,599,0.0,0.02190094979479909,psnr_sr_rgb_sh0,30.22626753667336,30.22626753667336,30.36580521416871,28.411482217395942,28.491558444822328,30.233168562284973,30.37373323952635,28.40087791743983,28.480837463921624,0.8608538120985031,0.8190449512004853,0.8607951337099076,0.8187964862585068,val
2026-03-10 21:34:44,s2_fp32,600,2e-05,0.49403156101703644,psnr_sr_rgb_sh0,30.32797306504595,30.32797306504595,30.46863572725965,28.411482217395942,28.491558444822328,30.323198154321354,30.46324318686004,28.40087791743983,28.480837463921624,0.8637592208385467,0.8190449512004853,0.8636552822589875,0.8187964862585068,val
2026-03-10 21:36:47,s2_fp32,601,2e-05,0.4879093050956726,psnr_sr_rgb_sh0,30.328522812353494,30.328522812353494,30.4691908608879,28.411482217395942,28.491558444822328,30.323746937049012,30.46379753560903,28.40087791743983,28.480837463921624,0.8637691420316697,0.8190449512004853,0.8636652219295502,0.8187964862585068,val
2026-03-10 21:38:50,s2_fp32,602,2e-05,0.5027717292308808,psnr_sr_rgb_sh0,30.329083405225038,30.329083405225038,30.469681688092397,28.411482217395942,28.491558444822328,30.324305699467963,30.464287579119304,28.40087791743983,28.480837463921624,0.8637768459320069,0.8190449512004853,0.8636729574203491,0.8187964862585068,val
2026-03-10 21:40:53,s2_fp32,603,2e-05,0.49113298892974855,psnr_sr_rgb_sh0,30.329726435085902,30.329726435085902,30.470281265947932,28.411482217395942,28.491558444822328,30.324945631582672,30.464884751003805,28.40087791743983,28.480837463921624,0.8637928736209869,0.8190449512004853,0.8636890321969986,0.8187964862585068,val
2026-03-10 21:42:57,s2_fp32,604,2e-05,0.5023841679096221,psnr_sr_rgb_sh0,30.33033085596189,30.33033085596189,30.47086504205665,28.411482217395942,28.491558444822328,30.325548849899953,30.46546815293793,28.40087791743983,28.480837463921624,0.8638038820028305,0.8190449512004853,0.863700070977211,0.8187964862585068,val
2026-03-10 21:45:00,s2_fp32,605,2e-05,0.503086895942688,psnr_sr_rgb_sh0,30.33097215976076,30.33097215976076,30.471505585222584,28.411482217395942,28.491558444822328,30.326187974162075,30.466106507460992,28.40087791743983,28.480837463921624,0.8638175457715989,0.8190449512004853,0.8637137937545777,0.8187964862585068,val
2026-03-10 21:47:03,s2_fp32,606,2e-05,0.4804365664720535,psnr_sr_rgb_sh0,30.331624455380034,30.331624455380034,30.472126178700314,28.411482217395942,28.491558444822328,30.326837494383444,30.46672607690017,28.40087791743983,28.480837463921624,0.8638287472724915,0.8190449512004853,0.8637250143289567,0.8187964862585068,val
2026-03-10 21:49:07,s2_fp32,607,2e-05,0.4979694318771362,psnr_sr_rgb_sh0,30.332184744152695,30.332184744152695,30.472666908574457,28.411482217395942,28.491558444822328,30.32739609252725,30.4672651482916,28.40087791743983,28.480837463921624,0.8638403129577636,0.8190449512004853,0.863736624121666,0.8187964862585068,val
2026-03-10 21:51:10,s2_fp32,608,2e-05,0.4893341618776321,psnr_sr_rgb_sh0,30.332758310299212,30.332758310299212,30.473243442544536,28.411482217395942,28.491558444822328,30.327966568276484,30.467840565257667,28.40087791743983,28.480837463921624,0.8638502264022827,0.8190449512004853,0.8637465870380402,0.8187964862585068,val
2026-03-10 21:53:14,s2_fp32,609,2e-05,0.4861419302225113,psnr_sr_rgb_sh0,30.333309028483036,30.333309028483036,30.47374119297247,28.411482217395942,28.491558444822328,30.32851340645667,30.468335445455054,28.40087791743983,28.480837463921624,0.8638615894317627,0.8190449512004853,0.8637579959630967,0.8187964862585068,val
2026-03-10 21:55:17,s2_fp32,610,2e-05,0.4933175802230835,psnr_sr_rgb_sh0,30.33385088239713,30.33385088239713,30.474254843543136,28.411482217395942,28.491558444822328,30.32905046765488,30.468845155999578,28.40087791743983,28.480837463921624,0.8638736802339554,0.8190449512004853,0.8637701481580734,0.8187964862585068,val
2026-03-10 21:57:20,s2_fp32,611,2e-05,0.5095376574993133,psnr_sr_rgb_sh0,30.33429803573937,30.33429803573937,30.474691114289534,28.411482217395942,28.491558444822328,30.329493870815828,30.469278773521296,28.40087791743983,28.480837463921624,0.8638817590475082,0.8190449512004853,0.8637782782316208,0.8187964862585068,val
2026-03-10 21:59:23,s2_fp32,612,2e-05,0.4875256770849228,psnr_sr_rgb_sh0,30.334765831099777,30.334765831099777,30.475100308960688,28.411482217395942,28.491558444822328,30.32995938210981,30.469686917478043,28.40087791743983,28.480837463921624,0.8638927495479584,0.8190449512004853,0.8637893176078797,0.8187964862585068,val
2026-03-10 22:01:27,s2_fp32,613,2e-05,0.48727237701416015,psnr_sr_rgb_sh0,30.33515207461586,30.33515207461586,30.475445526960645,28.411482217395942,28.491558444822328,30.330342888736176,30.470030979052016,28.40087791743983,28.480837463921624,0.8638988131284714,0.8190449512004853,0.8637954539060593,0.8187964862585068,val
2026-03-10 22:03:30,s2_fp32,614,2e-05,0.49365119755268094,psnr_sr_rgb_sh0,30.335525785873234,30.335525785873234,30.475813899553383,28.411482217395942,28.491558444822328,30.33071390676995,30.47039711561078,28.40087791743983,28.480837463921624,0.8639080858230591,0.8190449512004853,0.8638047605752945,0.8187964862585068,val
2026-03-10 22:05:33,s2_fp32,615,2e-05,0.49348181068897246,psnr_sr_rgb_sh0,30.335901864340293,30.335901864340293,30.4761563039224,28.411482217395942,28.491558444822328,30.331085876931034,30.470737679397043,28.40087791743983,28.480837463921624,0.8639165306091309,0.8190449512004853,0.8638132619857788,0.8187964862585068,val
2026-03-10 22:07:37,s2_fp32,616,2e-05,0.482985805273056,psnr_sr_rgb_sh0,30.336255455826496,30.336255455826496,30.47645589914098,28.411482217395942,28.491558444822328,30.331436032829373,30.471036248666422,28.40087791743983,28.480837463921624,0.8639250981807709,0.8190449512004853,0.8638218706846237,0.8187964862585068,val
2026-03-10 22:09:40,s2_fp32,617,2e-05,0.49254572451114653,psnr_sr_rgb_sh0,30.336571275600424,30.336571275600424,30.476735690095225,28.411482217395942,28.491558444822328,30.331748364489563,30.471313535414193,28.40087791743983,28.480837463921624,0.8639285749197007,0.8190449512004853,0.8638253957033157,0.8187964862585068,val
2026-03-10 22:11:43,s2_fp32,618,2e-05,0.4955205100774765,psnr_sr_rgb_sh0,30.336887183927498,30.336887183927498,30.47702964577029,28.411482217395942,28.491558444822328,30.332061796634534,30.471605762971173,28.40087791743983,28.480837463921624,0.8639361125230789,0.8190449512004853,0.8638330006599426,0.8187964862585068,val
2026-03-10 22:13:47,s2_fp32,619,2e-05,0.497132106423378,psnr_sr_rgb_sh0,30.33714486703687,30.33714486703687,30.477249501008988,28.411482217395942,28.491558444822328,30.332315673052484,30.47182364546312,28.40087791743983,28.480837463921624,0.8639400905370712,0.8190449512004853,0.8638370007276535,0.8187964862585068,val
2026-03-10 22:15:50,s2_fp32,620,2e-05,0.5010637646913528,psnr_sr_rgb_sh0,30.337399386374454,30.337399386374454,30.477481458108755,28.411482217395942,28.491558444822328,30.332568328307215,30.472055289663476,28.40087791743983,28.480837463921624,0.8639449965953827,0.8190449512004853,0.8638419646024704,0.8187964862585068,val
2026-03-10 22:17:53,s2_fp32,621,2e-05,0.4931373113393784,psnr_sr_rgb_sh0,30.337642337768372,30.337642337768372,30.477666158169882,28.411482217395942,28.491558444822328,30.332809026315037,30.472238106201942,28.40087791743983,28.480837463921624,0.8639498043060303,0.8190449512004853,0.8638468301296234,0.8187964862585068,val
2026-03-10 22:19:56,s2_fp32,622,2e-05,0.4973388254642487,psnr_sr_rgb_sh0,30.337864848064797,30.337864848064797,30.477872231970956,28.411482217395942,28.491558444822328,30.333030128325554,30.47244365262675,28.40087791743983,28.480837463921624,0.8639562261104584,0.8190449512004853,0.8638532823324203,0.8187964862585068,val
2026-03-10 22:21:59,s2_fp32,623,2e-05,0.49466362357139587,psnr_sr_rgb_sh0,30.338065939904183,30.338065939904183,30.478077571344883,28.411482217395942,28.491558444822328,30.33322899617822,30.472648488274498,28.40087791743983,28.480837463921624,0.8639629858732224,0.8190449512004853,0.8638601207733154,0.8187964862585068,val
2026-03-10 22:24:02,s2_fp32,624,2e-05,0.4864252680540085,psnr_sr_rgb_sh0,30.3382931035101,30.3382931035101,30.478284289737317,28.411482217395942,28.491558444822328,30.333454362701588,30.472854881916142,28.40087791743983,28.480837463921624,0.8639687967300415,0.8190449512004853,0.8638659453392029,0.8187964862585068,val
2026-03-10 22:26:06,s2_fp32,625,2e-05,0.4883484280109405,psnr_sr_rgb_sh0,30.3384628835151,30.3384628835151,30.47840155930974,28.411482217395942,28.491558444822328,30.33362397662375,30.4729724312383,28.40087791743983,28.480837463921624,0.863972579240799,0.8190449512004853,0.8638698053359986,0.8187964862585068,val
2026-03-10 22:28:08,s2_fp32,626,2e-05,0.500778135061264,psnr_sr_rgb_sh0,30.33868089039871,30.33868089039871,30.478609165939634,28.411482217395942,28.491558444822328,30.333837730132736,30.47317789273281,28.40087791743983,28.480837463921624,0.8639775788784028,0.8190449512004853,0.8638748419284821,0.8187964862585068,val
2026-03-10 22:30:12,s2_fp32,627,2e-05,0.4866898250579834,psnr_sr_rgb_sh0,30.339039550154343,30.339039550154343,30.47896834797215,28.411482217395942,28.491558444822328,30.33419565713114,30.47353851956809,28.40087791743983,28.480837463921624,0.8639840185642242,0.8190449512004853,0.8638813269138336,0.8187964862585068,val
2026-03-10 22:32:15,s2_fp32,628,2e-05,0.494528226852417,psnr_sr_rgb_sh0,30.339224697758095,30.339224697758095,30.47915407733075,28.411482217395942,28.491558444822328,30.334380676316954,30.473724933945817,28.40087791743983,28.480837463921624,0.8639907103776931,0.8190449512004853,0.8638880574703216,0.8187964862585068,val
2026-03-10 22:34:18,s2_fp32,629,2e-05,0.49972968697547915,psnr_sr_rgb_sh0,30.33944431093962,30.33944431093962,30.479327297230444,28.411482217395942,28.491558444822328,30.334599446279622,30.47389837821769,28.40087791743983,28.480837463921624,0.8639967721700669,0.8190449512004853,0.8638941591978073,0.8187964862585068,val
2026-03-10 22:36:21,s2_fp32,630,2e-05,0.4987088519334793,psnr_sr_rgb_sh0,30.339607773435972,30.339607773435972,30.47948576512833,28.411482217395942,28.491558444822328,30.33476133928605,30.474056477461758,28.40087791743983,28.480837463921624,0.8640001118183136,0.8190449512004853,0.8638975471258163,0.8187964862585068,val
2026-03-10 22:38:24,s2_fp32,631,2e-05,0.4932090336084366,psnr_sr_rgb_sh0,30.33977976576773,30.33977976576773,30.47964047839417,28.411482217395942,28.491558444822328,30.33493244996329,30.474211050737605,28.40087791743983,28.480837463921624,0.8640058743953705,0.8190449512004853,0.8639033436775208,0.8187964862585068,val
2026-03-10 22:40:28,s2_fp32,632,2e-05,0.4901665246486664,psnr_sr_rgb_sh0,30.339974713601627,30.339974713601627,30.47974419076299,28.411482217395942,28.491558444822328,30.335125984197724,30.474314744450368,28.40087791743983,28.480837463921624,0.864013506770134,0.8190449512004853,0.8639110320806503,0.8187964862585068,val
2026-03-10 22:42:31,s2_fp32,633,2e-05,0.4902623581886292,psnr_sr_rgb_sh0,30.340132683949108,30.340132683949108,30.47988100452587,28.411482217395942,28.491558444822328,30.3352826840017,30.474450713180946,28.40087791743983,28.480837463921624,0.8640176701545715,0.8190449512004853,0.8639152276515961,0.8187964862585068,val
2026-03-10 22:44:34,s2_fp32,634,2e-05,0.48188744962215424,psnr_sr_rgb_sh0,30.340253490788992,30.340253490788992,30.480012232458375,28.411482217395942,28.491558444822328,30.335401721126132,30.474580716745635,28.40087791743983,28.480837463921624,0.8640195155143737,0.8190449512004853,0.863917081952095,0.8187964862585068,val
2026-03-10 22:46:37,s2_fp32,635,2e-05,0.48243383705616,psnr_sr_rgb_sh0,30.340364964325037,30.340364964325037,30.480081641186096,28.411482217395942,28.491558444822328,30.335510377844717,30.474649159869404,28.40087791743983,28.480837463921624,0.8640233564376831,0.8190449512004853,0.8639209765195847,0.8187964862585068,val
2026-03-10 22:48:40,s2_fp32,636,2e-05,0.4930896210670471,psnr_sr_rgb_sh0,30.340485753299518,30.340485753299518,30.480172015308696,28.411482217395942,28.491558444822328,30.335629704709195,30.474739167873558,28.40087791743983,28.480837463921624,0.8640254342556,0.8190449512004853,0.8639230698347091,0.8187964862585068,val
2026-03-10 22:50:43,s2_fp32,637,2e-05,0.4944761562347412,psnr_sr_rgb_sh0,30.340623857343715,30.340623857343715,30.48029920930846,28.411482217395942,28.491558444822328,30.335766694217295,30.474866640217833,28.40087791743983,28.480837463921624,0.8640295946598053,0.8190449512004853,0.8639272707700729,0.8187964862585068,val
2026-03-10 22:52:46,s2_fp32,638,2e-05,0.49052184462547305,psnr_sr_rgb_sh0,30.340749846483483,30.340749846483483,30.48041828253404,28.411482217395942,28.491558444822328,30.335890489203784,30.474984157008336,28.40087791743983,28.480837463921624,0.864033425450325,0.8190449512004853,0.8639311355352401,0.8187964862585068,val
2026-03-10 22:54:49,s2_fp32,639,1e-05,0.4984033650159836,psnr_sr_rgb_sh0,30.340922611987708,30.340922611987708,30.480578041144703,28.411482217395942,28.491558444822328,30.33606005522021,30.47514110155243,28.40087791743983,28.480837463921624,0.8640330952405929,0.8190449512004853,0.863930835723877,0.8187964862585068,val
2026-03-10 22:56:52,s2_fp32,640,1e-05,0.4869024914503097,psnr_sr_rgb_sh0,30.34104044057002,30.34104044057002,30.48067028807571,28.411482217395942,28.491558444822328,30.336174905297415,30.475231816020095,28.40087791743983,28.480837463921624,0.8640368700027465,0.8190449512004853,0.863934640288353,0.8187964862585068,val
2026-03-10 22:58:55,s2_fp32,641,1e-05,0.48877535343170164,psnr_sr_rgb_sh0,30.34103950709273,30.34103950709273,30.480599657650476,28.411482217395942,28.491558444822328,30.336170625982636,30.475159619890675,28.40087791743983,28.480837463921624,0.8640397006273269,0.8190449512004853,0.8639374798536301,0.8187964862585068,val
2026-03-10 23:00:57,s2_fp32,642,1e-05,0.48352872431278227,psnr_sr_rgb_sh0,30.341073907138544,30.341073907138544,30.480590239979215,28.411482217395942,28.491558444822328,30.33620269668107,30.475148474604822,28.40087791743983,28.480837463921624,0.8640409505367279,0.8190449512004853,0.8639387315511704,0.8187964862585068,val
2026-03-10 23:03:01,s2_fp32,643,1e-05,0.49171260356903074,psnr_sr_rgb_sh0,30.34121802435167,30.34121802435167,30.480779338486304,28.411482217395942,28.491558444822328,30.33634509771186,30.475336390995086,28.40087791743983,28.480837463921624,0.8640428018569947,0.8190449512004853,0.8639406168460846,0.8187964862585068,val
2026-03-10 23:05:04,s2_fp32,644,1e-05,0.490592457652092,psnr_sr_rgb_sh0,30.341272527831347,30.341272527831347,30.480805440438072,28.411482217395942,28.491558444822328,30.33639822254704,30.47536168317,28.40087791743983,28.480837463921624,0.8640435361862182,0.8190449512004853,0.8639413833618164,0.8187964862585068,val
2026-03-10 23:07:07,s2_fp32,645,1e-05,0.4928590488433838,psnr_sr_rgb_sh0,30.341413990524867,30.341413990524867,30.48091431755584,28.411482217395942,28.491558444822328,30.33653830655296,30.475470596877834,28.40087791743983,28.480837463921624,0.8640460103750229,0.8190449512004853,0.863943858742714,0.8187964862585068,val
2026-03-10 23:09:10,s2_fp32,646,1e-05,0.49670400500297546,psnr_sr_rgb_sh0,30.34149626101829,30.34149626101829,30.481008050975703,28.411482217395942,28.491558444822328,30.33661704144367,30.475561351839282,28.40087791743983,28.480837463921624,0.8640443098545074,0.8190449512004853,0.8639421713352203,0.8187964862585068,val
2026-03-10 23:11:13,s2_fp32,647,1e-05,0.4915916866064072,psnr_sr_rgb_sh0,30.34158230811225,30.34158230811225,30.48108521494026,28.411482217395942,28.491558444822328,30.336702978130333,30.47563960290337,28.40087791743983,28.480837463921624,0.8640491062402725,0.8190449512004853,0.8639469867944718,0.8187964862585068,val
2026-03-10 23:13:16,s2_fp32,648,1e-05,0.49325275897979737,psnr_sr_rgb_sh0,30.34171191747346,30.34171191747346,30.48122757944832,28.411482217395942,28.491558444822328,30.33683149161775,30.47578192345145,28.40087791743983,28.480837463921624,0.8640510350465774,0.8190449512004853,0.863948923945427,0.8187964862585068,val
2026-03-10 23:15:19,s2_fp32,649,1e-05,0.48872194230556487,psnr_sr_rgb_sh0,30.34177624611924,30.34177624611924,30.481325918444202,28.411482217395942,28.491558444822328,30.336893012500003,30.47587735311904,28.40087791743983,28.480837463921624,0.8640535354614258,0.8190449512004853,0.8639514821767807,0.8187964862585068,val
2026-03-10 23:17:22,s2_fp32,650,1e-05,0.4980071330070496,psnr_sr_rgb_sh0,30.341865691797228,30.341865691797228,30.481393695596932,28.411482217395942,28.491558444822328,30.336981524664917,30.47594640705694,28.40087791743983,28.480837463921624,0.8640548884868622,0.8190449512004853,0.8639528238773346,0.8187964862585068,val
2026-03-10 23:19:25,s2_fp32,651,1e-05,0.4958948993682861,psnr_sr_rgb_sh0,30.34195763149301,30.34195763149301,30.481433606985135,28.411482217395942,28.491558444822328,30.337072282401618,30.475985602713454,28.40087791743983,28.480837463921624,0.8640569669008255,0.8190449512004853,0.8639549338817596,0.8187964862585068,val
2026-03-10 23:21:28,s2_fp32,652,1e-05,0.4992710834741592,psnr_sr_rgb_sh0,30.342044450061476,30.342044450061476,30.481530633189095,28.411482217395942,28.491558444822328,30.33715889291571,30.476082285568985,28.40087791743983,28.480837463921624,0.8640565210580826,0.8190449512004853,0.863954502940178,0.8187964862585068,val
2026-03-10 23:23:31,s2_fp32,653,1e-05,0.49273533403873443,psnr_sr_rgb_sh0,30.342058576109483,30.342058576109483,30.48157146260804,28.411482217395942,28.491558444822328,30.337171459709694,30.476121613310077,28.40087791743983,28.480837463921624,0.8640588039159774,0.8190449512004853,0.8639567935466766,0.8187964862585068,val
2026-03-10 23:25:34,s2_fp32,654,1e-05,0.49328510224819183,psnr_sr_rgb_sh0,30.342064446391074,30.342064446391074,30.48159245971453,28.411482217395942,28.491558444822328,30.337174670973287,30.476142084901923,28.40087791743983,28.480837463921624,0.8640575689077378,0.8190449512004853,0.8639555710554123,0.8187964862585068,val
2026-03-10 23:27:37,s2_fp32,655,1e-05,0.4806778246164322,psnr_sr_rgb_sh0,30.3421494601705,30.3421494601705,30.481646387780238,28.411482217395942,28.491558444822328,30.33726104119749,30.476196586918594,28.40087791743983,28.480837463921624,0.8640600419044495,0.8190449512004853,0.8639580553770065,0.8187964862585068,val
2026-03-10 23:29:40,s2_fp32,656,1e-05,0.49831061661243437,psnr_sr_rgb_sh0,30.34219042059651,30.34219042059651,30.481630158940053,28.411482217395942,28.491558444822328,30.337299516415005,30.47617975653948,28.40087791743983,28.480837463921624,0.8640619856119156,0.8190449512004853,0.8639600247144699,0.8187964862585068,val
2026-03-10 23:31:43,s2_fp32,657,1e-05,0.49547916173934936,psnr_sr_rgb_sh0,30.342227051440087,30.342227051440087,30.481670847122523,28.411482217395942,28.491558444822328,30.33733599066826,30.476221003229952,28.40087791743983,28.480837463921624,0.8640609925985336,0.8190449512004853,0.8639590257406234,0.8187964862585068,val
2026-03-10 23:33:46,s2_fp32,658,1e-05,0.490083127617836,psnr_sr_rgb_sh0,30.342250653561106,30.342250653561106,30.481703959042854,28.411482217395942,28.491558444822328,30.337358715724726,30.47625356991424,28.40087791743983,28.480837463921624,0.8640614861249923,0.8190449512004853,0.8639595437049866,0.8187964862585068,val
2026-03-10 23:35:49,s2_fp32,659,1e-05,0.4857792043685913,psnr_sr_rgb_sh0,30.342263328283302,30.342263328283302,30.48168527076648,28.411482217395942,28.491558444822328,30.33736977418143,30.476233857550515,28.40087791743983,28.480837463921624,0.8640617257356644,0.8190449512004853,0.8639597904682159,0.8187964862585068,val
2026-03-10 23:37:52,s2_fp32,660,1e-05,0.4960460764169693,psnr_sr_rgb_sh0,30.342352036900994,30.342352036900994,30.481771686871344,28.411482217395942,28.491558444822328,30.33745795178618,30.476319742393706,28.40087791743983,28.480837463921624,0.8640662598609924,0.8190449512004853,0.8639643329381943,0.8187964862585068,val
2026-03-10 23:39:55,s2_fp32,661,1e-05,0.49856297492980955,psnr_sr_rgb_sh0,30.34238780900275,30.34238780900275,30.48180987561173,28.411482217395942,28.491558444822328,30.3374938704662,30.47635887382057,28.40087791743983,28.480837463921624,0.8640661960840226,0.8190449512004853,0.86396429002285,0.8187964862585068,val
2026-03-10 23:41:58,s2_fp32,662,1e-05,0.4934403622150421,psnr_sr_rgb_sh0,30.34241669119191,30.34241669119191,30.481832430566826,28.411482217395942,28.491558444822328,30.337520311951593,30.476379976691923,28.40087791743983,28.480837463921624,0.8640666913986206,0.8190449512004853,0.8639647853374481,0.8187964862585068,val
2026-03-10 23:44:01,s2_fp32,663,1e-05,0.49969964861869814,psnr_sr_rgb_sh0,30.342452134287118,30.342452134287118,30.481842499935734,28.411482217395942,28.491558444822328,30.33755448727925,30.476390002061905,28.40087791743983,28.480837463921624,0.8640709173679352,0.8190449512004853,0.8639690393209457,0.8187964862585068,val
2026-03-10 23:46:04,s2_fp32,664,1e-05,0.4993351173400879,psnr_sr_rgb_sh0,30.342506085541334,30.342506085541334,30.48185862598547,28.411482217395942,28.491558444822328,30.337606628894463,30.47640569339355,28.40087791743983,28.480837463921624,0.8640692782402039,0.8190449512004853,0.8639673900604248,0.8187964862585068,val
2026-03-10 23:48:07,s2_fp32,665,1e-05,0.4888376098871231,psnr_sr_rgb_sh0,30.34252830230118,30.34252830230118,30.481844703462293,28.411482217395942,28.491558444822328,30.33762952363314,30.47639187500184,28.40087791743983,28.480837463921624,0.864070485830307,0.8190449512004853,0.8639685988426209,0.8187964862585068,val
2026-03-10 23:50:10,s2_fp32,666,1e-05,0.48224662959575654,psnr_sr_rgb_sh0,30.342580346057158,30.342580346057158,30.4819087147734,28.411482217395942,28.491558444822328,30.33768079636085,30.47645535282603,28.40087791743983,28.480837463921624,0.8640718191862107,0.8190449512004853,0.8639699321985245,0.8187964862585068,val
2026-03-10 23:52:13,s2_fp32,667,1e-05,0.49002416789531705,psnr_sr_rgb_sh0,30.34249558126365,30.34249558126365,30.481783079783632,28.411482217395942,28.491558444822328,30.337595327628122,30.476329289847072,28.40087791743983,28.480837463921624,0.8640725469589233,0.8190449512004853,0.8639706760644913,0.8187964862585068,val
2026-03-10 23:54:16,s2_fp32,668,1e-05,0.4984891563653946,psnr_sr_rgb_sh0,30.342656477941006,30.342656477941006,30.481954292279475,28.411482217395942,28.491558444822328,30.337755878529197,30.476500726596964,28.40087791743983,28.480837463921624,0.8640752601623535,0.8190449512004853,0.8639733988046646,0.8187964862585068,val
2026-03-10 23:56:19,s2_fp32,669,1e-05,0.4928697067499161,psnr_sr_rgb_sh0,30.342720755453566,30.342720755453566,30.482033402018278,28.411482217395942,28.491558444822328,30.337818149000636,30.47657884505811,28.40087791743983,28.480837463921624,0.8640755891799927,0.8190449512004853,0.8639737516641617,0.8187964862585068,val
2026-03-10 23:58:22,s2_fp32,670,1e-05,0.48572023153305055,psnr_sr_rgb_sh0,30.342788702549022,30.342788702549022,30.48207712952793,28.411482217395942,28.491558444822328,30.33788444659216,30.47662166746791,28.40087791743983,28.480837463921624,0.8640774339437485,0.8190449512004853,0.8639756017923355,0.8187964862585068,val
2026-03-11 00:00:25,s2_fp32,671,1e-05,0.4919851893186569,psnr_sr_rgb_sh0,30.342717798130963,30.342717798130963,30.48196064108618,28.411482217395942,28.491558444822328,30.33781192507594,30.476503515361884,28.40087791743983,28.480837463921624,0.8640757423639297,0.8190449512004853,0.863973935842514,0.8187964862585068,val
2026-03-11 00:02:28,s2_fp32,672,1e-05,0.49505335092544556,psnr_sr_rgb_sh0,30.342754187844104,30.342754187844104,30.481997335300715,28.411482217395942,28.491558444822328,30.337847171119083,30.476540673968074,28.40087791743983,28.480837463921624,0.8640770560503006,0.8190449512004853,0.86397525370121,0.8187964862585068,val
2026-03-11 00:04:31,s2_fp32,673,1e-05,0.49029693245887757,psnr_sr_rgb_sh0,30.342848311921085,30.342848311921085,30.48210851132798,28.411482217395942,28.491558444822328,30.3379409112129,30.476651447925516,28.40087791743983,28.480837463921624,0.8640771120786667,0.8190449512004853,0.8639753240346909,0.8187964862585068,val
2026-03-11 00:06:34,s2_fp32,674,1e-05,0.49955711781978607,psnr_sr_rgb_sh0,30.342884083562694,30.342884083562694,30.482105812753783,28.411482217395942,28.491558444822328,30.337976446499688,30.47664911398889,28.40087791743983,28.480837463921624,0.8640787321329116,0.8190449512004853,0.8639769434928894,0.8187964862585068,val
2026-03-11 00:08:37,s2_fp32,675,1e-05,0.4985474359989166,psnr_sr_rgb_sh0,30.342896622938806,30.342896622938806,30.482094939991693,28.411482217395942,28.491558444822328,30.337988054288697,30.47663717228095,28.40087791743983,28.480837463921624,0.8640783077478409,0.8190449512004853,0.8639765167236328,0.8187964862585068,val
2026-03-11 00:10:41,s2_fp32,676,1e-05,0.4838221800327301,psnr_sr_rgb_sh0,30.342926174339787,30.342926174339787,30.48209778678717,28.411482217395942,28.491558444822328,30.338016495795056,30.476638832727495,28.40087791743983,28.480837463921624,0.8640792137384414,0.8190449512004853,0.8639774006605149,0.8187964862585068,val
2026-03-11 00:12:44,s2_fp32,677,1e-05,0.48845436990261076,psnr_sr_rgb_sh0,30.342955634389217,30.342955634389217,30.482141451232934,28.411482217395942,28.491558444822328,30.33804698232818,30.4766848332813,28.40087791743983,28.480837463921624,0.8640811342000961,0.8190449512004853,0.8639793449640274,0.8187964862585068,val
2026-03-11 00:14:47,s2_fp32,678,1e-05,0.4978915137052536,psnr_sr_rgb_sh0,30.343006116434257,30.343006116434257,30.482181634069292,28.411482217395942,28.491558444822328,30.338096228560303,30.47672465327487,28.40087791743983,28.480837463921624,0.8640815275907516,0.8190449512004853,0.86397973716259,0.8187964862585068,val
2026-03-11 00:16:50,s2_fp32,679,5e-06,0.48690291345119474,psnr_sr_rgb_sh0,30.34307890776756,30.34307890776756,30.48230288927537,28.411482217395942,28.491558444822328,30.33816931800101,30.476846251309,28.40087791743983,28.480837463921624,0.8640802800655365,0.8190449512004853,0.8639784848690033,0.8187964862585068,val
2026-03-11 00:18:53,s2_fp32,680,5e-06,0.49395393431186674,psnr_sr_rgb_sh0,30.343118703257502,30.343118703257502,30.482328380221865,28.411482217395942,28.491558444822328,30.338208780652543,30.476871772307533,28.40087791743983,28.480837463921624,0.864082088470459,0.8190449512004853,0.8639803004264831,0.8187964862585068,val
2026-03-11 00:20:57,s2_fp32,681,5e-06,0.4959021919965744,psnr_sr_rgb_sh0,30.343180894448864,30.343180894448864,30.482351069933173,28.411482217395942,28.491558444822328,30.33827037038719,30.476894651455353,28.40087791743983,28.480837463921624,0.8640837079286575,0.8190449512004853,0.863981938958168,0.8187964862585068,val
2026-03-11 00:22:59,s2_fp32,682,5e-06,0.491069620847702,psnr_sr_rgb_sh0,30.343157965606064,30.343157965606064,30.48229594924663,28.411482217395942,28.491558444822328,30.338246511287718,30.476838780953322,28.40087791743983,28.480837463921624,0.8640866804122925,0.8190449512004853,0.8639848989248275,0.8187964862585068,val
2026-03-11 00:25:02,s2_fp32,683,5e-06,0.5041644048690795,psnr_sr_rgb_sh0,30.343182797009877,30.343182797009877,30.4822979787696,28.411482217395942,28.491558444822328,30.338269732394608,30.47684004573692,28.40087791743983,28.480837463921624,0.8640871042013168,0.8190449512004853,0.863985316157341,0.8187964862585068,val
2026-03-11 00:27:07,s2_fp32,684,5e-06,0.5118645870685578,psnr_sr_rgb_sh0,30.343212256928386,30.343212256928386,30.482364659476605,28.411482217395942,28.491558444822328,30.338297658381663,30.47690498309134,28.40087791743983,28.480837463921624,0.8640860188007354,0.8190449512004853,0.8639842450618744,0.8187964862585068,val
2026-03-11 00:29:11,s2_fp32,685,5e-06,0.483904487490654,psnr_sr_rgb_sh0,30.343222154997548,30.343222154997548,30.48235386765194,28.411482217395942,28.491558444822328,30.338307507256587,30.476894461381207,28.40087791743983,28.480837463921624,0.8640874135494232,0.8190449512004853,0.8639856481552124,0.8187964862585068,val
2026-03-11 00:31:13,s2_fp32,686,5e-06,0.4856833255290985,psnr_sr_rgb_sh0,30.343274754921737,30.343274754921737,30.48242566103982,28.411482217395942,28.491558444822328,30.338360122213675,30.476966756885403,28.40087791743983,28.480837463921624,0.8640872883796692,0.8190449512004853,0.8639855170249939,0.8187964862585068,val
2026-03-11 00:33:17,s2_fp32,687,5e-06,0.4991717904806137,psnr_sr_rgb_sh0,30.3433035042474,30.3433035042474,30.482442148472774,28.411482217395942,28.491558444822328,30.33838830245519,30.47698286221259,28.40087791743983,28.480837463921624,0.8640890401601792,0.8190449512004853,0.8639872562885285,0.8187964862585068,val
2026-03-11 00:35:21,s2_fp32,688,5e-06,0.5014005106687546,psnr_sr_rgb_sh0,30.34333257419618,30.34333257419618,30.482463878572826,28.411482217395942,28.491558444822328,30.338416739713065,30.477004530617506,28.40087791743983,28.480837463921624,0.8640880274772644,0.8190449512004853,0.8639862424135208,0.8187964862585068,val
2026-03-11 00:37:25,s2_fp32,689,5e-06,0.4961171811819077,psnr_sr_rgb_sh0,30.343345593057382,30.343345593057382,30.48249270637062,28.411482217395942,28.491558444822328,30.338429993790882,30.477034647672948,28.40087791743983,28.480837463921624,0.8640868932008743,0.8190449512004853,0.8639851206541062,0.8187964862585068,val
2026-03-11 00:39:28,s2_fp32,690,5e-06,0.4806763792037964,psnr_sr_rgb_sh0,30.343368317438184,30.343368317438184,30.482504350018054,28.411482217395942,28.491558444822328,30.33845114987064,30.47704474706451,28.40087791743983,28.480837463921624,0.8640885823965072,0.8190449512004853,0.8639868253469467,0.8187964862585068,val
2026-03-11 00:41:32,s2_fp32,691,5e-06,0.48109186828136447,psnr_sr_rgb_sh0,30.34340429226077,30.34340429226077,30.48253359597235,28.411482217395942,28.491558444822328,30.338487558064617,30.477074829651812,28.40087791743983,28.480837463921624,0.864088351726532,0.8190449512004853,0.8639865905046463,0.8187964862585068,val
2026-03-11 00:43:36,s2_fp32,692,5e-06,0.4929787141084671,psnr_sr_rgb_sh0,30.343456417046806,30.343456417046806,30.48257589039927,28.411482217395942,28.491558444822328,30.338539208996075,30.47711681728775,28.40087791743983,28.480837463921624,0.8640894812345504,0.8190449512004853,0.8639877253770828,0.8187964862585068,val
2026-03-11 00:45:40,s2_fp32,693,5e-06,0.4893061912059784,psnr_sr_rgb_sh0,30.343480356838015,30.343480356838015,30.482618921610836,28.411482217395942,28.491558444822328,30.3385632504984,30.47716040858593,28.40087791743983,28.480837463921624,0.8640901511907577,0.8190449512004853,0.8639883953332901,0.8187964862585068,val
2026-03-11 00:47:43,s2_fp32,694,5e-06,0.48052300572395323,psnr_sr_rgb_sh0,30.343498311743414,30.343498311743414,30.482625488685066,28.411482217395942,28.491558444822328,30.338580438086534,30.47716634968029,28.40087791743983,28.480837463921624,0.8640893906354904,0.8190449512004853,0.8639876306056976,0.8187964862585068,val
2026-03-11 00:49:47,s2_fp32,695,5e-06,0.4895825320482254,psnr_sr_rgb_sh0,30.343498678664933,30.343498678664933,30.48263162002958,28.411482217395942,28.491558444822328,30.338580979911555,30.477172958892456,28.40087791743983,28.480837463921624,0.8640878075361251,0.8190449512004853,0.8639860552549362,0.8187964862585068,val
2026-03-11 00:51:50,s2_fp32,696,5e-06,0.4884725224971771,psnr_sr_rgb_sh0,30.34352900326194,30.34352900326194,30.482663852528276,28.411482217395942,28.491558444822328,30.338611371172764,30.47720522463158,28.40087791743983,28.480837463921624,0.8640876269340515,0.8190449512004853,0.8639858800172806,0.8187964862585068,val
2026-03-11 00:53:54,s2_fp32,697,5e-06,0.49653277337551116,psnr_sr_rgb_sh0,30.343563830350405,30.343563830350405,30.48271055297322,28.411482217395942,28.491558444822328,30.338644672817942,30.477250691170685,28.40087791743983,28.480837463921624,0.8640885293483734,0.8190449512004853,0.863986759185791,0.8187964862585068,val
2026-03-11 00:55:59,s2_fp32,698,5e-06,0.4993307465314865,psnr_sr_rgb_sh0,30.34359458325599,30.34359458325599,30.482717030486782,28.411482217395942,28.491558444822328,30.338674655166898,30.477256709030335,28.40087791743983,28.480837463921624,0.8640893757343292,0.8190449512004853,0.8639875990152359,0.8187964862585068,val
2026-03-11 00:58:03,s2_fp32,699,5e-06,0.48227288722991946,psnr_sr_rgb_sh0,30.34360557235803,30.34360557235803,30.482732754674334,28.411482217395942,28.491558444822328,30.338686252076958,30.477273204463824,28.40087791743983,28.480837463921624,0.8640877681970597,0.8190449512004853,0.8639860010147095,0.8187964862585068,val
2026-03-11 01:00:06,s2_fp32,700,5e-06,0.49832326889038087,psnr_sr_rgb_sh0,30.34361571204161,30.34361571204161,30.48274548572353,28.411482217395942,28.491558444822328,30.33869557992728,30.47728503094117,28.40087791743983,28.480837463921624,0.864089035987854,0.8190449512004853,0.8639872676134109,0.8187964862585068,val
2026-03-11 01:02:09,s2_fp32,701,5e-06,0.48769998192787173,psnr_sr_rgb_sh0,30.343641443135525,30.343641443135525,30.48277103544912,28.411482217395942,28.491558444822328,30.338720784931997,30.477310248828488,28.40087791743983,28.480837463921624,0.8640887349843979,0.8190449512004853,0.8639869743585586,0.8187964862585068,val
2026-03-11 01:04:13,s2_fp32,702,5e-06,0.49216038167476656,psnr_sr_rgb_sh0,30.343644373028436,30.343644373028436,30.482769371513385,28.411482217395942,28.491558444822328,30.338722186559586,30.47730713019947,28.40087791743983,28.480837463921624,0.8640890604257584,0.8190449512004853,0.8639872944355012,0.8187964862585068,val
2026-03-11 01:06:16,s2_fp32,703,5e-06,0.49300522804260255,psnr_sr_rgb_sh0,30.343673712890332,30.343673712890332,30.48279605398418,28.411482217395942,28.491558444822328,30.338751552204904,30.477333879691727,28.40087791743983,28.480837463921624,0.8640904760360718,0.8190449512004853,0.8639887356758118,0.8187964862585068,val
2026-03-11 01:08:20,s2_fp32,704,5e-06,0.485754451751709,psnr_sr_rgb_sh0,30.343674225965692,30.343674225965692,30.48279511157014,28.411482217395942,28.491558444822328,30.338751676532965,30.477332853200313,28.40087791743983,28.480837463921624,0.864092316031456,0.8190449512004853,0.8639905661344528,0.8187964862585068,val
2026-03-11 01:10:23,s2_fp32,705,5e-06,0.48693853974342344,psnr_sr_rgb_sh0,30.343722251802348,30.343722251802348,30.482832106361272,28.411482217395942,28.491558444822328,30.33879932423994,30.477369378420043,28.40087791743983,28.480837463921624,0.8640919429063797,0.8190449512004853,0.8639901971817017,0.8187964862585068,val
2026-03-11 01:12:26,s2_fp32,706,5e-06,0.4850712716579437,psnr_sr_rgb_sh0,30.343748906573182,30.343748906573182,30.482848468801393,28.411482217395942,28.491558444822328,30.338824424382757,30.47738428899855,28.40087791743983,28.480837463921624,0.8640919643640518,0.8190449512004853,0.8639902085065841,0.8187964862585068,val
2026-03-11 01:14:29,s2_fp32,707,5e-06,0.4878956472873688,psnr_sr_rgb_sh0,30.34376414735805,30.34376414735805,30.482861065013466,28.411482217395942,28.491558444822328,30.338839555821615,30.47739716626091,28.40087791743983,28.480837463921624,0.8640912473201752,0.8190449512004853,0.8639894801378251,0.8187964862585068,val

2026-03-11 02:53:27,s2_fp32,708,5e-06,0.4938298213481903,psnr_sr_rgb_sh0,30.343764515359563,30.343764515359563,30.48286942159429,28.411482217395942,28.491558444822328,30.33884046929378,30.477406399567943,28.40087791743983,28.480837463921624,0.8640920001268387,0.8190449512004853,0.8639902448654175,0.8187964862585068,val
2026-03-11 02:55:32,s2_fp32,709,5e-06,0.49498014569282534,psnr_sr_rgb_sh0,30.343833062458042,30.343833062458042,30.482908470178913,28.411482217395942,28.491558444822328,30.338907980093946,30.477444376836992,28.40087791743983,28.480837463921624,0.8640929281711578,0.8190449512004853,0.8639911669492721,0.8187964862585068,val
2026-03-11 02:57:36,s2_fp32,710,5e-06,0.5030311954021454,psnr_sr_rgb_sh0,30.343827582073,30.343827582073,30.482901479901948,28.411482217395942,28.491558444822328,30.338903000930213,30.477438109985325,28.40087791743983,28.480837463921624,0.8640959084033966,0.8190449512004853,0.863994135260582,0.8187964862585068,val
2026-03-11 02:59:40,s2_fp32,711,5e-06,0.4985370981693268,psnr_sr_rgb_sh0,30.343868749444933,30.343868749444933,30.482940107591652,28.411482217395942,28.491558444822328,30.33894469195106,30.477477710667575,28.40087791743983,28.480837463921624,0.8640957862138748,0.8190449512004853,0.8639940285682678,0.8187964862585068,val
2026-03-11 03:04:25,s2_fp32,712,5e-06,0.49380045354366303,psnr_sr_rgb_sh0,30.343870081652977,30.343870081652977,30.48292419929982,28.411482217395942,28.491558444822328,30.338945232989857,30.477460978158135,28.40087791743983,28.480837463921624,0.8640965694189071,0.8190449512004853,0.8639948213100433,0.8187964862585068,val
2026-03-11 03:06:32,s2_fp32,713,5e-06,0.49495591402053835,psnr_sr_rgb_sh0,30.343917842079687,30.343917842079687,30.482968033242614,28.411482217395942,28.491558444822328,30.3389925352945,30.47750481876777,28.40087791743983,28.480837463921624,0.8640975785255433,0.8190449512004853,0.8639958208799362,0.8187964862585068,val
2026-03-11 03:29:43,s2_fp32,714,5e-06,0.4937785214185715,psnr_sr_rgb_sh0,30.34391207695204,30.34391207695204,30.48295998937368,28.411482217395942,28.491558444822328,30.338986693692096,30.477497269665616,28.40087791743983,28.480837463921624,0.8640975749492645,0.8190449512004853,0.8639958095550537,0.8187964862585068,val
2026-03-11 03:31:46,s2_fp32,715,5e-06,0.49493329882621767,psnr_sr_rgb_sh0,30.34395113031513,30.34395113031513,30.482991416449064,28.411482217395942,28.491558444822328,30.33902530652261,30.477528493918125,28.40087791743983,28.480837463921624,0.8640974879264831,0.8190449512004853,0.8639957296848297,0.8187964862585068,val
2026-03-11 03:33:49,s2_fp32,716,5e-06,0.5030030739307404,psnr_sr_rgb_sh0,30.343925780715782,30.343925780715782,30.482924993534112,28.411482217395942,28.491558444822328,30.33899926110842,30.47746106490125,28.40087791743983,28.480837463921624,0.8640989685058593,0.8190449512004853,0.8639971989393235,0.8187964862585068,val
2026-03-11 03:35:53,s2_fp32,717,5e-06,0.4985117173194885,psnr_sr_rgb_sh0,30.343941012256273,30.343941012256273,30.482915059628255,28.411482217395942,28.491558444822328,30.339014238813032,30.477450368359367,28.40087791743983,28.480837463921624,0.8641005676984786,0.8190449512004853,0.8639987939596177,0.8187964862585068,val
2026-03-11 03:37:56,s2_fp32,718,5e-06,0.49115115106105806,psnr_sr_rgb_sh0,30.343939047142467,30.343939047142467,30.482917072431107,28.411482217395942,28.491558444822328,30.33901100912496,30.477451470662544,28.40087791743983,28.480837463921624,0.8640996742248536,0.8190449512004853,0.8639979195594788,0.8187964862585068,val
2026-03-11 03:39:59,s2_fp32,719,2.5e-06,0.48771067082881925,psnr_sr_rgb_sh0,30.343939847565142,30.343939847565142,30.482917594349423,28.411482217395942,28.491558444822328,30.339011241452795,30.47745153876881,28.40087791743983,28.480837463921624,0.8640996688604354,0.8190449512004853,0.8639979088306426,0.8187964862585068,val
2026-03-11 03:42:01,s2_fp32,720,2.5e-06,0.49857662081718446,psnr_sr_rgb_sh0,30.34392036342943,30.34392036342943,30.482885115485875,28.411482217395942,28.491558444822328,30.338989965284682,30.47741733358844,28.40087791743983,28.480837463921624,0.8641000950336456,0.8190449512004853,0.8639983147382736,0.8187964862585068,val
2026-03-11 03:44:04,s2_fp32,721,2.5e-06,0.4980681782960892,psnr_sr_rgb_sh0,30.34394209146868,30.34394209146868,30.482917290272095,28.411482217395942,28.491558444822328,30.339011102630078,30.47744974666316,28.40087791743983,28.480837463921624,0.8640984845161438,0.8190449512004853,0.863996701836586,0.8187964862585068,val
2026-03-11 03:46:07,s2_fp32,722,2.5e-06,0.5055809462070465,psnr_sr_rgb_sh0,30.34396963838246,30.34396963838246,30.482949741096903,28.411482217395942,28.491558444822328,30.339038186276852,30.477481986069293,28.40087791743983,28.480837463921624,0.8640979367494583,0.8190449512004853,0.8639961731433868,0.8187964862585068,val
2026-03-11 03:48:10,s2_fp32,723,2.5e-06,0.4961299586296082,psnr_sr_rgb_sh0,30.343937819609128,30.343937819609128,30.482867781641357,28.411482217395942,28.491558444822328,30.339005685060968,30.477399563440436,28.40087791743983,28.480837463921624,0.8641000372171402,0.8190449512004853,0.8639982855319976,0.8187964862585068,val
2026-03-11 03:50:13,s2_fp32,724,2.5e-06,0.4823281216621399,psnr_sr_rgb_sh0,30.343898866134253,30.343898866134253,30.48280209394422,28.411482217395942,28.491558444822328,30.338966595669056,30.477333569724166,28.40087791743983,28.480837463921624,0.8641000288724899,0.8190449512004853,0.8639982771873475,0.8187964862585068,val
2026-03-11 03:52:16,s2_fp32,725,2.5e-06,0.4918509203195572,psnr_sr_rgb_sh0,30.34393164102712,30.34393164102712,30.48282544810883,28.411482217395942,28.491558444822328,30.338999115001332,30.477356615742007,28.40087791743983,28.480837463921624,0.8641008293628692,0.8190449512004853,0.8639990794658661,0.8187964862585068,val
2026-03-11 03:54:19,s2_fp32,726,2.5e-06,0.4853105819225311,psnr_sr_rgb_sh0,30.34399199958562,30.34399199958562,30.48289762934473,28.411482217395942,28.491558444822328,30.339059769853407,30.477429610655676,28.40087791743983,28.480837463921624,0.8641013616323471,0.8190449512004853,0.8639996260404587,0.8187964862585068,val
2026-03-11 03:56:22,s2_fp32,727,2.5e-06,0.490038041472435,psnr_sr_rgb_sh0,30.343983096078496,30.343983096078496,30.482884005731503,28.411482217395942,28.491558444822328,30.339051061371624,30.47741625673419,28.40087791743983,28.480837463921624,0.8641025328636169,0.8190449512004853,0.8640007883310318,0.8187964862585068,val
2026-03-11 03:58:25,s2_fp32,728,2.5e-06,0.49238410890102385,psnr_sr_rgb_sh0,30.344011539597574,30.344011539597574,30.48294389874352,28.411482217395942,28.491558444822328,30.33907916546606,30.477475898487018,28.40087791743983,28.480837463921624,0.8641017252206802,0.8190449512004853,0.8639999908208847,0.8187964862585068,val
2026-03-11 04:00:28,s2_fp32,729,2.5e-06,0.4902564066648483,psnr_sr_rgb_sh0,30.344010422176044,30.344010422176044,30.482950626672817,28.411482217395942,28.491558444822328,30.339077234333896,30.477482576205126,28.40087791743983,28.480837463921624,0.8641027015447617,0.8190449512004853,0.8640009737014771,0.8187964862585068,val
2026-03-11 04:02:31,s2_fp32,730,2.5e-06,0.4895922434329987,psnr_sr_rgb_sh0,30.344047349612346,30.344047349612346,30.48297160874251,28.411482217395942,28.491558444822328,30.33911438177444,30.477503899668086,28.40087791743983,28.480837463921624,0.864102703332901,0.8190449512004853,0.8640009826421737,0.8187964862585068,val
2026-03-11 04:04:33,s2_fp32,731,2.5e-06,0.5021380448341369,psnr_sr_rgb_sh0,30.34406979636208,30.34406979636208,30.483014262511798,28.411482217395942,28.491558444822328,30.339136649854876,30.47754686460933,28.40087791743983,28.480837463921624,0.8641037261486053,0.8190449512004853,0.8640020030736923,0.8187964862585068,val
2026-03-11 04:06:36,s2_fp32,732,2.5e-06,0.48903527796268464,psnr_sr_rgb_sh0,30.344112723084237,30.344112723084237,30.48303037366343,28.411482217395942,28.491558444822328,30.339179067866944,30.477562751443173,28.40087791743983,28.480837463921624,0.8641048401594162,0.8190449512004853,0.8640031117200851,0.8187964862585068,val
2026-03-11 04:08:39,s2_fp32,733,2.5e-06,0.49521267890930176,psnr_sr_rgb_sh0,30.34414479296765,30.34414479296765,30.483057855100114,28.411482217395942,28.491558444822328,30.339211400165315,30.47759061434125,28.40087791743983,28.480837463921624,0.8641042625904083,0.8190449512004853,0.8640025436878205,0.8187964862585068,val
2026-03-11 04:10:42,s2_fp32,734,2.5e-06,0.4854155105352402,psnr_sr_rgb_sh0,30.34417855965788,30.34417855965788,30.48307877142649,28.411482217395942,28.491558444822328,30.33924479164702,30.477611656906678,28.40087791743983,28.480837463921624,0.8641059750318527,0.8190449512004853,0.8640042603015899,0.8187964862585068,val
2026-03-11 04:12:45,s2_fp32,735,2.5e-06,0.4929043692350388,psnr_sr_rgb_sh0,30.344186944312614,30.344186944312614,30.483095989618462,28.411482217395942,28.491558444822328,30.339253332152598,30.477629253154838,28.40087791743983,28.480837463921624,0.8641070318222046,0.8190449512004853,0.8640052962303162,0.8187964862585068,val
2026-03-11 04:14:48,s2_fp32,736,2.5e-06,0.49755694687366486,psnr_sr_rgb_sh0,30.34411568664341,30.34411568664341,30.482995698526075,28.411482217395942,28.491558444822328,30.339181243840844,30.477527592038555,28.40087791743983,28.480837463921624,0.8641069912910462,0.8190449512004853,0.8640052622556686,0.8187964862585068,val
2026-03-11 04:16:51,s2_fp32,737,2.5e-06,0.49248624324798584,psnr_sr_rgb_sh0,30.344131048240687,30.344131048240687,30.483034544232996,28.411482217395942,28.491558444822328,30.339197126572568,30.47756726752607,28.40087791743983,28.480837463921624,0.8641057544946671,0.8190449512004853,0.8640040183067321,0.8187964862585068,val
2026-03-11 04:18:53,s2_fp32,738,2.5e-06,0.48991440832614896,psnr_sr_rgb_sh0,30.34408580511401,30.34408580511401,30.482985892231888,28.411482217395942,28.491558444822328,30.339151590759965,30.477517685363868,28.40087791743983,28.480837463921624,0.8641038453578949,0.8190449512004853,0.8640021008253097,0.8187964862585068,val
2026-03-11 04:20:56,s2_fp32,739,2.5e-06,0.49656376540660857,psnr_sr_rgb_sh0,30.344098279395585,30.344098279395585,30.483001707076237,28.411482217395942,28.491558444822328,30.33916343048115,30.47753299737542,28.40087791743983,28.480837463921624,0.8641021925210953,0.8190449512004853,0.864000461101532,0.8187964862585068,val
2026-03-11 04:23:02,s2_fp32,740,2.5e-06,0.4936081510782242,psnr_sr_rgb_sh0,30.344093067808785,30.344093067808785,30.48299613189679,28.411482217395942,28.491558444822328,30.33915838381875,30.47752803322206,28.40087791743983,28.480837463921624,0.8641025072336197,0.8190449512004853,0.8640007698535919,0.8187964862585068,val
2026-03-11 04:25:05,s2_fp32,741,2.5e-06,0.48180745244026185,psnr_sr_rgb_sh0,30.344111473361078,30.344111473361078,30.48300634906069,28.411482217395942,28.491558444822328,30.33917657868767,30.477537992568887,28.40087791743983,28.480837463921624,0.8641046434640884,0.8190449512004853,0.8640028989315033,0.8187964862585068,val
2026-03-11 04:27:08,s2_fp32,742,2.5e-06,0.4878739959001541,psnr_sr_rgb_sh0,30.34410373710638,30.34410373710638,30.482987647363302,28.411482217395942,28.491558444822328,30.339169281673644,30.477519516001003,28.40087791743983,28.480837463921624,0.8641040706634522,0.8190449512004853,0.8640023356676102,0.8187964862585068,val
2026-03-11 04:29:11,s2_fp32,743,2.5e-06,0.4915955209732056,psnr_sr_rgb_sh0,30.344108587628753,30.344108587628753,30.48299875642364,28.411482217395942,28.491558444822328,30.339174402704067,30.477531174574114,28.40087791743983,28.480837463921624,0.8641051161289215,0.8190449512004853,0.8640033841133118,0.8187964862585068,val
2026-03-11 04:31:14,s2_fp32,744,2.5e-06,0.49141684830188753,psnr_sr_rgb_sh0,30.344105224204363,30.344105224204363,30.48298356959408,28.411482217395942,28.491558444822328,30.33917042739938,30.477516090287025,28.40087791743983,28.480837463921624,0.8641070663928986,0.8190449512004853,0.8640053313970566,0.8187964862585068,val
2026-03-11 04:33:17,s2_fp32,745,2.5e-06,0.49334814071655275,psnr_sr_rgb_sh0,30.344197468611473,30.344197468611473,30.483113938119395,28.411482217395942,28.491558444822328,30.339262964884885,30.477646570722136,28.40087791743983,28.480837463921624,0.8641071313619614,0.8190449512004853,0.8640053933858871,0.8187964862585068,val
2026-03-11 04:35:20,s2_fp32,746,2.5e-06,0.4997408318519592,psnr_sr_rgb_sh0,30.344239340727736,30.344239340727736,30.4831456823525,28.411482217395942,28.491558444822328,30.339304311633423,30.47767844248689,28.40087791743983,28.480837463921624,0.864107460975647,0.8190449512004853,0.8640057331323624,0.8187964862585068,val
2026-03-11 04:37:22,s2_fp32,747,2.5e-06,0.49115647733211515,psnr_sr_rgb_sh0,30.344250514281747,30.344250514281747,30.483141061385325,28.411482217395942,28.491558444822328,30.339316632314958,30.477674309362914,28.40087791743983,28.480837463921624,0.8641073608398437,0.8190449512004853,0.864005616903305,0.8187964862585068,val
2026-03-11 04:39:25,s2_fp32,748,2.5e-06,0.4913166093826294,psnr_sr_rgb_sh0,30.344262973038703,30.344262973038703,30.4831199746759,28.411482217395942,28.491558444822328,30.339328450332086,30.477652673229883,28.40087791743983,28.480837463921624,0.8641084742546081,0.8190449512004853,0.8640067356824875,0.8187964862585068,val
2026-03-11 04:41:28,s2_fp32,749,2.5e-06,0.4974049836397171,psnr_sr_rgb_sh0,30.344302353174385,30.344302353174385,30.48319089586177,28.411482217395942,28.491558444822328,30.33936815990457,30.477724148976332,28.40087791743983,28.480837463921624,0.8641082549095154,0.8190449512004853,0.8640065038204193,0.8187964862585068,val
2026-03-11 04:43:31,s2_fp32,750,2.5e-06,0.49043012022972104,psnr_sr_rgb_sh0,30.344358373089385,30.344358373089385,30.483269626612106,28.411482217395942,28.491558444822328,30.33942433851464,30.477803576152052,28.40087791743983,28.480837463921624,0.8641084980964661,0.8190449512004853,0.8640067368745804,0.8187964862585068,val
2026-03-11 08:26:37,s2_fp32,751,2.5e-06,0.49373564720153806,psnr_sr_rgb_sh0,30.344368335513572,30.344368335513572,30.483285567661092,28.411482217395942,28.491558444822328,30.339434540788893,30.477820321011418,28.40087791743983,28.480837463921624,0.8641075676679612,0.8190449512004853,0.8640058010816574,0.8187964862585068,val
2026-03-11 08:28:40,s2_fp32,752,2.5e-06,0.49488638043403627,psnr_sr_rgb_sh0,30.34437988784659,30.34437988784659,30.48329672722402,28.411482217395942,28.491558444822328,30.339445852789833,30.47783134543191,28.40087791743983,28.480837463921624,0.8641074734926224,0.8190449512004853,0.8640057122707367,0.8187964862585068,val
2026-03-11 08:30:43,s2_fp32,753,2.5e-06,0.5029457890987397,psnr_sr_rgb_sh0,30.344411255993165,30.344411255993165,30.483316870513104,28.411482217395942,28.491558444822328,30.339477326161617,30.477851928653596,28.40087791743983,28.480837463921624,0.8641077220439911,0.8190449512004853,0.8640059620141983,0.8187964862585068,val
2026-03-11 08:32:46,s2_fp32,754,2.5e-06,0.4984546190500259,psnr_sr_rgb_sh0,30.344426060681307,30.344426060681307,30.483337850334497,28.411482217395942,28.491558444822328,30.339492202907653,30.47787307042058,28.40087791743983,28.480837463921624,0.8641069030761719,0.8190449512004853,0.8640051382780075,0.8187964862585068,val
2026-03-11 08:34:49,s2_fp32,755,2.5e-06,0.49108321964740753,psnr_sr_rgb_sh0,30.34442566832784,30.34442566832784,30.483336684789627,28.411482217395942,28.491558444822328,30.33949167033695,30.477872044655886,28.40087791743983,28.480837463921624,0.8641058558225632,0.8190449512004853,0.8640040844678879,0.8187964862585068,val
2026-03-11 08:36:52,s2_fp32,756,2.5e-06,0.4876519912481308,psnr_sr_rgb_sh0,30.34442153971726,30.34442153971726,30.483341672280403,28.411482217395942,28.491558444822328,30.339487237403347,30.47787650991417,28.40087791743983,28.480837463921624,0.8641066235303879,0.8190449512004853,0.8640048485994339,0.8187964862585068,val
2026-03-11 08:38:55,s2_fp32,757,2.5e-06,0.49853026390075683,psnr_sr_rgb_sh0,30.34442501294468,30.34442501294468,30.483332134616234,28.411482217395942,28.491558444822328,30.33948942704279,30.477865860292912,28.40087791743983,28.480837463921624,0.864106827378273,0.8190449512004853,0.8640050548315048,0.8187964862585068,val
2026-03-11 08:40:58,s2_fp32,758,2.5e-06,0.4980241721868515,psnr_sr_rgb_sh0,30.34444989034211,30.34444989034211,30.483325281532768,28.411482217395942,28.491558444822328,30.33951475532449,30.477859827704016,28.40087791743983,28.480837463921624,0.8641080462932587,0.8190449512004853,0.8640062510967255,0.8187964862585068,val
2026-03-11 08:43:00,s2_fp32,759,1.25e-06,0.5055350977182388,psnr_sr_rgb_sh0,30.344471264511657,30.344471264511657,30.48333884017054,28.411482217395942,28.491558444822328,30.33953631160125,30.477873773242877,28.40087791743983,28.480837463921624,0.8641085845232009,0.8190449512004853,0.864006786942482,0.8187964862585068,val
2026-03-11 08:45:03,s2_fp32,760,1.25e-06,0.49607609808444975,psnr_sr_rgb_sh0,30.34449138252653,30.34449138252653,30.483364652654263,28.411482217395942,28.491558444822328,30.3395563546672,30.477899588818982,28.40087791743983,28.480837463921624,0.8641095161437988,0.8190449512004853,0.8640077275037765,0.8187964862585068,val
2026-03-11 08:47:05,s2_fp32,761,1.25e-06,0.4822801047563553,psnr_sr_rgb_sh0,30.344489014083155,30.344489014083155,30.483370288258403,28.411482217395942,28.491558444822328,30.339553221956404,30.47790469671072,28.40087791743983,28.480837463921624,0.8641088539361954,0.8190449512004853,0.8640070778131484,0.8187964862585068,val
2026-03-11 08:49:08,s2_fp32,762,1.25e-06,0.49180239558219907,psnr_sr_rgb_sh0,30.344484654887747,30.344484654887747,30.48337529604612,28.411482217395942,28.491558444822328,30.339548649855033,30.47790944383562,28.40087791743983,28.480837463921624,0.8641082984209061,0.8190449512004853,0.864006507396698,0.8187964862585068,val
2026-03-11 08:51:11,s2_fp32,763,1.25e-06,0.48526220202445985,psnr_sr_rgb_sh0,30.344497475655555,30.344497475655555,30.483378866156794,28.411482217395942,28.491558444822328,30.339561520650573,30.477913166243884,28.40087791743983,28.480837463921624,0.8641088855266571,0.8190449512004853,0.8640070945024491,0.8187964862585068,val
2026-03-11 08:53:14,s2_fp32,764,1.25e-06,0.48999185383319854,psnr_sr_rgb_sh0,30.34448336281467,30.34448336281467,30.483390808846295,28.411482217395942,28.491558444822328,30.33954693414331,30.47792479451344,28.40087791743983,28.480837463921624,0.8641085320711136,0.8190449512004853,0.8640067422389984,0.8187964862585068,val
2026-03-11 08:55:17,s2_fp32,765,1.25e-06,0.49233872056007383,psnr_sr_rgb_sh0,30.34448378446699,30.34448378446699,30.483379073845704,28.411482217395942,28.491558444822328,30.339547026629546,30.477913154713157,28.40087791743983,28.480837463921624,0.8641082948446274,0.8190449512004853,0.864006495475769,0.8187964862585068,val
2026-03-11 08:57:20,s2_fp32,766,1.25e-06,0.4902123111486435,psnr_sr_rgb_sh0,30.344467389726866,30.344467389726866,30.483358066195848,28.411482217395942,28.491558444822328,30.339530620194424,30.477892170489834,28.40087791743983,28.480837463921624,0.8641087096929551,0.8190449512004853,0.8640069270133972,0.8187964862585068,val
2026-03-11 08:59:23,s2_fp32,767,1.25e-06,0.4895491999387741,psnr_sr_rgb_sh0,30.344481732421045,30.344481732421045,30.48336240645267,28.411482217395942,28.491558444822328,30.33954550072357,30.477896745030694,28.40087791743983,28.480837463921624,0.8641075098514557,0.8190449512004853,0.8640057146549225,0.8187964862585068,val
2026-03-11 09:01:26,s2_fp32,768,1.25e-06,0.5020946192741395,psnr_sr_rgb_sh0,30.344497226345666,30.344497226345666,30.483382048619987,28.411482217395942,28.491558444822328,30.3395600566415,30.477915772355264,28.40087791743983,28.480837463921624,0.8641078966856003,0.8190449512004853,0.8640061020851135,0.8187964862585068,val
2026-03-11 09:03:29,s2_fp32,769,1.25e-06,0.48899168610572813,psnr_sr_rgb_sh0,30.344505048621887,30.344505048621887,30.483380250115456,28.411482217395942,28.491558444822328,30.339567710295753,30.477913766766246,28.40087791743983,28.480837463921624,0.8641098183393479,0.8190449512004853,0.864008030295372,0.8187964862585068,val
2026-03-11 09:05:32,s2_fp32,770,1.25e-06,0.4951717084646225,psnr_sr_rgb_sh0,30.344503399601027,30.344503399601027,30.483388129610542,28.411482217395942,28.491558444822328,30.33956601059041,30.477921796444544,28.40087791743983,28.480837463921624,0.8641096442937851,0.8190449512004853,0.8640078711509704,0.8187964862585068,val
2026-03-11 09:07:35,s2_fp32,771,1.25e-06,0.48537334442138674,psnr_sr_rgb_sh0,30.344524977594855,30.344524977594855,30.48339737455685,28.411482217395942,28.491558444822328,30.339587969095536,30.477931153983853,28.40087791743983,28.480837463921624,0.864110956788063,0.8190449512004853,0.8640091794729233,0.8187964862585068,val
2026-03-11 09:09:38,s2_fp32,772,1.25e-06,0.49286348223686216,psnr_sr_rgb_sh0,30.344522486150268,30.344522486150268,30.483409011109085,28.411482217395942,28.491558444822328,30.339585371350722,30.47794370269653,28.40087791743983,28.480837463921624,0.8641108447313308,0.8190449512004853,0.8640090668201447,0.8187964862585068,val
2026-03-11 09:11:41,s2_fp32,773,1.25e-06,0.4975181657075882,psnr_sr_rgb_sh0,30.344531015681632,30.344531015681632,30.483421972816892,28.411482217395942,28.491558444822328,30.339594345408774,30.477957028443516,28.40087791743983,28.480837463921624,0.8641106683015823,0.8190449512004853,0.8640088945627212,0.8187964862585068,val
2026-03-11 09:13:44,s2_fp32,774,1.25e-06,0.4924450320005417,psnr_sr_rgb_sh0,30.344531001597833,30.344531001597833,30.483411347982592,28.411482217395942,28.491558444822328,30.33959429864162,30.477946212028375,28.40087791743983,28.480837463921624,0.8641103118658066,0.8190449512004853,0.8640085220336914,0.8187964862585068,val
2026-03-11 09:15:47,s2_fp32,775,1.25e-06,0.4898774987459183,psnr_sr_rgb_sh0,30.34453291494473,30.34453291494473,30.483411319232378,28.411482217395942,28.491558444822328,30.339596845514958,30.47794675856035,28.40087791743983,28.480837463921624,0.8641100525856018,0.8190449512004853,0.8640082585811615,0.8187964862585068,val
2026-03-11 09:17:50,s2_fp32,776,1.25e-06,0.496523334980011,psnr_sr_rgb_sh0,30.34449050332053,30.34449050332053,30.483359609935448,28.411482217395942,28.491558444822328,30.339553988065145,30.477894266453877,28.40087791743983,28.480837463921624,0.8641115897893905,0.8190449512004853,0.8640098041296005,0.8187964862585068,val
2026-03-11 09:19:53,s2_fp32,777,1.25e-06,0.4935690951347351,psnr_sr_rgb_sh0,30.344489851320066,30.344489851320066,30.483362141584973,28.411482217395942,28.491558444822328,30.33955322418595,30.477896446480177,28.40087791743983,28.480837463921624,0.8641112339496613,0.8190449512004853,0.8640094363689422,0.8187964862585068,val
2026-03-11 09:21:59,s2_fp32,778,1.25e-06,0.4817709767818451,psnr_sr_rgb_sh0,30.344470310602716,30.344470310602716,30.483342930310457,28.411482217395942,28.491558444822328,30.33953378838083,30.477877075614998,28.40087791743983,28.480837463921624,0.8641108757257462,0.8190449512004853,0.8640090876817703,0.8187964862585068,val
2026-03-11 09:24:02,s2_fp32,779,1.25e-06,0.4878364771604538,psnr_sr_rgb_sh0,30.344471668028426,30.344471668028426,30.483351499155603,28.411482217395942,28.491558444822328,30.339535395276734,30.477886017338925,28.40087791743983,28.480837463921624,0.8641105502843857,0.8190449512004853,0.8640087538957596,0.8187964862585068,val
2026-03-11 09:26:05,s2_fp32,780,1.25e-06,0.49155780076980593,psnr_sr_rgb_sh0,30.344475611045336,30.344475611045336,30.483372373900593,28.411482217395942,28.491558444822328,30.339539045160155,30.477906853363628,28.40087791743983,28.480837463921624,0.8641093015670777,0.8190449512004853,0.864007504582405,0.8187964862585068,val
2026-03-11 09:28:08,s2_fp32,781,1.25e-06,0.49138023316860197,psnr_sr_rgb_sh0,30.344509254595764,30.344509254595764,30.483402532434184,28.411482217395942,28.491558444822328,30.33957222270538,30.47793697503339,28.40087791743983,28.480837463921624,0.8641100198030471,0.8190449512004853,0.8640082252025604,0.8187964862585068,val
2026-03-11 09:30:10,s2_fp32,782,1.25e-06,0.4933114731311798,psnr_sr_rgb_sh0,30.344519097143245,30.344519097143245,30.48341195156349,28.411482217395942,28.491558444822328,30.33958200771258,30.477946320855523,28.40087791743983,28.480837463921624,0.8641106420755387,0.8190449512004853,0.8640088438987732,0.8187964862585068,val
2026-03-11 09:32:13,s2_fp32,783,1.25e-06,0.49970328748226167,psnr_sr_rgb_sh0,30.34452672788156,30.34452672788156,30.48341999699808,28.411482217395942,28.491558444822328,30.33958983264227,30.477954443232044,28.40087791743983,28.480837463921624,0.8641116297245026,0.8190449512004853,0.8640098422765732,0.8187964862585068,val
2026-03-11 09:34:16,s2_fp32,784,1.25e-06,0.4911245489120483,psnr_sr_rgb_sh0,30.34455000808317,30.34455000808317,30.483437832056655,28.411482217395942,28.491558444822328,30.339613509468276,30.477972720618382,28.40087791743983,28.480837463921624,0.8641124653816223,0.8190449512004853,0.8640106779336929,0.8187964862585068,val
2026-03-11 09:36:19,s2_fp32,785,1.25e-06,0.49127928018569944,psnr_sr_rgb_sh0,30.34455376149406,30.34455376149406,30.4834384163078,28.411482217395942,28.491558444822328,30.33961710831128,30.477973137854846,28.40087791743983,28.480837463921624,0.8641121983528137,0.8190449512004853,0.8640104085206985,0.8187964862585068,val
2026-03-11 09:38:23,s2_fp32,786,1.25e-06,0.49737041652202607,psnr_sr_rgb_sh0,30.34456288968782,30.34456288968782,30.483434440485507,28.411482217395942,28.491558444822328,30.33962594876337,30.477969128430303,28.40087791743983,28.480837463921624,0.8641116577386856,0.8190449512004853,0.8640098595619201,0.8187964862585068,val
2026-03-11 09:40:26,s2_fp32,787,1.25e-06,0.49039641082286833,psnr_sr_rgb_sh0,30.344575125641832,30.344575125641832,30.48342660913578,28.411482217395942,28.491558444822328,30.339638607972024,30.477961684795105,28.40087791743983,28.480837463921624,0.8641120851039886,0.8190449512004853,0.8640102910995483,0.8187964862585068,val
2026-03-11 09:42:28,s2_fp32,788,1.25e-06,0.49140301525592806,psnr_sr_rgb_sh0,30.344591210813793,30.344591210813793,30.483444893603508,28.411482217395942,28.491558444822328,30.339654135993165,30.477979323105345,28.40087791743983,28.480837463921624,0.864112035036087,0.8190449512004853,0.8640102511644363,0.8187964862585068,val
2026-03-11 09:44:31,s2_fp32,789,1.25e-06,0.48840820252895356,psnr_sr_rgb_sh0,30.344601625647815,30.344601625647815,30.48345567444837,28.411482217395942,28.491558444822328,30.339664764515707,30.477990495902695,28.40087791743983,28.480837463921624,0.8641118067502975,0.8190449512004853,0.8640100175142288,0.8187964862585068,val
2026-03-11 09:46:34,s2_fp32,790,1.25e-06,0.4889843934774399,psnr_sr_rgb_sh0,30.344615296366072,30.344615296366072,30.483484058348136,28.411482217395942,28.491558444822328,30.339677924155268,30.47801865120818,28.40087791743983,28.480837463921624,0.8641110026836395,0.8190449512004853,0.8640092194080353,0.8187964862585068,val
2026-03-11 09:48:37,s2_fp32,791,1.25e-06,0.4892525351047516,psnr_sr_rgb_sh0,30.34461886446319,30.34461886446319,30.483483764350193,28.411482217395942,28.491558444822328,30.339682143638,30.478018870712518,28.40087791743983,28.480837463921624,0.8641109508275986,0.8190449512004853,0.8640091705322266,0.8187964862585068,val
2026-03-11 09:50:40,s2_fp32,792,1.25e-06,0.4863483625650406,psnr_sr_rgb_sh0,30.344615208810733,30.344615208810733,30.48347709038567,28.411482217395942,28.491558444822328,30.33967817406498,30.478012112740718,28.40087791743983,28.480837463921624,0.8641102331876754,0.8190449512004853,0.8640084332227707,0.8187964862585068,val
2026-03-11 09:52:43,s2_fp32,793,1.25e-06,0.49420792996883395,psnr_sr_rgb_sh0,30.344624833601056,30.344624833601056,30.483479395421664,28.411482217395942,28.491558444822328,30.33968761273731,30.478014192026794,28.40087791743983,28.480837463921624,0.8641104799509048,0.8190449512004853,0.8640086853504181,0.8187964862585068,val
2026-03-11 09:54:46,s2_fp32,794,1.25e-06,0.4965269446372986,psnr_sr_rgb_sh0,30.344621967738366,30.344621967738366,30.483488273203637,28.411482217395942,28.491558444822328,30.339684601240123,30.478023016895012,28.40087791743983,28.480837463921624,0.8641108840703964,0.8190449512004853,0.8640090870857239,0.8187964862585068,val
2026-03-11 09:56:49,s2_fp32,795,1.25e-06,0.49322658956050874,psnr_sr_rgb_sh0,30.344615541186645,30.344615541186645,30.48348994432417,28.411482217395942,28.491558444822328,30.339678030568724,30.478024787393625,28.40087791743983,28.480837463921624,0.8641098719835282,0.8190449512004853,0.8640080630779267,0.8187964862585068,val
2026-03-11 09:58:52,s2_fp32,796,1.25e-06,0.4949077880382538,psnr_sr_rgb_sh0,30.344620222122767,30.344620222122767,30.48349153468093,28.411482217395942,28.491558444822328,30.339682565361326,30.478026513645535,28.40087791743983,28.480837463921624,0.864110199213028,0.8190449512004853,0.8640083962678909,0.8187964862585068,val
2026-03-11 10:00:55,s2_fp32,797,1.25e-06,0.4855333656072617,psnr_sr_rgb_sh0,30.34461144304864,30.34461144304864,30.483485900685324,28.411482217395942,28.491558444822328,30.339673877412977,30.478020677761688,28.40087791743983,28.480837463921624,0.8641102260351181,0.8190449512004853,0.8640084278583526,0.8187964862585068,val
2026-03-11 10:04:07,s2_fp32,798,1.25e-06,0.49370589792728425,psnr_sr_rgb_sh0,30.344618622379286,30.344618622379286,30.48348519773816,28.411482217395942,28.491558444822328,30.33968112440987,30.478020201725666,28.40087791743983,28.480837463921624,0.8641101264953613,0.8190449512004853,0.8640083074569702,0.8187964862585068,val
2026-03-11 10:06:10,s2_fp32,799,6.25e-07,0.49485411584377287,psnr_sr_rgb_sh0,30.344623263222005,30.344623263222005,30.48348735267119,28.411482217395942,28.491558444822328,30.33968590430113,30.478022338170714,28.40087791743983,28.480837463921624,0.8641094988584519,0.8190449512004853,0.8640076792240143,0.8187964862585068,val
2026-03-11 10:08:14,s2_fp32,800,6.25e-07,0.502906801700592,psnr_sr_rgb_sh0,30.344632302789023,30.344632302789023,30.483493860295095,28.411482217395942,28.491558444822328,30.339695117759028,30.47802898447869,28.40087791743983,28.480837463921624,0.86410957634449,0.8190449512004853,0.8640077590942383,0.8187964862585068,val
2026-03-11 10:10:17,s2_fp32,801,6.25e-07,0.49841889083385466,psnr_sr_rgb_sh0,30.34463554872309,30.34463554872309,30.483498208109676,28.411482217395942,28.491558444822328,30.33969801613671,30.478033055227982,28.40087791743983,28.480837463921624,0.8641092789173126,0.8190449512004853,0.8640074586868286,0.8187964862585068,val
2026-03-11 10:12:20,s2_fp32,802,6.25e-07,0.49104519963264465,psnr_sr_rgb_sh0,30.34464261483127,30.34464261483127,30.483502122103506,28.411482217395942,28.491558444822328,30.339705363798622,30.478037008348174,28.40087791743983,28.480837463921624,0.8641096460819244,0.8190449512004853,0.8640078270435333,0.8187964862585068,val
2026-03-11 10:14:23,s2_fp32,803,6.25e-07,0.48761408030986786,psnr_sr_rgb_sh0,30.344645365303467,30.344645365303467,30.483495631868774,28.411482217395942,28.491558444822328,30.33970783111952,30.478030037813078,28.40087791743983,28.480837463921624,0.8641097933053971,0.8190449512004853,0.8640079700946808,0.8187964862585068,val
2026-03-11 10:16:26,s2_fp32,804,6.25e-07,0.4984926438331604,psnr_sr_rgb_sh0,30.344641911438167,30.344641911438167,30.48349234646319,28.411482217395942,28.491558444822328,30.339704237566384,30.478026668460174,28.40087791743983,28.480837463921624,0.8641097587347031,0.8190449512004853,0.864007939696312,0.8187964862585068,val
2026-03-11 10:18:29,s2_fp32,805,6.25e-07,0.49798640310764314,psnr_sr_rgb_sh0,30.344650607858128,30.344650607858128,30.483502972869793,28.411482217395942,28.491558444822328,30.33971234723118,30.478036804325196,28.40087791743983,28.480837463921624,0.864109725356102,0.8190449512004853,0.8640079087018967,0.8187964862585068,val
2026-03-11 10:20:33,s2_fp32,806,6.25e-07,0.5055030465126038,psnr_sr_rgb_sh0,30.344648575165348,30.344648575165348,30.483502278682018,28.411482217395942,28.491558444822328,30.33971053097031,30.478036453323156,28.40087791743983,28.480837463921624,0.8641088253259659,0.8190449512004853,0.8640069979429245,0.8187964862585068,val
2026-03-11 10:22:36,s2_fp32,807,6.25e-07,0.49604658246040345,psnr_sr_rgb_sh0,30.344653075611447,30.344653075611447,30.48350514655315,28.411482217395942,28.491558444822328,30.339714850258908,30.478039320179487,28.40087791743983,28.480837463921624,0.86410977602005,0.8190449512004853,0.864007950425148,0.8187964862585068,val
2026-03-11 10:24:39,s2_fp32,808,6.25e-07,0.48225231349468234,psnr_sr_rgb_sh0,30.34465519421803,30.34465519421803,30.48351777098545,28.411482217395942,28.491558444822328,30.33971711501398,30.478052313836034,28.40087791743983,28.480837463921624,0.864109668135643,0.8190449512004853,0.8640078461170196,0.8187964862585068,val
2026-03-11 10:26:43,s2_fp32,809,6.25e-07,0.49177770495414735,psnr_sr_rgb_sh0,30.344650153487073,30.344650153487073,30.483514636906484,28.411482217395942,28.491558444822328,30.33971199489547,30.478049468551298,28.40087791743983,28.480837463921624,0.864109324812889,0.8190449512004853,0.8640075105428696,0.8187964862585068,val
2026-03-11 10:28:47,s2_fp32,810,6.25e-07,0.4852378499507904,psnr_sr_rgb_sh0,30.344633043472417,30.344633043472417,30.483478703887126,28.411482217395942,28.491558444822328,30.339694899621545,30.478013638265598,28.40087791743983,28.480837463921624,0.8641105270385743,0.8190449512004853,0.8640086877346039,0.8187964862585068,val
2026-03-11 10:30:50,s2_fp32,811,6.25e-07,0.4899667251110077,psnr_sr_rgb_sh0,30.344634545140384,30.344634545140384,30.48348331096109,28.411482217395942,28.491558444822328,30.339696056048066,30.478018034524894,28.40087791743983,28.480837463921624,0.8641109180450439,0.8190449512004853,0.8640090942382812,0.8187964862585068,val
2026-03-11 10:32:53,s2_fp32,812,6.25e-07,0.4923138576745987,psnr_sr_rgb_sh0,30.34464405935379,30.34464405935379,30.48348288235885,28.411482217395942,28.491558444822328,30.339705568706403,30.478017399489513,28.40087791743983,28.480837463921624,0.8641114836931229,0.8190449512004853,0.8640096628665924,0.8187964862585068,val
2026-03-11 10:34:56,s2_fp32,813,6.25e-07,0.4901860970258713,psnr_sr_rgb_sh0,30.344618919542953,30.344618919542953,30.48344378934316,28.411482217395942,28.491558444822328,30.33968013983997,30.47797780598116,28.40087791743983,28.480837463921624,0.8641118603944778,0.8190449512004853,0.8640100413560867,0.8187964862585068,val
2026-03-11 10:36:59,s2_fp32,814,6.25e-07,0.48952455043792725,psnr_sr_rgb_sh0,30.344616237600864,30.344616237600864,30.483449259962256,28.411482217395942,28.491558444822328,30.339677989315035,30.477983794906304,28.40087791743983,28.480837463921624,0.8641119366884231,0.8190449512004853,0.8640101093053818,0.8187964862585068,val
2026-03-11 10:39:03,s2_fp32,815,6.25e-07,0.5020685416460037,psnr_sr_rgb_sh0,30.344621921850894,30.344621921850894,30.483467149614864,28.411482217395942,28.491558444822328,30.339683046378173,30.47800150867744,28.40087791743983,28.480837463921624,0.8641118371486664,0.8190449512004853,0.86401003241539,0.8187964862585068,val
2026-03-11 10:41:06,s2_fp32,816,6.25e-07,0.4889661282300949,psnr_sr_rgb_sh0,30.34462216792322,30.34462216792322,30.48346019544716,28.411482217395942,28.491558444822328,30.339683532265028,30.477994597780008,28.40087791743983,28.480837463921624,0.8641123658418656,0.8190449512004853,0.8640105646848678,0.8187964862585068,val
2026-03-11 10:43:09,s2_fp32,817,6.25e-07,0.49515039920806886,psnr_sr_rgb_sh0,30.34460787322585,30.34460787322585,30.48344445177653,28.411482217395942,28.491558444822328,30.339669214844477,30.477978822830433,28.40087791743983,28.480837463921624,0.8641126245260239,0.8190449512004853,0.8640108120441437,0.8187964862585068,val
2026-03-11 10:45:12,s2_fp32,818,6.25e-07,0.48534883320331573,psnr_sr_rgb_sh0,30.34462280184766,30.34462280184766,30.483462004899287,28.411482217395942,28.491558444822328,30.339684035249107,30.477996638329095,28.40087791743983,28.480837463921624,0.8641134852170944,0.8190449512004853,0.8640116649866104,0.8187964862585068,val
2026-03-11 10:47:15,s2_fp32,819,6.25e-07,0.49283971726894377,psnr_sr_rgb_sh0,30.344632215378862,30.344632215378862,30.48347581905176,28.411482217395942,28.491558444822328,30.339693583147668,30.478010513987588,28.40087791743983,28.480837463921624,0.8641131365299225,0.8190449512004853,0.8640113133192062,0.8187964862585068,val
2026-03-11 11:05:55,s3_qat,0,2e-06,0.6616836201446131,psnr_sr_rgb_sh0,29.961732934269747,29.961732934269747,30.196439923055667,28.411482217395942,28.491558444822328,29.976109451010124,30.21253594656337,28.40087791743983,28.480837463921624,0.8571284627914428,0.8190449512004853,0.8571012377738952,0.8187964862585068,val
2026-03-11 11:07:59,s3_qat,1,2e-06,0.6713292740005999,psnr_sr_rgb_sh0,30.022870075750117,30.022870075750117,30.24495452227744,28.411482217395942,28.491558444822328,30.03330267409802,30.255710311535417,28.40087791743983,28.480837463921624,0.8577095860242844,0.8190449512004853,0.8576717734336853,0.8187964862585068,val
2026-03-11 11:10:05,s3_qat,2,2e-06,0.6735047154407948,psnr_sr_rgb_sh0,30.066489687579416,30.066489687579416,30.283353879300858,28.411482217395942,28.491558444822328,30.072191140580863,30.289182004497444,28.40087791743983,28.480837463921624,0.8579002743959427,0.8190449512004853,0.8578512400388718,0.8187964862585068,val
2026-03-11 11:12:11,s3_qat,3,2e-06,0.6712793025374413,psnr_sr_rgb_sh0,29.97533553864199,29.97533553864199,30.22880074113255,28.411482217395942,28.491558444822328,29.978718739560172,30.23243762797853,28.40087791743983,28.480837463921624,0.8580076122283935,0.8190449512004853,0.857950953245163,0.8187964862585068,val
2026-03-11 11:14:16,s3_qat,4,2e-06,0.6781419224524871,psnr_sr_rgb_sh0,30.069425723080162,30.069425723080162,30.283100412737998,28.411482217395942,28.491558444822328,30.070309759958864,30.283716202442847,28.40087791743983,28.480837463921624,0.8582545083761215,0.8190449512004853,0.8581933385133743,0.8187964862585068,val
2026-03-11 11:16:21,s3_qat,5,2e-06,0.6594004454091191,psnr_sr_rgb_sh0,30.07843675286223,30.07843675286223,30.285246759426585,28.411482217395942,28.491558444822328,30.07963991865979,30.286083933756778,28.40087791743983,28.480837463921624,0.858115268945694,0.8190449512004853,0.8580543923377991,0.8187964862585068,val
2026-03-11 11:18:23,s3_qat,6,2e-06,0.6694868587236852,psnr_sr_rgb_sh0,30.0379302148597,30.0379302148597,30.27000397101818,28.411482217395942,28.491558444822328,30.03803201671462,30.26997035792587,28.40087791743983,28.480837463921624,0.8582598161697388,0.8190449512004853,0.8581934595108032,0.8187964862585068,val
2026-03-11 11:20:23,s3_qat,7,2e-06,0.6700081182550639,psnr_sr_rgb_sh0,30.04072843721399,30.04072843721399,30.266894157874006,28.411482217395942,28.491558444822328,30.040453174094818,30.26654325305029,28.40087791743983,28.480837463921624,0.858147582411766,0.8190449512004853,0.8580803316831589,0.8187964862585068,val
2026-03-11 11:22:27,s3_qat,8,2e-06,0.6556659020716324,psnr_sr_rgb_sh0,30.080936707441964,30.080936707441964,30.29714061415569,28.411482217395942,28.491558444822328,30.08061500962766,30.296738059137468,28.40087791743983,28.480837463921624,0.858475512266159,0.8190449512004853,0.8584082239866256,0.8187964862585068,val
2026-03-11 11:24:28,s3_qat,9,2e-06,0.6666822622716427,psnr_sr_rgb_sh0,29.989228712514127,29.989228712514127,30.239342090519294,28.411482217395942,28.491558444822328,29.988422065217655,30.238428931943844,28.40087791743983,28.480837463921624,0.8583029061555862,0.8190449512004853,0.8582323789596558,0.8187964862585068,val
2026-03-11 11:26:28,s3_qat,10,2e-06,0.6634047851152718,psnr_sr_rgb_sh0,30.00336306294881,30.00336306294881,30.2408581834285,28.411482217395942,28.491558444822328,30.00237430700609,30.239757660409033,28.40087791743983,28.480837463921624,0.8583381909132004,0.8190449512004853,0.858267851471901,0.8187964862585068,val
2026-03-11 11:28:31,s3_qat,11,2e-06,0.668662881469354,psnr_sr_rgb_sh0,30.05717934865376,30.05717934865376,30.274758742486092,28.411482217395942,28.491558444822328,30.055789102208546,30.273283337357675,28.40087791743983,28.480837463921624,0.8584129643440247,0.8190449512004853,0.85834048807621,0.8187964862585068,val
2026-03-11 11:30:32,s3_qat,12,2e-06,0.6618703556898982,psnr_sr_rgb_sh0,30.085771374254637,30.085771374254637,30.289947440886472,28.411482217395942,28.491558444822328,30.083831417593093,30.287781629618312,28.40087791743983,28.480837463921624,0.8584298670291901,0.8190449512004853,0.8583582979440689,0.8187964862585068,val
2026-03-11 11:32:34,s3_qat,13,2e-06,0.6642121648415923,psnr_sr_rgb_sh0,30.0971361605707,30.0971361605707,30.309953169837762,28.411482217395942,28.491558444822328,30.09566136099272,30.308436626683534,28.40087791743983,28.480837463921624,0.8585824733972549,0.8190449512004853,0.8585123759508133,0.8187964862585068,val
2026-03-11 11:34:37,s3_qat,14,2e-06,0.6563212842307985,psnr_sr_rgb_sh0,30.08297616031846,30.08297616031846,30.293695865252356,28.411482217395942,28.491558444822328,30.08178346722025,30.292418708434425,28.40087791743983,28.480837463921624,0.8586051291227341,0.8190449512004853,0.8585368812084198,0.8187964862585068,val
2026-03-11 11:36:37,s3_qat,15,2e-06,0.6761371610546485,psnr_sr_rgb_sh0,30.019909688290777,30.019909688290777,30.25183638634965,28.411482217395942,28.491558444822328,30.01793738709245,30.249817818254684,28.40087791743983,28.480837463921624,0.8584523403644562,0.8190449512004853,0.8583789879083633,0.8187964862585068,val
2026-03-11 11:38:36,s3_qat,16,2e-06,0.6604310880880803,psnr_sr_rgb_sh0,30.072827966691662,30.072827966691662,30.28781003773711,28.411482217395942,28.491558444822328,30.07089875794662,30.285768658086614,28.40087791743983,28.480837463921624,0.8584403985738754,0.8190449512004853,0.8583682680130005,0.8187964862585068,val
2026-03-11 11:40:38,s3_qat,17,2e-06,0.6687409993354231,psnr_sr_rgb_sh0,30.118261665217574,30.118261665217574,30.319254038057917,28.411482217395942,28.491558444822328,30.11553249236207,30.316297914804622,28.40087791743983,28.480837463921624,0.8582445299625396,0.8190449512004853,0.8581702822446823,0.8187964862585068,val
2026-03-11 11:42:38,s3_qat,18,2e-06,0.6599712416855619,psnr_sr_rgb_sh0,30.06699791406858,30.06699791406858,30.274694950690012,28.411482217395942,28.491558444822328,30.064494021960453,30.27203383070543,28.40087791743983,28.480837463921624,0.8583744663000107,0.8190449512004853,0.85830217897892,0.8187964862585068,val
2026-03-11 11:44:38,s3_qat,19,2e-06,0.6634516892489046,psnr_sr_rgb_sh0,30.00617591540683,30.00617591540683,30.243910779755197,28.411482217395942,28.491558444822328,30.003447310984694,30.241210577720736,28.40087791743983,28.480837463921624,0.8583610212802887,0.8190449512004853,0.8582860273122788,0.8187964862585068,val
2026-03-11 11:46:41,s3_qat,20,2e-06,0.6598897528927773,psnr_sr_rgb_sh0,30.057357840409797,30.057357840409797,30.282233659814516,28.411482217395942,28.491558444822328,30.05450079571051,30.279415453300768,28.40087791743983,28.480837463921624,0.8584815031290054,0.8190449512004853,0.8584064429998398,0.8187964862585068,val
2026-03-11 11:48:41,s3_qat,21,2e-06,0.6610428773565218,psnr_sr_rgb_sh0,30.123990495547655,30.123990495547655,30.32721895412301,28.411482217395942,28.491558444822328,30.121385623529576,30.32446451817068,28.40087791743983,28.480837463921624,0.8584407144784927,0.8190449512004853,0.858368171453476,0.8187964862585068,val
2026-03-11 11:50:41,s3_qat,22,2e-06,0.6714902630262077,psnr_sr_rgb_sh0,30.04581998489009,30.04581998489009,30.269176029453774,28.411482217395942,28.491558444822328,30.042734122120226,30.265982137489864,28.40087791743983,28.480837463921624,0.8583101749420166,0.8190449512004853,0.8582344400882721,0.8187964862585068,val
2026-03-11 11:52:43,s3_qat,23,2e-06,0.6626276289951056,psnr_sr_rgb_sh0,30.079518269992874,30.079518269992874,30.30258911612447,28.411482217395942,28.491558444822328,30.07639716102751,30.299456728754212,28.40087791743983,28.480837463921624,0.8585583609342575,0.8190449512004853,0.858484303355217,0.8187964862585068,val
2026-03-11 11:54:46,s3_qat,24,2e-06,0.665419004810974,psnr_sr_rgb_sh0,30.08065508999406,30.08065508999406,30.29882361686782,28.411482217395942,28.491558444822328,30.07758582050211,30.295633064014083,28.40087791743983,28.480837463921624,0.8585800063610077,0.8190449512004853,0.8585065066814422,0.8187964862585068,val
2026-03-11 11:56:51,s3_qat,25,2e-06,0.6521004664245993,psnr_sr_rgb_sh0,29.98438701207644,29.98438701207644,30.23540135851517,28.411482217395942,28.491558444822328,29.98097117315983,30.231994357308896,28.40087791743983,28.480837463921624,0.8584424942731858,0.8190449512004853,0.8583657878637314,0.8187964862585068,val
2026-03-11 11:58:58,s3_qat,26,2e-06,0.6528231731243431,psnr_sr_rgb_sh0,30.100737851293598,30.100737851293598,30.311555022309467,28.411482217395942,28.491558444822328,30.097475210047563,30.30811821175554,28.40087791743983,28.480837463921624,0.8586464560031891,0.8190449512004853,0.8585717618465424,0.8187964862585068,val
2026-03-11 12:01:06,s3_qat,27,2e-06,0.6662609525304287,psnr_sr_rgb_sh0,30.119183898980136,30.119183898980136,30.32157456740883,28.411482217395942,28.491558444822328,30.11601025619909,30.31812070984479,28.40087791743983,28.480837463921624,0.8586167299747467,0.8190449512004853,0.8585420137643814,0.8187964862585068,val
2026-03-11 12:03:09,s3_qat,28,2e-06,0.662352757146582,psnr_sr_rgb_sh0,30.09043113727978,30.09043113727978,30.304538694136937,28.411482217395942,28.491558444822328,30.087171644142142,30.301068604145772,28.40087791743983,28.480837463921624,0.8586613875627518,0.8190449512004853,0.8585853540897369,0.8187964862585068,val
2026-03-11 12:05:13,s3_qat,29,2e-06,0.6598693336453288,psnr_sr_rgb_sh0,30.09045153777506,30.09045153777506,30.305560111682425,28.411482217395942,28.491558444822328,30.087015213515677,30.30188514596114,28.40087791743983,28.480837463921624,0.8586091041564942,0.8190449512004853,0.8585314577817917,0.8187964862585068,val
2026-03-11 12:07:17,s3_qat,30,2e-06,0.6727199286641553,psnr_sr_rgb_sh0,30.064323845029097,30.064323845029097,30.28728156667254,28.411482217395942,28.491558444822328,30.060776690560232,30.28363406614998,28.40087791743983,28.480837463921624,0.8585945779085159,0.8190449512004853,0.8585164397954941,0.8187964862585068,val
2026-03-11 12:09:23,s3_qat,31,2e-06,0.6509729685541242,psnr_sr_rgb_sh0,29.940021419473574,29.940021419473574,30.21280981517243,28.411482217395942,28.491558444822328,29.93625362381555,30.208979639072595,28.40087791743983,28.480837463921624,0.8583890187740326,0.8190449512004853,0.8583085161447525,0.8187964862585068,val
2026-03-11 12:11:29,s3_qat,32,2e-06,0.6732199260778725,psnr_sr_rgb_sh0,30.110259218299706,30.110259218299706,30.32255724962804,28.411482217395942,28.491558444822328,30.106725192668293,30.318899969431598,28.40087791743983,28.480837463921624,0.8584503889083862,0.8190449512004853,0.858373013138771,0.8187964862585068,val
2026-03-11 12:13:34,s3_qat,33,2e-06,0.6653020752873272,psnr_sr_rgb_sh0,30.05922097289156,30.05922097289156,30.286060964480544,28.411482217395942,28.491558444822328,30.05545950662747,30.28217380488616,28.40087791743983,28.480837463921624,0.8584502220153809,0.8190449512004853,0.85837118268013,0.8187964862585068,val
2026-03-11 12:15:43,s3_qat,34,2e-06,0.6648588311672211,psnr_sr_rgb_sh0,30.104311174618346,30.104311174618346,30.316993384431633,28.411482217395942,28.491558444822328,30.100902590474654,30.31337110749706,28.40087791743983,28.480837463921624,0.8586470240354538,0.8190449512004853,0.8585686093568802,0.8187964862585068,val
2026-03-11 12:18:19,s3_qat,35,2e-06,0.6667930958885699,psnr_sr_rgb_sh0,30.084765933501966,30.084765933501966,30.302995225928594,28.411482217395942,28.491558444822328,30.081261144553164,30.29931866515014,28.40087791743983,28.480837463921624,0.8585054886341095,0.8190449512004853,0.8584276521205902,0.8187964862585068,val
2026-03-11 12:20:36,s3_qat,36,2e-06,0.6690497133648023,psnr_sr_rgb_sh0,30.123778453835772,30.123778453835772,30.33120709336051,28.411482217395942,28.491558444822328,30.12024532126111,30.327496084199396,28.40087791743983,28.480837463921624,0.8586713302135468,0.8190449512004853,0.8585932034254075,0.8187964862585068,val
2026-03-11 12:23:12,s3_qat,37,2e-06,0.6513985921023413,psnr_sr_rgb_sh0,30.077764674896034,30.077764674896034,30.29692440368211,28.411482217395942,28.491558444822328,30.074021415622525,30.292987716688327,28.40087791743983,28.480837463921624,0.8585161924362182,0.8190449512004853,0.8584363460540771,0.8187964862585068,val
2026-03-11 12:25:13,s3_qat,38,2e-06,0.6751044254470616,psnr_sr_rgb_sh0,30.129391813532706,30.129391813532706,30.325359309852537,28.411482217395942,28.491558444822328,30.125583887383982,30.321321406954826,28.40087791743983,28.480837463921624,0.858645931482315,0.8190449512004853,0.8585666513442993,0.8187964862585068,val
2026-03-11 12:27:15,s3_qat,39,1e-06,0.671439027977176,psnr_sr_rgb_sh0,29.993187834999873,29.993187834999873,30.244837092968304,28.411482217395942,28.491558444822328,29.98928542051167,30.240815132322954,28.40087791743983,28.480837463921624,0.8583170843124389,0.8190449512004853,0.8582350331544876,0.8187964862585068,val
2026-03-11 12:29:21,s3_qat,40,1e-06,0.6694228871306405,psnr_sr_rgb_sh0,30.11237940220365,30.11237940220365,30.316617276268303,28.411482217395942,28.491558444822328,30.10854518638582,30.31257284808333,28.40087791743983,28.480837463921624,0.8584928274154663,0.8190449512004853,0.8584121680259704,0.8187964862585068,val
2026-03-11 12:31:22,s3_qat,41,1e-06,0.6562178970687091,psnr_sr_rgb_sh0,29.933843053383317,29.933843053383317,30.197185930143693,28.411482217395942,28.491558444822328,29.929873586174864,30.1930605010861,28.40087791743983,28.480837463921624,0.8582729619741439,0.8190449512004853,0.8581900799274444,0.8187964862585068,val
2026-03-11 12:33:24,s3_qat,42,1e-06,0.6718028355296701,psnr_sr_rgb_sh0,30.11395506004458,30.11395506004458,30.321545887671295,28.411482217395942,28.491558444822328,30.110207460182778,30.317617320714803,28.40087791743983,28.480837463921624,0.8585140699148178,0.8190449512004853,0.8584340852499008,0.8187964862585068,val
2026-03-11 12:35:29,s3_qat,43,1e-06,0.6692154798936099,psnr_sr_rgb_sh0,30.086155110832962,30.086155110832962,30.305488716957587,28.411482217395942,28.491558444822328,30.08235458622868,30.30157272647789,28.40087791743983,28.480837463921624,0.8585761308670044,0.8190449512004853,0.8584956967830658,0.8187964862585068,val
2026-03-11 12:37:30,s3_qat,44,1e-06,0.6629064712952822,psnr_sr_rgb_sh0,30.097288440780286,30.097288440780286,30.31194893567354,28.411482217395942,28.491558444822328,30.093510203860777,30.308010355204814,28.40087791743983,28.480837463921624,0.8585392785072327,0.8190449512004853,0.8584585070610047,0.8187964862585068,val
2026-03-11 12:39:32,s3_qat,45,1e-06,0.6600680141896009,psnr_sr_rgb_sh0,30.13498215082476,30.13498215082476,30.33031021218687,28.411482217395942,28.491558444822328,30.131265607752276,30.32635303808128,28.40087791743983,28.480837463921624,0.858740239739418,0.8190449512004853,0.8586594027280807,0.8187964862585068,val
2026-03-11 12:41:36,s3_qat,46,1e-06,0.669232474877499,psnr_sr_rgb_sh0,30.116151074274523,30.116151074274523,30.32375982609173,28.411482217395942,28.491558444822328,30.112330898298225,30.319722365222205,28.40087791743983,28.480837463921624,0.8585948234796524,0.8190449512004853,0.8585130554437638,0.8187964862585068,val
2026-03-11 12:43:37,s3_qat,47,1e-06,0.6669220189750195,psnr_sr_rgb_sh0,30.08692312705387,30.08692312705387,30.304465151722216,28.411482217395942,28.491558444822328,30.083094734119904,30.30047113001261,28.40087791743983,28.480837463921624,0.8586349380016327,0.8190449512004853,0.8585534191131592,0.8187964862585068,val
2026-03-11 12:45:38,s3_qat,48,1e-06,0.6682396221440285,psnr_sr_rgb_sh0,30.1055365447016,30.1055365447016,30.314847548495262,28.411482217395942,28.491558444822328,30.10170123365451,30.310817677810448,28.40087791743983,28.480837463921624,0.858635528087616,0.8190449512004853,0.8585545343160629,0.8187964862585068,val
2026-03-11 12:47:42,s3_qat,49,1e-06,0.6573623956367374,psnr_sr_rgb_sh0,30.130095904271233,30.130095904271233,30.32688715613792,28.411482217395942,28.491558444822328,30.1263631878398,30.322889011350366,28.40087791743983,28.480837463921624,0.8588150984048843,0.8190449512004853,0.8587338078022003,0.8187964862585068,val
2026-03-11 12:49:44,s3_qat,50,1e-06,0.6662778667587554,psnr_sr_rgb_sh0,30.125826276743656,30.125826276743656,30.32905667961529,28.411482217395942,28.491558444822328,30.12197897245276,30.32503205743546,28.40087791743983,28.480837463921624,0.8588942235708237,0.8190449512004853,0.8588140350580216,0.8187964862585068,val
2026-03-11 12:51:46,s3_qat,51,1e-06,0.6719765525311232,psnr_sr_rgb_sh0,30.133943493744372,30.133943493744372,30.326123741289884,28.411482217395942,28.491558444822328,30.130081288924075,30.321945254840383,28.40087791743983,28.480837463921624,0.8588409703969956,0.8190449512004853,0.8587597286701203,0.8187964862585068,val
2026-03-11 12:53:51,s3_qat,52,1e-06,0.6667198324808851,psnr_sr_rgb_sh0,30.06435908454419,30.06435908454419,30.291654996344946,28.411482217395942,28.491558444822328,30.06046076249268,30.287615828400025,28.40087791743983,28.480837463921624,0.8586273795366287,0.8190449512004853,0.8585462421178818,0.8187964862585068,val
2026-03-11 12:55:54,s3_qat,53,1e-06,0.6683063320722431,psnr_sr_rgb_sh0,30.12713221782162,30.12713221782162,30.326109690133567,28.411482217395942,28.491558444822328,30.123347908152386,30.322040399828396,28.40087791743983,28.480837463921624,0.8585988897085189,0.8190449512004853,0.858518049120903,0.8187964862585068,val
2026-03-11 12:57:58,s3_qat,54,1e-06,0.6520117139257491,psnr_sr_rgb_sh0,30.116724781515654,30.116724781515654,30.323779623459856,28.411482217395942,28.491558444822328,30.112864330247636,30.319758479140383,28.40087791743983,28.480837463921624,0.858557962179184,0.8190449512004853,0.8584780007600784,0.8187964862585068,val
2026-03-11 13:00:01,s3_qat,55,1e-06,0.6669139106525108,psnr_sr_rgb_sh0,30.12145007162936,30.12145007162936,30.324593613869595,28.411482217395942,28.491558444822328,30.11757359296132,30.320521230247166,28.40087791743983,28.480837463921624,0.85865358710289,0.8190449512004853,0.858571692109108,0.8187964862585068,val
2026-03-11 13:02:01,s3_qat,56,1e-06,0.6673335163015872,psnr_sr_rgb_sh0,30.008877968587573,30.008877968587573,30.25528540476783,28.411482217395942,28.491558444822328,30.004856031657358,30.251192457652916,28.40087791743983,28.480837463921624,0.8585940277576447,0.8190449512004853,0.8585117208957672,0.8187964862585068,val
2026-03-11 13:04:03,s3_qat,57,1e-06,0.6664610445592553,psnr_sr_rgb_sh0,30.05178802474049,30.05178802474049,30.283681031794615,28.411482217395942,28.491558444822328,30.047753129146532,30.27956227843483,28.40087791743983,28.480837463921624,0.8587670958042145,0.8190449512004853,0.8586848485469818,0.8187964862585068,val
2026-03-11 13:06:04,s3_qat,58,1e-06,0.6616613405290991,psnr_sr_rgb_sh0,30.131023186719105,30.131023186719105,30.32789601827463,28.411482217395942,28.491558444822328,30.127323551379227,30.32399213793277,28.40087791743983,28.480837463921624,0.8589592057466507,0.8190449512004853,0.8588783007860183,0.8187964862585068,val
2026-03-11 13:08:05,s3_qat,59,1e-06,0.6757746362412581,psnr_sr_rgb_sh0,30.146719553350966,30.146719553350966,30.339854207921192,28.411482217395942,28.491558444822328,30.142810423957147,30.335681355930134,28.40087791743983,28.480837463921624,0.8590347987413406,0.8190449512004853,0.8589532768726349,0.8187964862585068,val
2026-03-11 13:10:07,s3_qat,60,1e-06,0.676295438464731,psnr_sr_rgb_sh0,30.010409113897946,30.010409113897946,30.25822230274473,28.411482217395942,28.491558444822328,30.006434398058246,30.2542026743902,28.40087791743983,28.480837463921624,0.8587796914577485,0.8190449512004853,0.8586978167295456,0.8187964862585068,val
2026-03-11 13:12:08,s3_qat,61,1e-06,0.6626675181649625,psnr_sr_rgb_sh0,30.129008206269877,30.129008206269877,30.332565252456913,28.411482217395942,28.491558444822328,30.12517681013391,30.328521410332264,28.40087791743983,28.480837463921624,0.8588680392503738,0.8190449512004853,0.8587883120775223,0.8187964862585068,val
2026-03-11 13:14:09,s3_qat,62,1e-06,0.6713209328148514,psnr_sr_rgb_sh0,30.11632415328563,30.11632415328563,30.321591551443763,28.411482217395942,28.491558444822328,30.112278328460793,30.317357414483553,28.40087791743983,28.480837463921624,0.8588084644079208,0.8190449512004853,0.8587270504236222,0.8187964862585068,val
2026-03-11 13:16:11,s3_qat,63,1e-06,0.6635549193806947,psnr_sr_rgb_sh0,30.09461337953655,30.09461337953655,30.30857797204077,28.411482217395942,28.491558444822328,30.0906015438654,30.304443341345973,28.40087791743983,28.480837463921624,0.8588057267665863,0.8190449512004853,0.8587237876653672,0.8187964862585068,val
2026-03-11 13:18:12,s3_qat,64,1e-06,0.6630989645421504,psnr_sr_rgb_sh0,30.068840213831518,30.068840213831518,30.296214128815386,28.411482217395942,28.491558444822328,30.064733246471828,30.292033230650322,28.40087791743983,28.480837463921624,0.8587004840373993,0.8190449512004853,0.8586176836490631,0.8187964862585068,val
2026-03-11 13:20:12,s3_qat,65,1e-06,0.6600597260985523,psnr_sr_rgb_sh0,30.10453669873826,30.10453669873826,30.318221348717085,28.411482217395942,28.491558444822328,30.100588303483114,30.314148556085485,28.40087791743983,28.480837463921624,0.8588537865877152,0.8190449512004853,0.8587716549634934,0.8187964862585068,val
2026-03-11 13:22:14,s3_qat,66,1e-06,0.6541924076760188,psnr_sr_rgb_sh0,30.11145537960994,30.11145537960994,30.321321438601036,28.411482217395942,28.491558444822328,30.10735796494855,30.31708823124759,28.40087791743983,28.480837463921624,0.858885657787323,0.8190449512004853,0.8588026094436646,0.8187964862585068,val
2026-03-11 13:24:16,s3_qat,67,1e-06,0.6664443235378712,psnr_sr_rgb_sh0,30.07581992177846,30.07581992177846,30.29857875700629,28.411482217395942,28.491558444822328,30.07164589994717,30.29430767611229,28.40087791743983,28.480837463921624,0.8587950247526169,0.8190449512004853,0.8587120831012726,0.8187964862585068,val
2026-03-11 13:26:16,s3_qat,68,1e-06,0.6689369271788747,psnr_sr_rgb_sh0,30.116914856506433,30.116914856506433,30.319675998659196,28.411482217395942,28.491558444822328,30.112850125117134,30.31537849513961,28.40087791743983,28.480837463921624,0.8588354033231735,0.8190449512004853,0.8587526994943618,0.8187964862585068,val
2026-03-11 13:28:18,s3_qat,69,1e-06,0.6807079560216516,psnr_sr_rgb_sh0,30.129583514209195,30.129583514209195,30.331087745116875,28.411482217395942,28.491558444822328,30.125607856190786,30.326820858221687,28.40087791743983,28.480837463921624,0.8588855385780334,0.8190449512004853,0.8588035815954208,0.8187964862585068,val
2026-03-11 13:30:19,s3_qat,70,1e-06,0.6625492451991886,psnr_sr_rgb_sh0,30.130122369732884,30.130122369732884,30.323485527963918,28.411482217395942,28.491558444822328,30.126161147706657,30.319226296047205,28.40087791743983,28.480837463921624,0.8588777434825897,0.8190449512004853,0.8587960052490234,0.8187964862585068,val
2026-03-11 13:32:19,s3_qat,71,1e-06,0.6580816141690593,psnr_sr_rgb_sh0,30.11837610954161,30.11837610954161,30.325773027070937,28.411482217395942,28.491558444822328,30.11424705589543,30.321435784574195,28.40087791743983,28.480837463921624,0.8589291888475418,0.8190449512004853,0.8588455188274383,0.8187964862585068,val
2026-03-11 13:34:21,s3_qat,72,1e-06,0.6542686427244917,psnr_sr_rgb_sh0,30.061840574449423,30.061840574449423,30.28928482319912,28.411482217395942,28.491558444822328,30.057780824073088,30.285075768401008,28.40087791743983,28.480837463921624,0.8588975310325623,0.8190449512004853,0.8588160330057144,0.8187964862585068,val
2026-03-11 13:36:23,s3_qat,73,1e-06,0.6654881783295423,psnr_sr_rgb_sh0,30.104924797063724,30.104924797063724,30.318282883045313,28.411482217395942,28.491558444822328,30.101009246852897,30.31418400845285,28.40087791743983,28.480837463921624,0.8589720797538757,0.8190449512004853,0.8588914167881012,0.8187964862585068,val
2026-03-11 13:38:22,s3_qat,74,1e-06,0.6685938446037472,psnr_sr_rgb_sh0,30.0967213554452,30.0967213554452,30.312221795681495,28.411482217395942,28.491558444822328,30.092415215830446,30.307791874542158,28.40087791743983,28.480837463921624,0.8589698445796966,0.8190449512004853,0.8588867920637131,0.8187964862585068,val
2026-03-11 13:40:24,s3_qat,75,1e-06,0.6682509526703506,psnr_sr_rgb_sh0,30.140994539112445,30.140994539112445,30.335009625728524,28.411482217395942,28.491558444822328,30.13692867336273,30.33066126379106,28.40087791743983,28.480837463921624,0.858978636264801,0.8190449512004853,0.8588967716693878,0.8187964862585068,val
2026-03-11 13:42:25,s3_qat,76,1e-06,0.6628284870646894,psnr_sr_rgb_sh0,30.059528397255153,30.059528397255153,30.288160331986713,28.411482217395942,28.491558444822328,30.055252589268306,30.28378651919189,28.40087791743983,28.480837463921624,0.8589365005493164,0.8190449512004853,0.8588526064157486,0.8187964862585068,val
2026-03-11 13:44:25,s3_qat,77,1e-06,0.6672229240741581,psnr_sr_rgb_sh0,30.099458022939373,30.099458022939373,30.31079615239782,28.411482217395942,28.491558444822328,30.095231031759063,30.306401843060677,28.40087791743983,28.480837463921624,0.8588716232776642,0.8190449512004853,0.8587885046005249,0.8187964862585068,val
2026-03-11 13:46:27,s3_qat,78,1e-06,0.6505622373055666,psnr_sr_rgb_sh0,30.092145465038133,30.092145465038133,30.307162587795936,28.411482217395942,28.491558444822328,30.088038025087293,30.302901338080673,28.40087791743983,28.480837463921624,0.8589227932691574,0.8190449512004853,0.858841096162796,0.8187964862585068,val
2026-03-11 13:48:29,s3_qat,79,5e-07,0.6576978676300496,psnr_sr_rgb_sh0,30.02819642913,30.02819642913,30.26844399583514,28.411482217395942,28.491558444822328,30.02393393275584,30.264041517822157,28.40087791743983,28.480837463921624,0.8587911957502365,0.8190449512004853,0.8587073749303817,0.8187964862585068,val
2026-03-11 13:50:29,s3_qat,80,5e-07,0.6503261095192283,psnr_sr_rgb_sh0,30.029122322752933,30.029122322752933,30.270587909113875,28.411482217395942,28.491558444822328,30.024890597839654,30.26627324816076,28.40087791743983,28.480837463921624,0.8588372749090195,0.8190449512004853,0.8587526488304138,0.8187964862585068,val
2026-03-11 13:52:31,s3_qat,81,5e-07,0.6809559160564095,psnr_sr_rgb_sh0,30.0637927458319,30.0637927458319,30.29041343908091,28.411482217395942,28.491558444822328,30.05952854619881,30.28600455866463,28.40087791743983,28.480837463921624,0.8588934063911438,0.8190449512004853,0.8588091665506363,0.8187964862585068,val
2026-03-11 13:54:32,s3_qat,82,5e-07,0.6699002241902053,psnr_sr_rgb_sh0,30.13314001690574,30.13314001690574,30.332493254484785,28.411482217395942,28.491558444822328,30.12900486948607,30.328096576392795,28.40087791743983,28.480837463921624,0.858995446562767,0.8190449512004853,0.8589126712083817,0.8187964862585068,val
2026-03-11 13:56:32,s3_qat,83,5e-07,0.6703518566954881,psnr_sr_rgb_sh0,30.08093328903284,30.08093328903284,30.30156972304262,28.411482217395942,28.491558444822328,30.07657692987601,30.297062951971334,28.40087791743983,28.480837463921624,0.8589300054311753,0.8190449512004853,0.8588455122709274,0.8187964862585068,val
2026-03-11 13:58:35,s3_qat,84,5e-07,0.6583833812270313,psnr_sr_rgb_sh0,30.13290101692252,30.13290101692252,30.329858717822066,28.411482217395942,28.491558444822328,30.128795497448365,30.32548581885936,28.40087791743983,28.480837463921624,0.8589169734716415,0.8190449512004853,0.8588351398706436,0.8187964862585068,val
2026-03-11 14:00:35,s3_qat,85,5e-07,0.6686011139582843,psnr_sr_rgb_sh0,30.12294152255815,30.12294152255815,30.325049856596728,28.411482217395942,28.491558444822328,30.118872414911788,30.32076095761189,28.40087791743983,28.480837463921624,0.8588330984115601,0.8190449512004853,0.8587505966424942,0.8187964862585068,val
2026-03-11 14:02:35,s3_qat,86,5e-07,0.6684364144410938,psnr_sr_rgb_sh0,30.13841124507232,30.13841124507232,30.333993940786286,28.411482217395942,28.491558444822328,30.134331354882775,30.329617155143087,28.40087791743983,28.480837463921624,0.858950537443161,0.8190449512004853,0.8588682222366333,0.8187964862585068,val
2026-03-11 14:04:38,s3_qat,87,5e-07,0.6724694279255345,psnr_sr_rgb_sh0,30.12688433901055,30.12688433901055,30.32361385128258,28.411482217395942,28.491558444822328,30.12272787533145,30.319192116215568,28.40087791743983,28.480837463921624,0.8589359778165817,0.8190449512004853,0.8588531869649887,0.8187964862585068,val
2026-03-11 14:06:39,s3_qat,88,5e-07,0.6569826123653911,psnr_sr_rgb_sh0,30.0915666357403,30.0915666357403,30.306633180364873,28.411482217395942,28.491558444822328,30.0874332357643,30.30237641786263,28.40087791743983,28.480837463921624,0.8588667124509811,0.8190449512004853,0.8587837988138198,0.8187964862585068,val
2026-03-11 14:08:39,s3_qat,89,5e-07,0.6624063053214923,psnr_sr_rgb_sh0,30.04206282687699,30.04206282687699,30.273419813167788,28.411482217395942,28.491558444822328,30.03787559496063,30.269127305176145,28.40087791743983,28.480837463921624,0.858693767786026,0.8190449512004853,0.8586096131801605,0.8187964862585068,val
2026-03-11 14:10:42,s3_qat,90,5e-07,0.6705576904863119,psnr_sr_rgb_sh0,30.13552317003033,30.13552317003033,30.333080845693356,28.411482217395942,28.491558444822328,30.131418416578757,30.328659812186775,28.40087791743983,28.480837463921624,0.858852266073227,0.8190449512004853,0.8587686896324158,0.8187964862585068,val
2026-03-11 14:12:42,s3_qat,91,5e-07,0.6572767708171159,psnr_sr_rgb_sh0,30.125847928722173,30.125847928722173,30.330355799218673,28.411482217395942,28.491558444822328,30.121600846367492,30.325886636688356,28.40087791743983,28.480837463921624,0.8589385128021241,0.8190449512004853,0.8588545191287994,0.8187964862585068,val
2026-03-11 14:14:42,s3_qat,92,5e-07,0.6742760093417018,psnr_sr_rgb_sh0,30.147746435825347,30.147746435825347,30.341799494511974,28.411482217395942,28.491558444822328,30.143663324723626,30.337424165315518,28.40087791743983,28.480837463921624,0.8588937926292419,0.8190449512004853,0.8588120704889297,0.8187964862585068,val
2026-03-11 14:16:46,s3_qat,93,5e-07,0.6780547863710672,psnr_sr_rgb_sh0,30.135270073157418,30.135270073157418,30.328472874769037,28.411482217395942,28.491558444822328,30.131164881567003,30.324087306743326,28.40087791743983,28.480837463921624,0.8588418567180633,0.8190449512004853,0.858758710026741,0.8187964862585068,val
2026-03-11 14:18:46,s3_qat,94,5e-07,0.6827957429457456,psnr_sr_rgb_sh0,30.09460097020508,30.09460097020508,30.308216802280857,28.411482217395942,28.491558444822328,30.090379208737364,30.30383727930777,28.40087791743983,28.480837463921624,0.858842271566391,0.8190449512004853,0.8587588477134704,0.8187964862585068,val
2026-03-11 14:20:46,s3_qat,95,5e-07,0.6633714032173157,psnr_sr_rgb_sh0,30.099043659257983,30.099043659257983,30.30953016647097,28.411482217395942,28.491558444822328,30.094874500658037,30.305207552464218,28.40087791743983,28.480837463921624,0.8588551270961762,0.8190449512004853,0.8587715727090836,0.8187964862585068,val
2026-03-11 14:22:50,s3_qat,96,5e-07,0.658426410695538,psnr_sr_rgb_sh0,30.102749429070876,30.102749429070876,30.31205130849729,28.411482217395942,28.491558444822328,30.098656205148764,30.307808086565046,28.40087791743983,28.480837463921624,0.8588880997896194,0.8190449512004853,0.858805183172226,0.8187964862585068,val
2026-03-11 14:24:50,s3_qat,97,5e-07,0.6750265671964735,psnr_sr_rgb_sh0,30.109803401637045,30.109803401637045,30.316408241812592,28.411482217395942,28.491558444822328,30.105754427767057,30.31213033913758,28.40087791743983,28.480837463921624,0.8588193577527999,0.8190449512004853,0.8587362200021744,0.8187964862585068,val
2026-03-11 14:26:49,s3_qat,98,5e-07,0.6684459546318976,psnr_sr_rgb_sh0,30.0597096506559,30.0597096506559,30.28663303061629,28.411482217395942,28.491558444822328,30.055445953441694,30.282248595523516,28.40087791743983,28.480837463921624,0.858851301074028,0.8190449512004853,0.8587669706344605,0.8187964862585068,val
2026-03-11 14:28:52,s3_qat,99,5e-07,0.662893346240744,psnr_sr_rgb_sh0,30.13350237338308,30.13350237338308,30.330405673552875,28.411482217395942,28.491558444822328,30.129419966696172,30.326060640814145,28.40087791743983,28.480837463921624,0.858966092467308,0.8190449512004853,0.8588826370239258,0.8187964862585068,val
2026-03-11 14:30:52,s3_qat,100,5e-07,0.6758153866510839,psnr_sr_rgb_sh0,30.116402986163006,30.116402986163006,30.31554538813663,28.411482217395942,28.491558444822328,30.11226897524481,30.31120087268617,28.40087791743983,28.480837463921624,0.8588542938232422,0.8190449512004853,0.8587713050842285,0.8187964862585068,val
2026-03-11 14:32:52,s3_qat,101,5e-07,0.654216924700886,psnr_sr_rgb_sh0,30.010341109270207,30.010341109270207,30.252294692233964,28.411482217395942,28.491558444822328,30.005963062515253,30.247802296899646,28.40087791743983,28.480837463921624,0.8587232249975204,0.8190449512004853,0.8586380034685135,0.8187964862585068,val
2026-03-11 14:34:56,s3_qat,102,5e-07,0.6639591107331216,psnr_sr_rgb_sh0,30.14349348883007,30.14349348883007,30.338586905782964,28.411482217395942,28.491558444822328,30.13958494823596,30.334375795671612,28.40087791743983,28.480837463921624,0.8589513444900513,0.8190449512004853,0.8588684886693955,0.8187964862585068,val
2026-03-11 14:36:56,s3_qat,103,5e-07,0.6580266045499593,psnr_sr_rgb_sh0,30.14717616246748,30.14717616246748,30.33920270979022,28.411482217395942,28.491558444822328,30.14318665377873,30.334888195752587,28.40087791743983,28.480837463921624,0.858958995938301,0.8190449512004853,0.8588758826255798,0.8187964862585068,val
2026-03-11 14:38:56,s3_qat,104,5e-07,0.6667166894953698,psnr_sr_rgb_sh0,30.079527437156354,30.079527437156354,30.29941741802314,28.411482217395942,28.491558444822328,30.075334262462583,30.295067451236765,28.40087791743983,28.480837463921624,0.8588420861959457,0.8190449512004853,0.8587585800886154,0.8187964862585068,val
2026-03-11 14:41:00,s3_qat,105,5e-07,0.6611022039712406,psnr_sr_rgb_sh0,30.0946595110133,30.0946595110133,30.30381729414924,28.411482217395942,28.491558444822328,30.09058687390228,30.299509989740276,28.40087791743983,28.480837463921624,0.8588680851459504,0.8190449512004853,0.8587849766016007,0.8187964862585068,val
2026-03-11 14:43:00,s3_qat,106,5e-07,0.670004905378446,psnr_sr_rgb_sh0,30.141757615822172,30.141757615822172,30.33511091164593,28.411482217395942,28.491558444822328,30.13776126173333,30.330772254019084,28.40087791743983,28.480837463921624,0.858876993060112,0.8190449512004853,0.858794829249382,0.8187964862585068,val
2026-03-11 14:44:59,s3_qat,107,5e-07,0.6573197568766773,psnr_sr_rgb_sh0,30.007906628988973,30.007906628988973,30.25200759233171,28.411482217395942,28.491558444822328,30.00355913366975,30.247519610677777,28.40087791743983,28.480837463921624,0.8587649154663086,0.8190449512004853,0.8586802631616592,0.8187964862585068,val
2026-03-11 14:47:04,s3_qat,108,5e-07,0.6742998211132363,psnr_sr_rgb_sh0,30.08559931229222,30.08559931229222,30.30151356629444,28.411482217395942,28.491558444822328,30.08131792626297,30.29705613755339,28.40087791743983,28.480837463921624,0.8587725222110748,0.8190449512004853,0.858688303232193,0.8187964862585068,val
2026-03-11 14:49:04,s3_qat,109,5e-07,0.652843208881095,psnr_sr_rgb_sh0,30.072083966373633,30.072083966373633,30.29396040889929,28.411482217395942,28.491558444822328,30.067713539393626,30.289400056644872,28.40087791743983,28.480837463921624,0.8588923960924149,0.8190449512004853,0.8588079875707626,0.8187964862585068,val
2026-03-11 14:51:04,s3_qat,110,5e-07,0.6504959590733052,psnr_sr_rgb_sh0,30.113376696667846,30.113376696667846,30.320559658770375,28.411482217395942,28.491558444822328,30.109160746472824,30.31612672058473,28.40087791743983,28.480837463921624,0.8590003156661987,0.8190449512004853,0.8589168792963028,0.8187964862585068,val
2026-03-11 14:53:08,s3_qat,111,5e-07,0.653249555490911,psnr_sr_rgb_sh0,30.128630245139675,30.128630245139675,30.334659953535812,28.411482217395942,28.491558444822328,30.124509779694026,30.330296586691606,28.40087791743983,28.480837463921624,0.8589534640312195,0.8190449512004853,0.8588709706068038,0.8187964862585068,val
2026-03-11 14:55:08,s3_qat,112,5e-07,0.666870821332559,psnr_sr_rgb_sh0,30.12308621981838,30.12308621981838,30.32991746183241,28.411482217395942,28.491558444822328,30.118939043856066,30.325565455242387,28.40087791743983,28.480837463921624,0.8590000426769256,0.8190449512004853,0.8589168989658356,0.8187964862585068,val
2026-03-11 14:57:08,s3_qat,113,5e-07,0.655072078704834,psnr_sr_rgb_sh0,30.12402838109683,30.12402838109683,30.331531483625678,28.411482217395942,28.491558444822328,30.11980198427986,30.32711332099978,28.40087791743983,28.480837463921624,0.8589311748743057,0.8190449512004853,0.8588477700948716,0.8187964862585068,val
2026-03-11 14:59:12,s3_qat,114,5e-07,0.6570511976908893,psnr_sr_rgb_sh0,30.054538591909694,30.054538591909694,30.287814552025825,28.411482217395942,28.491558444822328,30.050413367696382,30.283657781900388,28.40087791743983,28.480837463921624,0.8587626826763153,0.8190449512004853,0.8586805582046508,0.8187964862585068,val
2026-03-11 15:01:12,s3_qat,115,5e-07,0.664072886025533,psnr_sr_rgb_sh0,30.09618551081465,30.09618551081465,30.304289852556177,28.411482217395942,28.491558444822328,30.091924370437543,30.299812140013017,28.40087791743983,28.480837463921624,0.8589048367738724,0.8190449512004853,0.8588215059041977,0.8187964862585068,val
2026-03-11 15:03:12,s3_qat,116,5e-07,0.6642286268481985,psnr_sr_rgb_sh0,30.12400665169373,30.12400665169373,30.327752181636484,28.411482217395942,28.491558444822328,30.119875157188698,30.323375034496095,28.40087791743983,28.480837463921624,0.8589188289642334,0.8190449512004853,0.8588366144895554,0.8187964862585068,val
2026-03-11 15:05:17,s3_qat,117,5e-07,0.6629474608413876,psnr_sr_rgb_sh0,30.13718638339693,30.13718638339693,30.331201786673095,28.411482217395942,28.491558444822328,30.13313462662776,30.326876046971893,28.40087791743983,28.480837463921624,0.8588965845108032,0.8190449512004853,0.8588124650716782,0.8187964862585068,val
2026-03-11 15:07:17,s3_qat,118,5e-07,0.6542043922096491,psnr_sr_rgb_sh0,30.05561141658737,30.05561141658737,30.284572981935252,28.411482217395942,28.491558444822328,30.051218613608363,30.280006411730184,28.40087791743983,28.480837463921624,0.8588101804256439,0.8190449512004853,0.8587255543470382,0.8187964862585068,val
2026-03-11 15:09:16,s3_qat,119,2.5e-07,0.6534077248722315,psnr_sr_rgb_sh0,30.128386357846566,30.128386357846566,30.329481950974223,28.411482217395942,28.491558444822328,30.12404496707892,30.324874870447626,28.40087791743983,28.480837463921624,0.8589593613147736,0.8190449512004853,0.85887500166893,0.8187964862585068,val
